PSOE,date,firm,sample_size,week
28.4,2011-12-15,Metroscopia,1000,1150
26.5,2012-01-05,Metroscopia,1000,1201
28.8,2012-01-06,Celeste-Tel,1100,1201
28,2012-01-15,CIS,2480,1202
27.8,2012-01-20,NC Report,1000,1203
27.4,2012-02-07,Celeste-Tel,1100,1206
23,2012-02-09,Metroscopia,1003,1206
25.6,2012-02-17,NC Report,4800,1207
28.2,2012-02-28,GESOP,1000,1209
24.4,2012-03-01,Metroscopia,1007,1209
26.1,2012-03-07,Celeste-Tel,1100,1210
28.9,2012-04-09,Celeste-Tel,1100,1215
24.9,2012-04-11,Simple Lógica,1026,1215
23,2012-04-12,Metroscopia,1000,1215
29.6,2012-04-17,CIS,2484,1216
28.8,2012-05-08,Celeste-Tel,1100,1219
25.8,2012-05-10,Metroscopia,1001,1219
27.1,2012-05-11,Simple Lógica,1015,1219
27.9,2012-05-30,NC Report,955,1222
29.3,2012-06-07,Celeste-Tel,1100,1223
25.9,2012-06-07,Metroscopia,1004,1223
29.2,2012-06-14,Sigma Dos,1000,1224
24.4,2012-06-15,Simple Lógica,1017,1224
28.1,2012-06-18,GESOP,1000,1225
23.1,2012-06-28,DYM,857,1226
23.1,2012-07-05,Metroscopia,1000,1227
29.4,2012-07-06,Celeste-Tel,1100,1227
29.9,2012-07-10,CIS,2484,1228
27.7,2012-07-10,Simple Lógica,1006,1228
29.6,2012-07-19,Sigma Dos,1000,1229
24.7,2012-07-26,Metroscopia,1000,1230
29.5,2012-07-27,Celeste-Tel,1100,1230
28.3,2012-07-31,NC Report,955,1231
24.7,2012-08-10,Simple Lógica,2009,1232
24.1,2012-09-06,Metroscopia,1000,1236
29.9,2012-09-07,Celeste-Tel,1100,1236
24.8,2012-09-12,MyWord,1100,1237
26,2012-09-13,Simple Lógica,1776,1237
23.9,2012-10-04,Metroscopia,1000,1240
28,2012-10-05,Celeste-Tel,1100,1240
28.6,2012-10-14,CIS,2484,1241
27.3,2012-10-17,Intercampo,1724,1242
22.3,2012-10-31,MyWord,1000,1244
22.9,2012-11-07,Metroscopia,1000,1245
24.3,2012-11-08,Simple Lógica,1025,1245
28.3,2012-11-09,Celeste-Tel,1100,1245
22.7,2012-11-29,Metroscopia,1000,1248
23,2012-12-10,Simple Lógica,1009,1250
28.5,2012-12-12,Celeste-Tel,1100,1250
30.7,2012-12-28,Sigma Dos,1000,1252
28.6,2013-01-09,Celeste-Tel,1100,1302
23.3,2013-01-10,Metroscopia,1000,1302
30.2,2013-01-14,CIS,2483,1303
26.3,2013-01-21,NC Report,955,1304
28,2013-01-29,GESOP,1000,1305
23.5,2013-02-01,Metroscopia,2000,1305
28.6,2013-02-06,Celeste-Tel,1100,1306
28.2,2013-02-08,Sigma Dos,1000,1306
23.1,2013-02-28,Metroscopia,1000,1309
27.8,2013-03-06,Celeste-Tel,1100,1310
21.5,2013-03-08,Simple Lógica,1017,1310
23,2013-04-04,Metroscopia,1000,1314
27.1,2013-04-05,Celeste-Tel,1100,1314
28.2,2013-04-08,CIS,2482,1315
21.4,2013-04-08,Simple Lógica,1010,1315
26.7,2013-05-07,Celeste-Tel,1100,1319
24.4,2013-05-08,MyWord,1000,1319
20.2,2013-05-09,Metroscopia,1000,1319
25.3,2013-05-10,Sigma Dos,1000,1319
22.4,2013-05-10,Simple Lógica,987,1319
25.1,2013-05-18,Metroscopia,14000,1320
25.2,2013-05-23,NC Report,955,1321
25.7,2013-05-30,GAD3,1000,1322
25.6,2013-06-03,Asturbarómetro,403,1323
21.5,2013-06-06,Metroscopia,1000,1323
26.5,2013-06-07,Celeste-Tel,1100,1323
21.2,2013-06-11,Simple Lógica,1018,1324
22,2013-06-18,MyWord,1000,1325
25.5,2013-06-28,GESOP,1000,1326
21.6,2013-07-04,Metroscopia,1000,1327
27,2013-07-05,Celeste-Tel,1100,1327
24.2,2013-07-09,Simple Lógica,1012,1328
27.2,2013-07-10,CIS,2476,1328
27.8,2013-07-18,Sigma Dos,1000,1329
27.5,2013-07-25,Metroscopia,1000,1330
27.1,2013-07-31,Celeste-Tel,1100,1331
25,2013-07-31,TNS Demoscopia,1000,1331
22.2,2013-08-10,Simple Lógica,1025,1332
20.9,2013-08-30,MyWord,1000,1335
30.5,2013-09-05,Metroscopia,700,1336
27.8,2013-09-06,Celeste-Tel,1100,1336
25.2,2013-09-06,Feedback,1500,1336
27.4,2013-09-13,GAD3,935,1337
26.5,2013-09-20,NC Report,955,1338
29,2013-10-03,Metroscopia,1000,1340
28.1,2013-10-05,Celeste-Tel,1100,1340
21.6,2013-10-07,Simple Lógica,1001,1341
26.8,2013-10-09,CIS,2485,1341
25.8,2013-10-10,GAD3,805,1341
26.9,2013-10-11,NC Report,920,1341
34.8,2013-10-14,Intercampo,1726,1342
21.2,2013-10-31,DYM,967,1344
22.7,2013-11-04,MyWord,1000,1345
28.2,2013-11-07,Celeste-Tel,1100,1345
21.7,2013-11-13,Simple Lógica,1959,1346
28.5,2013-11-14,GAD3,801,1346
27,2013-11-14,Sigma Dos,1000,1346
25.1,2013-11-28,GESOP,1000,1348
28.4,2013-11-28,NC Report,955,1348
31.5,2013-11-30,Metroscopia,12000,1348
28.6,2013-12-05,Celeste-Tel,1100,1349
22.8,2013-12-10,Simple Lógica,1044,1350
24.4,2013-12-28,Sigma Dos,1000,1352
28.8,2014-01-07,Celeste-Tel,1100,1402
33.5,2014-01-09,Metroscopia,1200,1402
22,2014-01-10,Simple Lógica,1030,1402
26.6,2014-01-15,CIS,2480,1403
24.9,2014-01-23,GESOP,1000,1404
28.7,2014-02-06,Celeste-Tel,1100,1406
31.7,2014-02-06,Metroscopia,1200,1406
20.3,2014-02-10,Simple Lógica,1119,1407
26.3,2014-02-13,GAD3,1000,1407
23.2,2014-02-19,MyWord,1000,1408
26.7,2014-03-01,NC Report,630,1409
32,2014-03-04,Metroscopia,1200,1410
28.9,2014-03-06,Celeste-Tel,1100,1410
22.8,2014-03-07,Simple Lógica,1068,1410
27.8,2014-03-14,NC Report,955,1411
32.3,2014-04-01,Metroscopia,1200,1414
28.9,2014-04-05,Celeste-Tel,1100,1414
26.2,2014-04-07,CIS,2469,1415
23.8,2014-04-09,Simple Lógica,1020,1415
30.2,2014-04-15,Sigma Dos,1000,1416
29,2014-05-08,Celeste-Tel,1100,1419
27.1,2014-05-08,Feedback,1500,1419
25.7,2014-05-15,Sigma Dos,1111,1420
19.4,2014-05-31,GESOP,1000,1422
22.3,2014-06-06,Celeste-Tel,1100,1423
21.9,2014-06-11,NC Report,955,1424
14.7,2014-06-14,Simple Lógica,1035,1424
23.2,2014-07-05,Celeste-Tel,1100,1427
15.1,2014-07-08,Simple Lógica,1112,1428
21.2,2014-07-09,CIS,2471,1428
24.1,2014-07-24,Celeste-Tel,1100,1430
31.7,2014-07-24,Metroscopia,1200,1430
16.7,2014-08-08,Simple Lógica,1053,1432
22.3,2014-08-28,Sigma Dos,1000,1435
23.4,2014-08-30,NC Report,900,1435
24.5,2014-09-05,Celeste-Tel,1100,1436
23.3,2014-09-12,NC Report,955,1437
30.9,2014-09-30,Metroscopia,1000,1440
25.4,2014-10-07,Celeste-Tel,1100,1441
23.9,2014-10-13,CIS,2480,1442
23.7,2014-10-16,Sigma Dos,1100,1442
23.9,2014-10-25,Asturbarómetro,402,1443
26.2,2014-10-29,Metroscopia,1000,1444
19.5,2014-11-06,DYM,985,1445
24.5,2014-11-07,Celeste-Tel,1100,1445
18.2,2014-11-12,Simple Lógica,1030,1446
20.1,2014-11-19,Sigma Dos,1000,1447
27.7,2014-12-03,Metroscopia,1000,1449
19.6,2014-12-04,Sigma Dos,1000,1449
24.1,2014-12-05,Celeste-Tel,1100,1449
19.3,2014-12-10,Simple Lógica,1039,1450
19.8,2014-12-15,GESOP,1000,1451
18.7,2014-12-18,Sigma Dos,1800,1451
22,2014-12-19,Invymark,1200,1451
23.4,2014-12-30,NC Report,1600,1401
19,2015-01-06,MyWord,1001,1502
23.5,2015-01-08,Metroscopia,1000,1502
23.8,2015-01-09,Celeste-Tel,1100,1502
22.2,2015-01-12,CIS,2481,1503
19.4,2015-01-14,Sigma Dos,1800,1503
18.6,2015-01-14,Simple Lógica,1025,1503
19.2,2015-01-16,GAD3,1000,1503
21.4,2015-01-29,Sigma Dos,1000,1505
18.3,2015-02-04,Metroscopia,1000,1506
24.4,2015-02-06,Celeste-Tel,1100,1506
20.1,2015-02-06,Invymark,1200,1506
17.8,2015-02-09,Simple Lógica,1058,1507
19.5,2015-02-11,MyWord,1000,1507
20.1,2015-02-12,Sigma Dos,1800,1507
19.9,2015-02-26,Encuestamos,600,1509
20.2,2015-03-04,Metroscopia,1000,1510
26.4,2015-03-06,Celeste-Tel,1100,1510
19.1,2015-03-09,MyWord,1000,1511
18.7,2015-03-13,Simple Lógica,1058,1511
23.6,2015-03-26,Encuestamos,900,1513
20.3,2015-03-27,Invymark,1200,1513
23.5,2015-04-02,NC Report,900,1514
26.6,2015-04-08,Celeste-Tel,1100,1515
21.9,2015-04-09,Metroscopia,1000,1515
19.7,2015-04-09,Sigma Dos,1800,1515
24.3,2015-04-12,CIS,2479,1515
19.1,2015-04-13,GESOP,1000,1516
21.1,2015-04-13,Simple Lógica,1059,1516
24,2015-04-20,Encuestamos,1000,1517
21,2015-04-22,MyWord,1000,1517
23.8,2015-04-25,NC Report,900,1517
26.6,2015-05-08,Celeste-Tel,1100,1519
24.3,2015-05-12,Encuestamos,1000,1520
19.2,2015-05-12,Simple Lógica,1064,1520
22,2015-05-29,Invymark,1200,1522
23,2015-06-02,Metroscopia,2000,1523
27.2,2015-06-05,Celeste-Tel,1100,1523
24.2,2015-06-06,NC Report,900,1523
19.4,2015-06-10,Simple Lógica,1026,1524
21.1,2015-06-14,TNS Demoscopia,1087,1524
26.1,2015-06-17,Sigma Dos,1800,1525
25.2,2015-06-23,Encuestamos,1450,1526
24.4,2015-06-26,Demoscopia Servicios,1800,1526
23,2015-06-26,Invymark,1200,1526
24.4,2015-06-27,NC Report,900,1526
22.5,2015-07-02,Metroscopia,1000,1527
27.4,2015-07-07,Celeste-Tel,1100,1528
25.5,2015-07-08,GAD3,1000,1528
24.9,2015-07-09,CIS,2486,1528
23.1,2015-07-09,Simple Lógica,1040,1528
23.3,2015-07-10,Invymark,1200,1528
22.2,2015-07-12,TNS Demoscopia,1000,1528
24.8,2015-07-16,NC Report,955,1529
22.6,2015-07-19,TNS Demoscopia,910,1529
25.4,2015-07-20,Encuestamos,1450,1530
23.5,2015-07-22,Metroscopia,1000,1530
24.2,2015-07-23,Sigma Dos,1800,1530
25.1,2015-07-24,Demoscopia Servicios,1800,1530
23,2015-07-26,TNS Demoscopia,920,1530
22.9,2015-08-02,TNS Demoscopia,1075,1531
27.6,2015-08-07,Celeste-Tel,1100,1532
22.4,2015-08-09,TNS Demoscopia,1080,1532
21.4,2015-08-11,Simple Lógica,1022,1533
22.9,2015-08-16,TNS Demoscopia,1086,1533
26,2015-08-23,Encuestamos,1500,1534
22.6,2015-08-23,TNS Demoscopia,1112,1534
25.9,2015-08-27,MyWord,1001,1535
24.9,2015-08-29,NC Report,900,1535
22.8,2015-08-30,TNS Demoscopia,1118,1535
22.7,2015-09-05,Sondaxe,1000,1536
22.5,2015-09-06,TNS Demoscopia,1096,1536
27.4,2015-09-07,Celeste-Tel,1100,1537
25.6,2015-09-11,Demoscopia Servicios,1800,1537
24.6,2015-09-11,Metroscopia,1800,1537
22,2015-09-13,TNS Demoscopia,1040,1537
22.5,2015-09-20,TNS Demoscopia,1054,1538
26.1,2015-09-24,Encuestamos,1600,1539
23,2015-09-27,TNS Demoscopia,1060,1539
26.5,2015-10-02,Demoscopia Servicios,1000,1540
24.8,2015-10-02,NC Report,1500,1540
21.9,2015-10-04,TNS Demoscopia,1040,1540
27.1,2015-10-07,Celeste-Tel,1100,1541
23.5,2015-10-08,Metroscopia,1200,1541
20.3,2015-10-09,Simple Lógica,1047,1541
21,2015-10-11,TNS Demoscopia,1072,1541
25.3,2015-10-12,CIS,2493,1542
23.7,2015-10-15,Sigma Dos,1800,1542
24.9,2015-10-17,NC Report,1500,1542
21.3,2015-10-18,TNS Demoscopia,1050,1542
21.8,2015-10-19,GAD3,2600,1543
24.1,2015-10-22,Demoscopia Servicios,1500,1543
20.5,2015-10-25,TNS Demoscopia,1009,1543
18.2,2015-10-26,DYM,1002,1544
26.3,2015-10-26,Encuestamos,1800,1544
21.6,2015-10-26,MyWord,1001,1544
21,2015-10-28,Metroscopia,1400,1544
22.1,2015-10-29,GAD3,2800,1544
19.3,2015-11-01,TNS Demoscopia,1010,1544
22.4,2015-11-04,GAD3,3300,1545
24,2015-11-06,Celeste-Tel,1100,1545
22.3,2015-11-06,Demoscopia Servicios,1800,1545
20.3,2015-11-08,IBES,2508,1545
19.6,2015-11-08,TNS Demoscopia,1014,1545
19.3,2015-11-09,Sondaxe,1000,1546
22.1,2015-11-12,GAD3,3100,1546
23.8,2015-11-13,Celeste-Tel,1100,1546
20.5,2015-11-15,TNS Demoscopia,1018,1546
20.8,2015-11-16,CIS,17452,1547
20.4,2015-11-16,Simple Lógica,1746,1547
25.7,2015-11-17,Encuestamos,1800,1547
22.8,2015-11-19,GAD3,3000,1547
23.9,2015-11-20,Celeste-Tel,1100,1547
20.6,2015-11-22,TNS Demoscopia,1018,1547
25.4,2015-11-24,Encuestamos,1800,1548
22.5,2015-11-25,Metroscopia,1200,1548
21.2,2015-11-26,Demoscopia Servicios,1500,1548
23.1,2015-11-26,GAD3,4300,1548
20.2,2015-11-26,Sigma Dos,1500,1548
23.9,2015-11-27,Celeste-Tel,1100,1548
20.8,2015-11-27,Invymark,1200,1548
23.1,2015-11-27,NC Report,3000,1548
21.4,2015-11-28,GESOP,1816,1548
20,2015-11-29,TNS Demoscopia,1033,1548
25.2,2015-12-01,Encuestamos,1800,1549
21.5,2015-12-01,Redondo & Asociados,1500,1549
21.5,2015-12-03,GAD3,5700,1549
19.4,2015-12-03,Sigma Dos,1800,1549
21,2015-12-04,A+M,5000,1549
23.1,2015-12-04,Celeste-Tel,1100,1549
22.7,2015-12-04,NC Report,1500,1549
19.4,2015-12-04,Sondaxe,1000,1549
20.4,2015-12-06,TNS Demoscopia,1035,1549
24.9,2015-12-07,Encuestamos,1800,1550
17,2015-12-09,DYM,1012,1550
21.7,2015-12-09,MyWord,1500,1550
20.8,2015-12-09,Redondo & Asociados,1500,1550
20.3,2015-12-09,Sigma Dos,8350,1550
20.5,2015-12-10,IBES,1800,1550
21,2015-12-10,Metroscopia,2800,1550
22.7,2015-12-11,Celeste-Tel,1100,1550
19.7,2015-12-11,Demoscopia Servicios,1500,1550
21.2,2015-12-11,GAD3,7300,1550
22.7,2015-12-11,Hamalgama–Ágora Integral,1206,1550
18.2,2015-12-11,Simple Lógica,1005,1550
20.8,2015-12-12,GESOP,800,1550
22,2015-12-12,NC Report,3000,1550
18.9,2015-12-13,TNS Demoscopia,1017,1550
22.9,2015-12-14,Encuestamos,2000,1551
21,2015-12-14,GAD3,3200,1551
21.3,2015-12-14,GIPEyOP,17195,1551
20.5,2016-01-11,CIS,2496,1602
23.5,2016-01-11,IMOP,1000,1602
20.4,2016-01-12,Simple Lógica,1050,1602
22.4,2016-01-14,Estudio de Sociología Consultores,2200,1602
21.1,2016-01-14,Metroscopia,1200,1602
21.9,2016-01-15,Celeste-Tel,1100,1602
22.2,2016-01-15,Encuestamos,1800,1602
22.1,2016-01-15,NC Report,955,1602
21.3,2016-01-19,MyWord,1000,1603
21.3,2016-01-21,GAD3,802,1603
21.1,2016-01-21,NC Report,1900,1603
19.4,2016-01-25,Redondo & Asociados,13000,1604
23.3,2016-02-04,Metroscopia,1000,1605
22.4,2016-02-05,Celeste-Tel,1100,1605
21.7,2016-02-05,Simple Lógica,1048,1605
20.8,2016-02-11,GAD3,800,1606
22.3,2016-02-16,GIPEyOP,1960,1607
24.2,2016-02-17,Encuestamos,1800,1607
21.4,2016-02-18,NC Report,1400,1607
23.1,2016-02-18,Sigma Dos,1000,1607
22.1,2016-02-23,DYM,1071,1608
20.3,2016-02-26,Invymark,1200,1608
21.8,2016-03-04,NC Report,1400,1609
22.6,2016-03-05,Celeste-Tel,1100,1609
21.9,2016-03-08,GESOP,1000,1610
23.1,2016-03-09,Metroscopia,1200,1610
21.6,2016-03-09,Simple Lógica,1206,1610
22,2016-03-09,Sondaxe,1002,1610
24.2,2016-03-10,GAD3,800,1610
22,2016-03-11,NC Report,2300,1610
20.9,2016-03-14,MyWord,1004,1611
22.1,2016-03-17,NC Report,1000,1611
23.2,2016-03-20,Encuestamos,2000,1611
22.4,2016-03-27,NC Report,900,1612
21,2016-03-30,Metroscopia,1200,1613
19.3,2016-03-30,Netquest,1002,1613
22,2016-03-31,Sigma Dos,800,1613
21.6,2016-04-01,Invymark,1200,1613
22.1,2016-04-02,NC Report,1800,1613
21.8,2016-04-04,Redondo & Asociados,1000,1614
22.2,2016-04-05,Celeste-Tel,1100,1614
20.7,2016-04-06,DYM,1036,1614
20.1,2016-04-06,Metroscopia,1200,1614
23.3,2016-04-07,GAD3,800,1614
21.4,2016-04-09,NC Report,2300,1614
21.7,2016-04-10,Advice Strategic,2500,1614
21.6,2016-04-10,CIS,2490,1614
22.2,2016-04-10,IMOP,1027,1614
20.6,2016-04-12,Simple Lógica,1047,1615
21.2,2016-04-14,NC Report,955,1615
22.3,2016-04-14,TNS Demoscopia,1000,1615
21,2016-04-16,NC Report,2400,1615
23,2016-04-20,Encuestamos,2000,1616
20.2,2016-04-22,Netquest,1000,1616
22.9,2016-04-22,Sigma Dos,800,1616
20.9,2016-04-23,NC Report,2000,1616
20.3,2016-04-28,Metroscopia,1200,1617
23.2,2016-04-29,GAD3,800,1617
19.4,2016-04-29,Invymark,1200,1617
20.7,2016-04-30,NC Report,2000,1617
22.8,2016-05-02,Encuestamos,1800,1618
22.4,2016-05-06,Celeste-Tel,1100,1618
20.8,2016-05-07,NC Report,2000,1618
21.5,2016-05-10,Simple Lógica,1035,1619
21,2016-05-12,NC Report,1500,1619
19.7,2016-05-13,Netquest,1000,1619
21.2,2016-05-17,Redondo & Asociados,1000,1620
21.9,2016-05-18,GIPEyOP,2940,1620
20.1,2016-05-18,Metroscopia,1200,1620
22,2016-05-20,Celeste-Tel,1100,1620
21.1,2016-05-20,NC Report,2500,1620
21.2,2016-05-22,CIS,17488,1620
22.9,2016-05-22,Encuestamos,2000,1620
20.7,2016-05-24,MyWord,1000,1621
20.4,2016-05-25,Advice Strategic,2500,1621
21.6,2016-05-26,GAD3,1000,1621
21.3,2016-05-27,NC Report,2000,1621
20.2,2016-06-01,Metroscopia,1200,1622
23.8,2016-06-01,PSOE,1000,1622
20.3,2016-06-02,Sigma Dos,1000,1622
21.4,2016-06-03,NC Report,2000,1622
21.6,2016-06-03,Netquest,1000,1622
21.9,2016-06-05,Encuestamos,2000,1622
22.1,2016-06-07,Celeste-Tel,1100,1623
21.2,2016-06-07,GESOP,1816,1623
20.8,2016-06-08,Metroscopia,1200,1623
21.4,2016-06-09,GAD3,1016,1623
21.4,2016-06-09,Sondaxe,1005,1623
21.3,2016-06-10,NC Report,1000,1623
21,2016-06-10,Netquest,2000,1623
22.9,2016-06-10,SYM Consulting,1816,1623
21.3,2016-06-12,TNS Demoscopia,500,1623
21,2016-06-13,GESOP,900,1624
22,2016-06-14,Celeste-Tel,1100,1624
21.1,2016-06-14,GESOP,900,1624
21.1,2016-06-14,Redondo & Asociados,1000,1624
20.5,2016-06-15,Advice Strategic,2500,1624
21,2016-06-15,DYM,1011,1624
20.8,2016-06-15,GESOP,900,1624
20.5,2016-06-15,Metroscopia,1800,1624
22.5,2016-06-15,Simple Lógica,1226,1624
21.8,2016-06-16,Celeste-Tel,1100,1624
21.4,2016-06-16,GAD3,1400,1624
20.8,2016-06-16,GESOP,900,1624
20.4,2016-06-16,MyWord,1502,1624
20,2016-06-16,Sigma Dos,1500,1624
21.7,2016-06-17,A+M,4000,1624
21.8,2016-06-17,Celeste-Tel,1100,1624
21.2,2016-06-17,GESOP,900,1624
21,2016-06-17,Hamalgama–Ágora Integral,1450,1624
21.2,2016-06-17,NC Report,2000,1624
20.4,2016-06-17,Netquest,2000,1624
21.6,2016-06-18,GESOP,900,1624
22,2016-06-19,Encuestamos,2400,1624
21.9,2016-06-19,GESOP,900,1624
19.9,2016-06-19,Invymark,1200,1624
21,2016-06-19,TNS Demoscopia,500,1624
21.2,2016-06-20,GAD3,1900,1625
21.5,2016-06-20,GESOP,900,1625
22,2016-06-20,GIPEyOP,10244,1625
21.5,2016-06-21,GESOP,900,1625
21.7,2016-06-22,GESOP,900,1625
21.8,2016-06-23,GESOP,900,1625
21.8,2016-06-24,GAD3,4000,1625
21.6,2016-06-24,GESOP,900,1625
21.6,2016-06-25,GESOP,1000,1625
23.1,2016-07-11,CIS,2479,1628
22.3,2016-07-15,Simple Lógica,1033,1628
22.2,2016-07-25,NC Report,1000,1630
22.8,2016-08-10,Simple Lógica,1049,1632
22.3,2016-08-27,Celeste-Tel,1100,1634
22.4,2016-09-03,NC Report,1000,1635
22.5,2016-09-07,Estudio de Sociología Consultores,1100,1636
21.3,2016-09-08,Metroscopia,1294,1636
21.1,2016-09-09,GAD3,802,1636
22,2016-09-14,MyWord,995,1637
23.7,2016-09-14,Simple Lógica,1046,1637
19.8,2016-09-28,GAD3,2400,1639
18.6,2016-09-30,GAD3,3400,1639
19.9,2016-09-30,SocioMétrica,1000,1639
20.9,2016-10-06,Celeste-Tel,1100,1640
19.6,2016-10-06,DYM,1132,1640
19.4,2016-10-07,Estudio de Sociología Consultores,1100,1640
19.9,2016-10-07,NC Report,500,1640
17,2016-10-10,CIS,2491,1641
15.9,2016-10-11,Simple Lógica,1002,1641
18,2016-10-13,Metroscopia,1388,1641
14,2016-10-20,JJD,1800,1642
20.4,2016-11-07,Celeste-Tel,1100,1645
17.6,2016-11-08,Simple Lógica,1003,1645
17.9,2016-11-11,Metroscopia,1302,1645
18.1,2016-11-12,Estudio de Sociología Consultores,1100,1645
19.5,2016-11-19,NC Report,1000,1646
18.6,2016-11-22,MyWord,1000,1647
17.9,2016-11-30,Metroscopia,2650,1648
20,2016-12-02,Invymark,1200,1648
19.6,2016-12-02,SocioMétrica,800,1648
20.2,2016-12-07,Celeste-Tel,1100,1649
19.9,2016-12-07,Simple Lógica,1000,1649
19.2,2016-12-16,GAD3,800,1650
19.3,2016-12-17,NC Report,1000,1650
19.4,2016-12-29,Sigma Dos,1000,1652
18.8,2016-12-29,SocioMétrica,800,1652
19.9,2017-01-04,GIPEyOP,5414,1701
20.7,2017-01-09,Celeste-Tel,1100,1702
18.6,2017-01-12,CIS,2490,1702
19.1,2017-01-12,Metroscopia,1578,1702
20.4,2017-02-02,GAD3,805,1705
19.9,2017-02-02,NC Report,1000,1705
21.8,2017-02-06,MyWord,1000,1706
21.3,2017-02-07,Celeste-Tel,1100,1706
21.4,2017-02-10,Simple Lógica,1005,1706
18.6,2017-02-17,SocioMétrica,800,1707
21.1,2017-02-22,GESOP,1000,1708
20.2,2017-03-02,Sigma Dos,1000,1709
22.1,2017-03-07,Celeste-Tel,1100,1710
19,2017-03-09,Metroscopia,1230,1710
20.9,2017-03-09,Simple Lógica,1006,1710
20,2017-03-15,DYM,1010,1711
20.8,2017-03-17,NC Report,1000,1711
22.6,2017-03-26,MyWord,1055,1712
20.2,2017-04-06,Metroscopia,3166,1714
22.3,2017-04-07,Celeste-Tel,1100,1714
19.9,2017-04-08,CIS,2492,1714
23.8,2017-04-10,Simple Lógica,1008,1715
21,2017-04-11,NC Report,1000,1715
21.2,2017-04-12,SocioMétrica,800,1715
22.5,2017-05-05,Celeste-Tel,1100,1718
23.5,2017-05-10,Sigma Dos,1200,1719
22.3,2017-05-12,Simple Lógica,1002,1719
25.9,2017-06-01,GAD3,805,1722
22.8,2017-06-01,Metroscopia,1768,1722
24.8,2017-06-01,MyWord,1008,1722
20.5,2017-06-01,NC Report,1000,1722
23.5,2017-06-07,Celeste-Tel,1100,1723
25.3,2017-06-09,Simple Lógica,1004,1723
24.2,2017-06-16,SocioMétrica,800,1724
25,2017-06-28,DYM,1219,1726
21.6,2017-06-28,Metroscopia,1017,1726
24.4,2017-07-07,Celeste-Tel,1100,1727
22.3,2017-07-09,NC Report,1000,1727
24.9,2017-07-10,CIS,2490,1728
24.1,2017-07-10,Simple Lógica,1003,1728
23.6,2017-07-12,MyWord,1003,1728
22,2017-07-18,Metroscopia,1700,1729
25,2017-08-07,Celeste-Tel,1100,1732
26.1,2017-09-07,MyWord,1003,1736
26.4,2017-09-07,Sigma Dos,1000,1736
25.4,2017-09-08,Celeste-Tel,1100,1736
23.9,2017-09-08,GAD3,1000,1736
25,2017-09-14,Simple Lógica,1078,1737
21.8,2017-10-06,GAD3,1238,1740
23.6,2017-10-10,Celeste-Tel,1100,1741
24.2,2017-10-10,Simple Lógica,1053,1741
24.2,2017-10-11,CIS,2487,1741
24,2017-10-11,DYM,982,1741
22,2017-10-14,NC Report,1000,1741
24.9,2017-10-20,Invymark,1100,1742
26,2017-10-26,Sigma Dos,1250,1743
25.1,2017-11-02,Invymark,1200,1744
24.8,2017-11-03,SocioMétrica,800,1744
22.7,2017-11-08,Metroscopia,1730,1745
24.8,2017-11-08,Simple Lógica,1071,1745
24.2,2017-11-10,Celeste-Tel,1100,1745
24.7,2017-12-07,Celeste-Tel,1100,1749
23.8,2017-12-13,Simple Lógica,1077,1750
22.5,2017-12-29,SocioMétrica,1000,1752
23.8,2017-12-30,NC Report,1000,1752
25.1,2018-01-05,Celeste-Tel,1100,1801
23.4,2018-01-08,Simple Lógica,1079,1802
24.2,2018-01-11,GAD3,800,1802
21.6,2018-01-11,Metroscopia,1332,1802
23.1,2018-01-14,CIS,2477,1802
23.7,2018-02-07,GAD3,1002,1806
21.4,2018-02-07,Simple Lógica,1065,1806
20.1,2018-02-08,Metroscopia,1321,1806
25.5,2018-02-09,Celeste-Tel,1100,1806
21.3,2018-02-14,MyWord,1000,1807
21.5,2018-02-27,IMOP,1402,1809
24,2018-03-02,NC Report,1000,1809
19.4,2018-03-05,Metroscopia,1175,1810
24.3,2018-03-07,Celeste-Tel,1100,1810
21,2018-03-07,Simple Lógica,1076,1810
22.1,2018-03-14,GAD3,1008,1811
20.4,2018-03-16,MyWord,1002,1811
19.7,2018-03-27,Sigma Dos,1000,1813
19.4,2018-03-29,SocioMétrica,1000,1813
19.1,2018-04-05,Metroscopia,1278,1814
24.1,2018-04-06,Celeste-Tel,1100,1814
20.2,2018-04-09,Simple Lógica,1062,1815
23.5,2018-04-13,NC Report,1000,1815
20.5,2018-04-18,GESOP,1000,1816
24.9,2018-04-30,Celeste-Tel,1000,1818
19,2018-05-09,Metroscopia,1726,1819
20.1,2018-05-10,Simple Lógica,1067,1819
23.6,2018-05-25,NC Report,1000,1821
20.3,2018-05-26,SocioMétrica,1700,1821
20.6,2018-05-28,IMOP,1015,1822
25.8,2018-06-08,Celeste-Tel,1100,1823
28.8,2018-06-08,GAD3,800,1823
26.7,2018-06-08,Simple Lógica,1030,1823
24.9,2018-06-09,NC Report,1200,1823
27.1,2018-06-12,DYM,1019,1824
28.6,2018-06-13,GESOP,800,1824
23.9,2018-06-22,SocioMétrica,1000,1825
26.3,2018-06-30,NC Report,1000,1826
27.1,2018-07-06,Celeste-Tel,1100,1827
27.2,2018-07-06,Simple Lógica,1048,1827
29.9,2018-07-10,CIS,2485,1828
26.3,2018-07-12,Sigma Dos,1000,1828
25.3,2018-07-25,Demoscopia Servicios,1080,1830
26.6,2018-07-25,Metroscopia,2260,1830
27.9,2018-07-26,GAD3,804,1830
27.4,2018-07-27,NC Report,1000,1830
25.5,2018-08-03,Simple Lógica,1029,1831
28,2018-08-07,Celeste-Tel,1100,1832
25.8,2018-08-30,SocioMétrica,1200,1835
27.8,2018-08-31,NC Report,1000,1835
28.2,2018-09-07,Celeste-Tel,1100,1836
27,2018-09-07,GAD3,1001,1836
24.8,2018-09-07,Simple Lógica,1010,1836
30.5,2018-09-11,CIS,2972,1837
26.5,2018-09-11,IMOP,1012,1837
26.5,2018-09-19,DYM,1017,1838
27.7,2018-09-19,Metroscopia,1095,1838
25.3,2018-10-02,Simple Lógica,1000,1840
27.7,2018-10-05,Celeste-Tel,1100,1840
25.2,2018-10-05,Simple Lógica,1055,1840
31.6,2018-10-09,CIS,2973,1841
26.8,2018-10-11,NC Report,1000,1841
25.2,2018-10-18,Metroscopia,2278,1842
25.3,2018-10-30,GESOP,911,1844
26.9,2018-11-09,Celeste-Tel,1100,1845
26.5,2018-11-09,NC Report,1000,1845
31.2,2018-11-11,CIS,2974,1845
24.1,2018-11-14,Simple Lógica,1019,1846
23.2,2018-12-07,Invymark,1200,1849
25.2,2018-12-11,Celeste-Tel,1100,1850
22.2,2018-12-12,Metroscopia,1895,1850
25.8,2018-12-13,IMOP,1036,1850
24.2,2018-12-14,GAD3,1005,1850
24.8,2018-12-14,NC Report,1000,1850
23.2,2018-12-14,Simple Lógica,1204,1850
22.5,2018-12-14,SocioMétrica,900,1850
24.1,2018-12-16,Sigma Dos,1000,1850
22.6,2018-12-27,Sigma Dos,1000,1852
22.4,2019-01-05,SocioMétrica,2200,1901
24.1,2019-01-08,Celeste-Tel,1100,1902
25.1,2019-01-09,Simple Lógica,1042,1902
29.9,2019-01-13,CIS,2989,1902
23.7,2019-01-15,Metroscopia,2332,1903
26.5,2019-01-24,GAD3,1800,1904
24.2,2019-01-25,NC Report,1000,1904
23.7,2019-02-08,Celeste-Tel,1100,1906
25.4,2019-02-08,Simple Lógica,1017,1906
27.9,2019-02-10,CIS,2964,1906
27.6,2019-02-13,Metroscopia,1995,1907
28.2,2019-02-15,GAD3,1200,1907
27.4,2019-02-15,GESOP,1000,1907
24.1,2019-02-15,NC Report,1000,1907
24.3,2019-02-15,SocioMétrica,1000,1907
28.2,2019-02-21,Sondaxe,1500,1908
28.9,2019-02-22,GAD3,800,1908
27.3,2019-02-22,Sigma Dos,1200,1908
30.6,2019-03-08,GAD3,1000,1910
27.6,2019-03-08,SocioMétrica,1600,1910
25.4,2019-03-11,Celeste-Tel,1100,1911
31.2,2019-03-13,Simple Lógica,1092,1911
26,2019-03-15,NC Report,1000,1911
30.6,2019-03-18,CIS,16194,1912
27.1,2019-03-19,40dB,1500,1912
26.9,2019-03-20,Sondaxe,1000,1912
30.9,2019-03-22,GAD3,7500,1912
26.9,2019-03-22,NC Report,1000,1912
30.5,2019-03-23,IMOP,1399,1912
28.7,2019-03-25,Metroscopia,2722,1913
31,2019-03-26,IMOP,1400,1913
27,2019-03-27,Celeste-Tel,1100,1913
27.7,2019-03-27,Demoscopia Servicios,1175,1913
29,2019-03-29,SocioMétrica,1600,1913
30,2019-04-02,IMOP,1431,1914
27.2,2019-04-03,Celeste-Tel,1100,1914
31.1,2019-04-04,GAD3,4000,1914
29.8,2019-04-05,GESOP,1500,1914
30.5,2019-04-05,Simple Lógica,1054,1914
31.3,2019-04-09,GAD3,2000,1915
30.9,2019-04-09,GAD3,2000,1915
31,2019-04-09,IMOP,1407,1915
27.3,2019-04-10,Celeste-Tel,1100,1915
27.9,2019-04-11,Demoscopia Servicios,920,1915
29.9,2019-04-12,SocioMétrica,1800,1915
27.8,2019-04-15,Top Position,1200,1916
30.4,2019-04-16,IMOP,1400,1916
29.1,2019-04-16,Metroscopia,4775,1916
28.1,2019-04-17,Celeste-Tel,1100,1916
29,2019-04-17,DYM,1025,1916
30.3,2019-04-17,Sigma Dos,8000,1916
28.8,2019-04-18,40dB,2000,1916
28.4,2019-04-18,Demoscopia Servicios,950,1916
30.9,2019-04-18,Sondaxe,1000,1916
28.1,2019-04-19,NC Report,1000,1916
28.9,2019-04-20,Celeste-Tel,1100,1916
29.5,2019-04-21,SocioMétrica,1800,1916
36.62,2019-05-11,CIS,2985,1919
33.7,2019-05-14,Simple Lógica,1058,1920
30.4,2019-06-07,Demoscopia Servicios,1000,1923
30.6,2019-06-11,Celeste-Tel,1100,1924
32,2019-06-11,Simple Lógica,1090,1924
30.5,2019-06-13,NC Report,1000,1924
32.6,2019-06-21,Sigma Dos,1000,1925
31.2,2019-07-05,Celeste-Tel,1100,1927
36.6,2019-07-06,Invymark,1200,1927
32.7,2019-07-09,Simple Lógica,1037,1928
32.6,2019-07-11,CIS (El Mundo estimate),2952,1928
31,2019-07-12,Metroscopia,1251,1928
29.3,2019-07-26,SocioMétrica,1000,1930
31.4,2019-08-05,Simple Lógica,1074,1932
30.9,2019-08-07,Celeste-Tel,1100,1932
29.5,2019-08-24,NC Report,1000,1934
33.4,2019-08-29,Sigma Dos,1000,1935
31.3,2019-08-30,SocioMétrica,1100,1935
30.5,2019-09-05,Celeste-Tel,1100,1936
32.1,2019-09-06,GAD3,1000,1936
30.6,2019-09-06,Simple Lógica,1089,1936
29.8,2019-09-12,DYM,1001,1937
30.3,2019-09-20,40dB,1544,1938
28,2019-09-20,Ipsos,1837,1938
28.6,2019-09-20,SocioMétrica,1000,1938
28.6,2019-09-21,NC Report,1000,1938
29.4,2019-09-23,Celeste-Tel,1100,1939
27.2,2019-09-25,GAD3,1207,1939
26.1,2019-09-26,Sondaxe,1001,1939
28,2019-10-03,GESOP,1005,1940
28.3,2019-10-03,IMOP,1227,1940
27.2,2019-10-04,Celeste-Tel,1100,1940
27.2,2019-10-04,GAD3,3121,1940
26.1,2019-10-04,Hamalgama,900,1940
29.1,2019-10-04,Simple Lógica,1046,1940
27.2,2019-10-04,SocioMétrica,1000,1940
27.9,2019-10-08,Sigma Dos,1600,1941
26.4,2019-10-10,Hamalgama,1000,1941
27.3,2019-10-11,Celeste-Tel,1100,1941
28.4,2019-10-11,GAD3,3121,1941
27.4,2019-10-12,SocioMétrica,1000,1941
26.5,2019-10-15,Hamalgama,1000,1942
27,2019-10-17,Celeste-Tel,1100,1942
26.7,2019-10-17,Ipsos,2000,1942
27,2019-10-17,Sigma Dos,1600,1942
28.7,2019-10-18,GAD3,3233,1942
26.4,2019-10-18,Hamalgama,1000,1942
26.5,2019-10-22,Hamalgama,1000,1943
27.3,2019-10-22,Sigma Dos,1600,1943
27.7,2019-10-24,Celeste-Tel,1100,1943
27.3,2019-10-24,GAD3,2730,1943
27.5,2019-10-25,NC Report,1000,1943
25.5,2019-10-26,SocioMétrica,1100,1943
27.1,2019-10-27,SYM Consulting,1923,1943
27.3,2019-10-29,40db,2002,1944
27.1,2019-10-29,Hamalgama,1000,1944
26,2019-10-29,Ipsos,2000,1944
27.5,2019-10-29,Sigma Dos,1800,1944
26.8,2019-10-30,DYM,1005,1944
27.4,2019-10-31,GAD3,7900,1944
27.7,2019-10-31,GESOP,1504,1944
27.2,2019-10-31,Hamalgama,1000,1944
27.9,2019-10-31,Sigma Dos,1800,1944
28,2019-11-02,IMOP,1639,1944
25.1,2019-11-02,SocioMétrica,1100,1944
28.5,2019-11-02,SW Demoscopia,1517,1944
26.6,2019-11-04,GESOP,861,1945
26.3,2019-11-08,GESOP,903,1945
27,2019-12-12,Simple Lógica,1064,1950
27.1,2019-12-13,NC Report,1000,1950
27.2,2019-12-21,SocioMétrica,2160,1951
27.5,2019-12-27,Sigma Dos,1000,1952
26.9,2020-01-02,SW Demoscopia,1300,2001
27,2020-01-09,Celeste-Tel,1100,2002
26.5,2020-01-10,Simple Lógica,1097,2002
26.3,2020-01-10,GAD3,1000,2002
26.7,2020-01-17,NC Report,1000,2003
27.7,2020-01-18,SocioMétrica,1100,2003
26.8,2020-01-29,Metroscopia,4237,2005
27,2020-01-31,SW Demoscopia,1307,2005
27.6,2020-02-07,Celeste,1100,2006
28.5,2020-02-11,Simple Lógica,1073,2007
26.9,2020-02-14,NC Report,1000,2007
27.8,2020-02-28,SW Demoscopia,1302,2009
27.7,2020-03-06,Simple Lógica,1029,2010
24.5,2020-03-17,Demoscopia Servicios,1000,2012
26.2,2020-03-26,SyM Consulting,3104,2013
26.8,2020-03-27,DYM,1001,2013
25.5,2020-03-31,SW Demoscopia,1102,2014
28.2,2020-04-07,Simple Lógica,1057,2015
31.2,2020-04-07,CIS,3000,2015
27.9,2020-04-07,Celeste-Tel,1100,2015
31.7,2020-04-15,Sigma Dos,1000,2016
26.8,2020-04-17,Hamalgama Métrica,1000,2016
28.2,2020-04-24,SocioMétrica,1200,2017
25.1,2020-04-25,DYM,1000,2017
26.3,2020-04-30,NC Report,1000,2018
25.1,2020-05-04,Sináptica,1001,2019
30.8,2020-05-08,Simple Lógica,1019,2019
28.7,2020-05-08,GAD3,1004,2019
28.4,2020-05-08,SW Demoscopia,1104,2019
25.1,2020-05-09,Demoscopia Servicios,1200,2019
27.5,2020-05-15,GESOP,750,2020
26.1,2020-05-15,Hamalgama Métrica,1000,2020
26,2020-05-16,NC Report,1000,2020
25.1,2020-05-24,DYM,1041,2021
26.9,2020-05-30,SocioMétrica,2226,2022
29.9,2020-06-05,Simple Lógica,1012,2023
27,2020-06-05,Celeste-Tel,1100,2023
28.3,2020-06-05,GAD3,3104,2023
26,2020-06-13,NC Report,1000,2024
28.7,2020-06-17,Sigma Dos,1000,2025
25,2020-06-19,Demoscopia y Servicios,1000,2025
28.5,2020-06-26,GESOP,750,2026
26,2020-06-27,DYM,1000,2026
32.1,2020-07-09,IMOP/CIS,3032,2028
29.1,2020-07-14,GAD3,2300,2029
26.4,2020-07-18,NC Report,1000,2029
32.4,2020-07-19,CIS,2926,2029
28.7,2020-07-31,Celeste-Tel,1100,2031
29.2,2020-08-06,Simple Lógica,1046,2032
28.7,2020-08-21,SW Demoscopia,1001,2034
26.9,2020-08-29,NC Report,1000,2035
27.3,2020-08-30,SocioMétrica,1620,2035
25.7,2020-09-19,Demoscopia y Servicios,1000,2038
26.8,2020-09-19,NC Report,1000,2038
25.8,2020-09-20,DYM,1008,2038
27.3,2020-10-02,GAD3,960,2040
26.6,2020-10-17,SocioMétrica,2103,2042
27,2020-10-17,NC Report,1000,2042
25,2020-10-23,DYM,1006,2043
29.3,2020-10-23,Sigma Dos,1000,2043
26.9,2020-10-23,Hamalgama Métrica,1000,2043
26.8,2020-11-07,NC Report,1000,2045
29.2,2020-11-11,Simple Lógica,1036,2046
28.8,2020-11-12,SocioMétrica/CIS,3853,2046
23.6,2020-11-20,DYM,1001,2047
26.2,2020-12-05,Hamalgama Métrica,1000,2049
27.9,2020-12-09,Simple Lógica,1065,2050
28,2020-12-14,GAD3,2005,2051
27.9,2020-12-29,Sigma Dos,1000,2053
26.2,2020-12-30,NC Report,1000,2053
26.7,2021-01-05,SocioMétrica,1206,2101
26.7,2021-01-10,SyM Consulting,2915,2101
31.3,2021-01-11,CIS ,3820,2102
26.3,2021-01-13,Simple Lógica,1045,2102
26.4,2021-01-14,Hamalgama Métrica,1000,2102
27,2021-01-15,Celeste-Tel,1100,2102
30.7,2021-01-25,CIS,3862,2104
28.8,2021-02-05,Simple Lógica,1054,2105
30.7,2021-02-11,CIS,3869,2106
27.6,2021-02-21,Sigma Dos,1145,2107
28.7,2021-02-22,Hamalgama Métrica,1000,2108
25.4,2021-02-23,DYM,1002,2108
28.3,2021-02-23,Celeste-Tel,1100,2108
28.6,2021-02-25,GAD3,1000,2108
27.4,2021-02-28,NC Report,1000,2108
27.2,2021-03-03,Sigma Dos,1096,2109
27.1,2021-03-09,Simple Lógica,1023,2110
26.6,2021-03-31,NC Report,1000,2113
27.9,2021-04-13,Simple Lógica,1053,2115
30,2021-04-14,CIS/SocioMétrica,3823,2115
28.7,2021-04-16,GAD3,1001,2115
25.3,2021-05-06,Demoscopia y Servicios,1000,2118
25.7,2021-05-06,Sigma Dos,1000,2118
26.1,2021-05-08,NC Report,1000,2118
25.5,2021-05-11,Hamalgama Métrica,1000,2119
25.4,2021-05-18,GAD3,1202,2120
25.8,2021-05-22,NC Report,1000,2120
24.5,2021-05-24,DYM,1008,2121
25.4,2021-05-29,SocioMétrica,1100,2121
25,2021-06-01,Sigma Dos,1000,2122
25.5,2021-06-03,Data10,1000,2122
23,2021-06-09,Simple Lógica,1017,2123
25.5,2021-06-10,GAD3,1026,2123
25.9,2021-06-18,Celeste-Tel,1100,2124
25.7,2021-06-21,DYM,1002,2125
24.7,2021-06-26,NC Report,1000,2125
24.3,2021-07-01,Data10/Demoscopia y Servicios,1000,2126
25.9,2021-07-01,Sigma Dos,1020,2126
27.3,2021-07-15,GESOP,802,2128
25.9,2021-07-16,NC Report,1000,2128
24.5,2021-07-17,Data10/Demoscopia y Servicios,1000,2128
24,2021-07-19,DYM,1019,2129
25.6,2021-07-23,Celeste-Tel,1100,2129
24.7,2021-07-29,SocioMétrica,1200,2130
27.9,2021-08-04,Simple Lógica,1062,2131
24.7,2021-08-06,Data10,1000,2131
25.7,2021-08-20,Celeste-Tel,1100,2133
25.3,2021-08-27,NC Report,1000,2134
24.5,2021-09-01,Data10,1000,2135
24.4,2021-09-02,Sigma Dos,1050,2135
26.6,2021-09-10,IMOP,1309,2136
26.2,2021-09-16,Simple Lógica,1027,2137
26.3,2021-09-16,GAD3,1002,2137
25,2021-09-18,NC Report,1000,2137
26,2021-09-19,DYM,1000,2137
25,2021-09-20,Data10,1000,2138
26.1,2021-09-21,Celeste-Tel,1100,2138
26.1,2021-09-24,IMOP,1304,2138
26.2,2021-10-06,Hamalgama Métrica,1000,2140
24.9,2021-10-07,Data10,1000,2140
25,2021-10-07,SocioMétrica,1200,2140
25.8,2021-10-08,IMOP,1317,2140
28.5,2021-10-13,CIS,3660,2141
26.2,2021-10-14,GAD3,1001,2141
23.8,2021-10-15,Simple Lógica,1056,2141
25.4,2021-10-18,NC Report,1000,2142
25.5,2021-10-21,Sigma Dos,1928,2142
26.4,2021-10-22,Celeste-Tel,1100,2142
25.8,2021-10-22,IMOP,1338,2142
24.7,2021-10-24,DYM,1000,2142
25.3,2021-10-30,SW Demoscopia,1203,2143
26.5,2021-11-04,Metroscopia,2400,2144
25.2,2021-11-04,Data10,1000,2144
26.3,2021-11-06,IMOP,1342,2144
25.2,2021-11-07,NC Report,1000,2144
25.5,2021-11-08,SocioMétrica,1200,2145
25.8,2021-11-10,Hamalgama Métrica,1000,2145
27.6,2021-11-11,CIS,3779,2145
24.9,2021-11-11,GAD3,1001,2145
25.9,2021-11-11,Sigma Dos,1688,2145
24.3,2021-11-15,Simple Lógica,1026,2146
26.1,2021-11-16,Celeste-Tel,1100,2146
27.1,2021-11-19,IMOP,1343,2146
25.5,2021-11-21,DYM,1021,2146
25.9,2021-11-24,SW Demoscopia,610,2147
26.4,2021-12-01,Sigma Dos,1633,2148
25.7,2021-12-03,IMOP,1316,2148
25.5,2021-12-05,Ágora Integral,1500,2148
25.6,2021-12-09,Data10,1000,2149
25.7,2021-12-09,Hamalgama Métrica,1000,2149
25.3,2021-12-12,NC Report,1000,2149
25.5,2021-12-13,Simple Lógica,1041,2150
25.1,2021-12-16,GAD3,1003,2150
25.7,2021-12-17,IMOP,1297,2150
26,2021-12-17,Celeste-Tel,1100,2150
25.6,2021-12-19,DYM,1012,2150
26.1,2021-12-30,40dB,2000,2152
25.2,2021-12-30,IMOP,1315,2152
25.5,2021-12-30,SocioMétrica,3000,2152
25.4,2022-01-05,Data10,1000,2201
24.6,2022-01-13,Simple Lógica,1039,2202
26.4,2022-01-14,IMOP,1312,2202
26.2,2022-01-14,Celeste-Tel,1100,2202
25.7,2022-01-23,DYM,1008,2203
26.2,2022-01-28,IMOP,1325,2204
25.3,2022-01-28,NC Report,1000,2204
27.1,2022-02-01,40dB,2000,2205
26.7,2022-02-10,Simple Lógica,1903,2206
26,2022-02-16,GESOP ,1002,2207
31.9,2022-02-17,GAD3 ,1000,2207
25.9,2022-02-19,SocioMétrica,1000,2207
25.4,2022-02-19,Data10 ,1000,2207
28.1,2022-02-20,DYM,1013,2207
27.9,2022-02-25,Ágora Integral,1000,2208
26.5,2022-02-25,Target Point,1000,2208
25.7,2022-02-25,Data10,1000,2208
26.7,2022-02-28,40dB ,2000,2209
25.3,2022-03-04,Data10 ,1000,2209
25.8,2022-03-04,NC Report,1000,2209
26,2022-03-07,Sigma Dos ,1965,2210
26.3,2022-03-09,Hamalgama Métrica ,1000,2210
27.5,2022-03-12,IMOP,1303,2210
25.8,2022-03-17,Data10,1000,2211
28.7,2022-03-19,DYM ,1019,2211
25.5,2022-03-25,IMOP ,1321,2212
26.9,2022-04-06,GESOP,1000,2214
25.3,2022-04-06,GAD3,1000,2214
25,2022-04-07,Target Point ,1001,2214
24.5,2022-04-07,Data10,1000,2214
24.9,2022-04-08,IMOP,1312,2214
30.3,2022-04-09,CIS,3650,2214
25.4,2022-04-15,NC Report,1000,2215
25.3,2022-04-18,SW Demoscopia,1205,2216
26.4,2022-04-20,Celeste-Tel,1100,2216
26.5,2022-04-22,DYM,1012,2216
25.7,2022-04-23,IMOP,1323,2216
26.2,2022-04-25,40dB,2000,2217
23.9,2022-05-06,Data10,1000,2218
25.3,2022-05-07,SocioMétrica,1200,2218
26.3,2022-05-08,IMOP,1303,2218
24.1,2022-05-09,Ágora Integral,1000,2219
25.7,2022-05-11,Simple Lógica,1049,2219
30.3,2022-05-12,CIS,3865,2219
26.3,2022-05-13,Celeste-Tel ,1100,2219
25.9,2022-05-14,SW Demoscopia,1203,2219
25.5,2022-05-21,IMOP,1303,2220
27.2,2022-05-23,40dB ,2000,2221
24,2022-06-02,Data10,1000,2222
29.2,2022-06-09,CIS,3623,2223
22.4,2022-06-20,Data10,1000,2225
23.9,2022-06-22,GESOP,1001,2225
23,2022-06-24,SocioMétrica,1200,2225
26.3,2022-06-27,40dB,2000,2226
24.9,2022-06-29,Sigma Dos,1212,2226
22.6,2022-06-30,Data10,1000,2226
23.8,2022-07-01,IMOP,1307,2226
24.7,2022-07-01,SW Demoscopia,1002,2226
24.3,2022-07-06,GAD3,1003,2227
24.3,2022-07-07,Target Point,1001,2227
24.5,2022-07-08,Hamalgama Métrica,1000,2227
25.2,2022-07-12,Celeste-Tel,1100,2228
23,2022-07-14,Data10,1000,2228
24.4,2022-07-14,GAD3,1000,2228
23.8,2022-07-16,SocioMétrica,1919,2228
25.2,2022-07-17,DYM,1000,2228
24.5,2022-07-21,NC Report,1000,2229
24.2,2022-07-29,IMOP,1290,2230
24.1,2022-08-10,Hamalgama Métrica,1000,2232
23.8,2022-08-27,NC Report,1000,2234
26.4,2022-08-28,40dB,2000,2234
24.2,2022-09-01,Sigma Dos,1100,2235
22.8,2022-09-01,Data10,1000,2235
23.2,2022-09-03,SocioMétrica,1200,2235
24,2022-09-08,Target Point,1001,2236
26.9,2022-09-09,GAD3,1000,2236
24.2,2022-09-10,IMOP,1297,2236
26.7,2022-09-18,DYM,1000,2237
26.2,2022-09-22,GAD3,1009,2238
25,2022-09-24,IMOP,1271,2238
26.3,2022-09-26,40dB,2000,2239
23.3,2022-09-29,Data10,1000,2239
25.6,2022-09-29,Sigma Dos,1541,2239
24.1,2022-09-30,Celeste-Tel,1100,2239
23.9,2022-09-30,SocioMétrica,1200,2239
23.6,2022-10-06,Hamalgama Métrica,1000,2240
24.6,2022-10-08,IMOP,1313,2240
24,2022-10-14,NC Report,1000,2241
26.8,2022-10-22,IMOP,1310,2242
24.4,2022-10-27,Data10,1000,2243
26,2022-10-28,Sigma Dos,2503,2243
24.5,2022-11-02,SocioMétrica,1200,2244
26.8,2022-11-04,IMOP,1315,2244
24.4,2022-11-10,Hamalgama Métrica,1000,2245
27.6,2022-11-11,Simple Lógica,99,2245
23.8,2022-11-12,NC Report,1000,2245
26.3,2022-11-17,Invymark,1200,2246
24.3,2022-11-17,Target Point,1002,2246
26.1,2022-11-20,IMOP,1309,2246
26.8,2022-11-22,DYM,1003,2247
26.6,2022-11-23,GAD3,8191,2247
25,2022-11-24,Celeste-Tel,1100,2247
27.8,2022-11-26,40dB,2000,2247
25.9,2022-11-30,Sigma Dos,1495,2248
24.3,2022-12-01,Data10,1000,2248
26.3,2022-12-02,SocioMétrica,1200,2248
24.8,2022-12-07,Hamalgama Métrica,1000,2249
27.2,2022-12-16,IMOP,1272,2250
27,2022-12-17,DYM,1014,2250
23.6,2022-12-17,NC Report,1000,2250
24.6,2022-12-29,Data10,1500,2252
26.9,2022-12-31,40dB,2000,2252
25.6,2022-12-31,SocioMétrica,1200,2252
25.9,2023-01-04,GAD3,1002,2301
25.86,2023-01-15,Ágora Integral,1000,2302
26.9,2023-01-20,DYM,1007,2303
24.9,2023-01-20,Celeste-Tel,1100,2303
25,2023-01-26,Data10,1500,2304
26.9,2023-01-29,40dB,2000,2304
24.6,2023-02-02,Sigma Dos,1702,2305
25.4,2023-02-03,SocioMétrica,900,2305
27.7,2023-02-07,Simple Lógica,1240,2306
24.4,2023-02-09,Hamalgama Métrica,1000,2306
27.1,2023-02-19,DYM,1003,2307
26.9,2023-02-22,GAD3,1001,2308
25,2023-02-23,Data10,1500,2308
24.2,2023-02-24,NC Report,1000,2308
26.4,2023-02-26,40dB,2000,2308
26.9,2023-03-01,GESOP,1002,2309
25,2023-03-02,Sigma Dos,1772,2309
25,2023-03-03,SocioMétrica,900,2309
24.8,2023-03-06,Celeste-Tel,1100,2310
24.3,2023-03-08,Hamalgama Métrica,1000,2310
27,2023-03-19,Simple Lógica,1028,2311
25.3,2023-03-23,Data10,1500,2312
28.2,2023-03-24,DYM,1008,2312
27.6,2023-03-24,GAD3,1011,2312
22.7,2023-04-02,Data10,1500,2313
22.7,2023-04-05,Sigma Dos,1755,2314
21.9,2023-04-06,NC Report,1000,2314
23.7,2023-04-08,SocioMétrica,900,2314
26.2,2023-04-12,Simple Lógica,1014,2315
22.1,2023-04-13,Hamalgama Métrica,1000,2315
24.7,2023-04-21,DYM,1008,2316
23.2,2023-04-27,Sigma Dos,2059,2317
24.1,2023-05-05,SocioMétrica,900,2318
22.3,2023-05-06,NC Report,1000,2318
26.9,2023-05-09,GAD3,1011,2319
26.2,2023-05-11,Simple Lógica,1013,2319
21.3,2023-05-29,Data10,1500,2322
24.6,2023-05-30,IMOP,914,2322
27.3,2023-06-01,40dB,800,2322
27.6,2023-06-01,GESOP,1003,2322
23.3,2023-06-03,NC Report,1000,2322
23.9,2023-06-03,SocioMétrica,1140,2322
