macron_approve,date,week
53.47,2017-05-17,1720
53.68,2017-05-18,1720
53.89,2017-05-19,1720
54.11,2017-05-20,1720
54.03,2017-05-21,1720
53.95,2017-05-22,1721
53.99,2017-05-23,1721
53.72,2017-05-24,1721
53.45,2017-05-25,1721
53.56,2017-05-26,1721
53.59,2017-05-27,1721
53.62,2017-05-28,1721
53.65,2017-05-29,1722
53.59,2017-05-30,1722
53.54,2017-05-31,1722
53.48,2017-06-01,1722
53.42,2017-06-02,1722
53.37,2017-06-03,1722
53.31,2017-06-04,1722
53.25,2017-06-05,1723
53.2,2017-06-06,1723
53.35,2017-06-07,1723
53.49,2017-06-08,1723
53.64,2017-06-09,1723
53.79,2017-06-10,1723
53.94,2017-06-11,1723
54.09,2017-06-12,1724
54.24,2017-06-13,1724
54.39,2017-06-14,1724
54.54,2017-06-15,1724
54.69,2017-06-16,1724
54.84,2017-06-17,1724
54.86,2017-06-18,1724
54.88,2017-06-19,1725
54.89,2017-06-20,1725
54.79,2017-06-21,1725
54.69,2017-06-22,1725
54.51,2017-06-23,1725
54.32,2017-06-24,1725
54.01,2017-06-25,1725
53.69,2017-06-26,1726
53.39,2017-06-27,1726
53.08,2017-06-28,1726
52.78,2017-06-29,1726
52.32,2017-06-30,1726
52.11,2017-07-01,1726
51.89,2017-07-02,1726
51.67,2017-07-03,1727
51.46,2017-07-04,1727
51.24,2017-07-05,1727
51.18,2017-07-06,1727
51.12,2017-07-07,1727
51.06,2017-07-08,1727
50.88,2017-07-09,1727
50.7,2017-07-10,1728
50.51,2017-07-11,1728
50.33,2017-07-12,1728
50.15,2017-07-13,1728
49.96,2017-07-14,1728
49.78,2017-07-15,1728
49.59,2017-07-16,1728
49.41,2017-07-17,1729
49.23,2017-07-18,1729
48.92,2017-07-19,1729
48.62,2017-07-20,1729
48.32,2017-07-21,1729
48.01,2017-07-22,1729
47.63,2017-07-23,1729
47.24,2017-07-24,1730
46.86,2017-07-25,1730
46.47,2017-07-26,1730
46.09,2017-07-27,1730
45.84,2017-07-28,1730
45.58,2017-07-29,1730
45.33,2017-07-30,1730
45.08,2017-07-31,1731
44.82,2017-08-01,1731
44.57,2017-08-02,1731
44.43,2017-08-03,1731
44.3,2017-08-04,1731
44.17,2017-08-05,1731
44.03,2017-08-06,1731
43.9,2017-08-07,1732
43.76,2017-08-08,1732
43.63,2017-08-09,1732
43.49,2017-08-10,1732
43.36,2017-08-11,1732
43.23,2017-08-12,1732
43.09,2017-08-13,1732
42.96,2017-08-14,1733
42.82,2017-08-15,1733
42.69,2017-08-16,1733
42.55,2017-08-17,1733
42.42,2017-08-18,1733
42.28,2017-08-19,1733
42.15,2017-08-20,1733
42.02,2017-08-21,1734
41.88,2017-08-22,1734
41.75,2017-08-23,1734
41.61,2017-08-24,1734
41.37,2017-08-25,1734
41.14,2017-08-26,1734
40.93,2017-08-27,1734
40.72,2017-08-28,1735
40.5,2017-08-29,1735
40.49,2017-08-30,1735
40.49,2017-08-31,1735
40.48,2017-09-01,1735
40.47,2017-09-02,1735
40.32,2017-09-03,1735
40.18,2017-09-04,1736
40.03,2017-09-05,1736
39.88,2017-09-06,1736
39.81,2017-09-07,1736
39.74,2017-09-08,1736
39.67,2017-09-09,1736
39.82,2017-09-10,1736
39.97,2017-09-11,1737
40.12,2017-09-12,1737
40.27,2017-09-13,1737
40.48,2017-09-14,1737
40.59,2017-09-15,1737
40.71,2017-09-16,1737
40.83,2017-09-17,1737
40.95,2017-09-18,1738
41.07,2017-09-19,1738
41.19,2017-09-20,1738
41.31,2017-09-21,1738
41.43,2017-09-22,1738
41.55,2017-09-23,1738
41.53,2017-09-24,1738
41.52,2017-09-25,1739
41.5,2017-09-26,1739
41.39,2017-09-27,1739
41.28,2017-09-28,1739
41.22,2017-09-29,1739
41.17,2017-09-30,1739
41.04,2017-10-01,1739
40.92,2017-10-02,1740
40.84,2017-10-03,1740
40.77,2017-10-04,1740
40.71,2017-10-05,1740
40.66,2017-10-06,1740
40.6,2017-10-07,1740
40.55,2017-10-08,1740
40.49,2017-10-09,1741
40.44,2017-10-10,1741
40.38,2017-10-11,1741
40.33,2017-10-12,1741
40.27,2017-10-13,1741
40.21,2017-10-14,1741
40.32,2017-10-15,1741
40.44,2017-10-16,1742
40.55,2017-10-17,1742
40.66,2017-10-18,1742
40.77,2017-10-19,1742
40.79,2017-10-20,1742
40.82,2017-10-21,1742
40.81,2017-10-22,1742
40.79,2017-10-23,1743
40.77,2017-10-24,1743
40.75,2017-10-25,1743
40.7,2017-10-26,1743
40.48,2017-10-27,1743
40.5,2017-10-28,1743
40.5,2017-10-29,1743
40.5,2017-10-30,1744
40.5,2017-10-31,1744
40.57,2017-11-01,1744
40.65,2017-11-02,1744
40.74,2017-11-03,1744
40.83,2017-11-04,1744
40.91,2017-11-05,1744
41,2017-11-06,1745
41.09,2017-11-07,1745
41.18,2017-11-08,1745
41.27,2017-11-09,1745
41.36,2017-11-10,1745
41.45,2017-11-11,1745
41.66,2017-11-12,1745
41.87,2017-11-13,1746
42.08,2017-11-14,1746
42.3,2017-11-15,1746
42.51,2017-11-16,1746
42.72,2017-11-17,1746
42.93,2017-11-18,1746
43.02,2017-11-19,1746
43.11,2017-11-20,1747
43.2,2017-11-21,1747
43.29,2017-11-22,1747
43.38,2017-11-23,1747
43.43,2017-11-24,1747
43.48,2017-11-25,1747
43.53,2017-11-26,1747
43.58,2017-11-27,1748
43.67,2017-11-28,1748
43.71,2017-11-29,1748
43.84,2017-11-30,1748
44.14,2017-12-01,1748
44.45,2017-12-02,1748
44.62,2017-12-03,1748
44.79,2017-12-04,1749
44.96,2017-12-05,1749
45.13,2017-12-06,1749
45.3,2017-12-07,1749
45.47,2017-12-08,1749
45.64,2017-12-09,1749
45.99,2017-12-10,1749
46.34,2017-12-11,1750
46.68,2017-12-12,1750
47.03,2017-12-13,1750
47.4,2017-12-14,1750
47.61,2017-12-15,1750
47.81,2017-12-16,1750
47.85,2017-12-17,1750
47.89,2017-12-18,1751
47.93,2017-12-19,1751
47.86,2017-12-20,1751
47.79,2017-12-21,1751
47.72,2017-12-22,1751
47.64,2017-12-23,1751
47.57,2017-12-24,1751
47.5,2017-12-25,1752
47.42,2017-12-26,1752
47.35,2017-12-27,1752
47.28,2017-12-28,1752
47.1,2017-12-29,1752
46.92,2017-12-30,1752
46.74,2017-12-31,1752
46.56,2018-01-01,1801
46.38,2018-01-02,1801
46.2,2018-01-03,1801
46.13,2018-01-04,1801
46.06,2018-01-05,1801
46.12,2018-01-06,1801
46,2018-01-07,1801
45.89,2018-01-08,1802
45.83,2018-01-09,1802
45.76,2018-01-10,1802
45.69,2018-01-11,1802
45.63,2018-01-12,1802
45.56,2018-01-13,1802
45.65,2018-01-14,1802
45.73,2018-01-15,1803
45.82,2018-01-16,1803
45.9,2018-01-17,1803
45.98,2018-01-18,1803
45.99,2018-01-19,1803
46,2018-01-20,1803
45.85,2018-01-21,1803
45.71,2018-01-22,1804
45.56,2018-01-23,1804
45.41,2018-01-24,1804
45.26,2018-01-25,1804
45.06,2018-01-26,1804
44.86,2018-01-27,1804
44.66,2018-01-28,1804
44.47,2018-01-29,1805
44.28,2018-01-30,1805
44.02,2018-01-31,1805
43.92,2018-02-01,1805
43.81,2018-02-02,1805
43.71,2018-02-03,1805
43.51,2018-02-04,1805
43.3,2018-02-05,1806
43.09,2018-02-06,1806
42.88,2018-02-07,1806
42.67,2018-02-08,1806
42.47,2018-02-09,1806
42.26,2018-02-10,1806
42.25,2018-02-11,1806
42.24,2018-02-12,1807
42.23,2018-02-13,1807
42.22,2018-02-14,1807
42.21,2018-02-15,1807
42.2,2018-02-16,1807
42.19,2018-02-17,1807
42.11,2018-02-18,1807
42.03,2018-02-19,1808
41.95,2018-02-20,1808
41.87,2018-02-21,1808
41.79,2018-02-22,1808
41.81,2018-02-23,1808
41.85,2018-02-24,1808
41.89,2018-02-25,1808
41.93,2018-02-26,1809
41.95,2018-02-27,1809
41.94,2018-02-28,1809
41.95,2018-03-01,1809
41.96,2018-03-02,1809
41.97,2018-03-03,1809
41.91,2018-03-04,1809
41.86,2018-03-05,1810
41.8,2018-03-06,1810
41.75,2018-03-07,1810
41.69,2018-03-08,1810
41.64,2018-03-09,1810
41.58,2018-03-10,1810
41.53,2018-03-11,1810
41.47,2018-03-12,1811
41.41,2018-03-13,1811
41.36,2018-03-14,1811
41.3,2018-03-15,1811
41.25,2018-03-16,1811
41.19,2018-03-17,1811
41.21,2018-03-18,1811
41.23,2018-03-19,1812
41.25,2018-03-20,1812
41.28,2018-03-21,1812
41.3,2018-03-22,1812
41.35,2018-03-23,1812
41.32,2018-03-24,1812
41.28,2018-03-25,1812
41.24,2018-03-26,1813
41.21,2018-03-27,1813
41.17,2018-03-28,1813
41.39,2018-03-29,1813
41.44,2018-03-30,1813
41.41,2018-03-31,1813
41.4,2018-04-01,1813
41.4,2018-04-02,1814
41.4,2018-04-03,1814
41.39,2018-04-04,1814
41.45,2018-04-05,1814
41.51,2018-04-06,1814
41.57,2018-04-07,1814
41.63,2018-04-08,1814
41.69,2018-04-09,1815
41.75,2018-04-10,1815
41.81,2018-04-11,1815
41.88,2018-04-12,1815
41.94,2018-04-13,1815
42,2018-04-14,1815
42.06,2018-04-15,1815
42.12,2018-04-16,1816
42.18,2018-04-17,1816
42.27,2018-04-18,1816
42.36,2018-04-19,1816
42.31,2018-04-20,1816
42.27,2018-04-21,1816
42.21,2018-04-22,1816
42.16,2018-04-23,1817
42.11,2018-04-24,1817
42.05,2018-04-25,1817
42,2018-04-26,1817
42.01,2018-04-27,1817
41.96,2018-04-28,1817
41.9,2018-04-29,1817
41.84,2018-04-30,1818
41.78,2018-05-01,1818
41.72,2018-05-02,1818
41.68,2018-05-03,1818
41.64,2018-05-04,1818
41.61,2018-05-05,1818
41.57,2018-05-06,1818
41.53,2018-05-07,1819
41.49,2018-05-08,1819
41.45,2018-05-09,1819
41.41,2018-05-10,1819
41.37,2018-05-11,1819
41.33,2018-05-12,1819
41.29,2018-05-13,1819
41.25,2018-05-14,1820
41.21,2018-05-15,1820
41.17,2018-05-16,1820
41.01,2018-05-17,1820
40.85,2018-05-18,1820
40.69,2018-05-19,1820
40.62,2018-05-20,1820
40.56,2018-05-21,1821
40.5,2018-05-22,1821
40.44,2018-05-23,1821
40.38,2018-05-24,1821
40.33,2018-05-25,1821
40.27,2018-05-26,1821
40.19,2018-05-27,1821
40.11,2018-05-28,1822
40.09,2018-05-29,1822
40.06,2018-05-30,1822
40.04,2018-05-31,1822
40.02,2018-06-01,1822
39.93,2018-06-02,1822
39.84,2018-06-03,1822
39.75,2018-06-04,1823
39.66,2018-06-05,1823
39.57,2018-06-06,1823
39.47,2018-06-07,1823
39.37,2018-06-08,1823
39.27,2018-06-09,1823
39.17,2018-06-10,1823
39.07,2018-06-11,1824
38.97,2018-06-12,1824
38.92,2018-06-13,1824
38.87,2018-06-14,1824
38.82,2018-06-15,1824
38.77,2018-06-16,1824
38.72,2018-06-17,1824
38.68,2018-06-18,1825
38.63,2018-06-19,1825
38.58,2018-06-20,1825
38.53,2018-06-21,1825
38.42,2018-06-22,1825
38.24,2018-06-23,1825
38.05,2018-06-24,1825
37.85,2018-06-25,1826
37.66,2018-06-26,1826
37.47,2018-06-27,1826
37.28,2018-06-28,1826
37.16,2018-06-29,1826
36.95,2018-06-30,1826
36.73,2018-07-01,1826
36.51,2018-07-02,1827
36.42,2018-07-03,1827
36.32,2018-07-04,1827
36.29,2018-07-05,1827
36.26,2018-07-06,1827
36.23,2018-07-07,1827
36.2,2018-07-08,1827
36.17,2018-07-09,1828
36.14,2018-07-10,1828
36.11,2018-07-11,1828
36.08,2018-07-12,1828
36.04,2018-07-13,1828
36.01,2018-07-14,1828
35.98,2018-07-15,1828
35.95,2018-07-16,1829
35.92,2018-07-17,1829
35.89,2018-07-18,1829
35.86,2018-07-19,1829
35.75,2018-07-20,1829
35.63,2018-07-21,1829
35.62,2018-07-22,1829
35.61,2018-07-23,1830
35.6,2018-07-24,1830
35.6,2018-07-25,1830
35.59,2018-07-26,1830
35.64,2018-07-27,1830
35.56,2018-07-28,1830
35.49,2018-07-29,1830
35.41,2018-07-30,1831
35.33,2018-07-31,1831
35.25,2018-08-01,1831
35.15,2018-08-02,1831
35.05,2018-08-03,1831
34.95,2018-08-04,1831
34.85,2018-08-05,1831
34.75,2018-08-06,1832
34.65,2018-08-07,1832
34.55,2018-08-08,1832
34.45,2018-08-09,1832
34.35,2018-08-10,1832
34.25,2018-08-11,1832
34.15,2018-08-12,1832
34.05,2018-08-13,1833
33.95,2018-08-14,1833
33.84,2018-08-15,1833
33.74,2018-08-16,1833
33.64,2018-08-17,1833
33.54,2018-08-18,1833
33.44,2018-08-19,1833
33.34,2018-08-20,1834
33.24,2018-08-21,1834
33.07,2018-08-22,1834
32.89,2018-08-23,1834
32.72,2018-08-24,1834
32.51,2018-08-25,1834
32.3,2018-08-26,1834
32.09,2018-08-27,1835
31.85,2018-08-28,1835
31.62,2018-08-29,1835
31.38,2018-08-30,1835
31.19,2018-08-31,1835
31.01,2018-09-01,1835
30.83,2018-09-02,1835
30.65,2018-09-03,1836
30.47,2018-09-04,1836
30.29,2018-09-05,1836
30.09,2018-09-06,1836
29.92,2018-09-07,1836
29.75,2018-09-08,1836
29.74,2018-09-09,1836
29.73,2018-09-10,1837
29.72,2018-09-11,1837
29.71,2018-09-12,1837
29.7,2018-09-13,1837
29.69,2018-09-14,1837
29.67,2018-09-15,1837
29.66,2018-09-16,1837
29.65,2018-09-17,1838
29.64,2018-09-18,1838
29.63,2018-09-19,1838
29.62,2018-09-20,1838
29.66,2018-09-21,1838
29.7,2018-09-22,1838
29.78,2018-09-23,1838
29.85,2018-09-24,1839
29.93,2018-09-25,1839
30,2018-09-26,1839
30.08,2018-09-27,1839
30.13,2018-09-28,1839
30.1,2018-09-29,1839
30.07,2018-09-30,1839
30.04,2018-10-01,1840
30.01,2018-10-02,1840
29.98,2018-10-03,1840
29.95,2018-10-04,1840
29.92,2018-10-05,1840
29.8,2018-10-06,1840
29.68,2018-10-07,1840
29.56,2018-10-08,1841
29.44,2018-10-09,1841
29.33,2018-10-10,1841
29.21,2018-10-11,1841
29.09,2018-10-12,1841
28.97,2018-10-13,1841
28.85,2018-10-14,1841
28.74,2018-10-15,1842
28.62,2018-10-16,1842
28.5,2018-10-17,1842
28.38,2018-10-18,1842
28.24,2018-10-19,1842
28.11,2018-10-20,1842
27.99,2018-10-21,1842
27.88,2018-10-22,1843
27.82,2018-10-23,1843
27.77,2018-10-24,1843
27.71,2018-10-25,1843
27.66,2018-10-26,1843
27.57,2018-10-27,1843
27.53,2018-10-28,1843
27.49,2018-10-29,1844
27.45,2018-10-30,1844
27.41,2018-10-31,1844
27.37,2018-11-01,1844
27.33,2018-11-02,1844
27.29,2018-11-03,1844
27.25,2018-11-04,1844
27.21,2018-11-05,1845
27.17,2018-11-06,1845
27.13,2018-11-07,1845
27.09,2018-11-08,1845
27.06,2018-11-09,1845
27.02,2018-11-10,1845
26.98,2018-11-11,1845
26.95,2018-11-12,1846
26.91,2018-11-13,1846
26.88,2018-11-14,1846
26.84,2018-11-15,1846
26.74,2018-11-16,1846
26.48,2018-11-17,1846
26.32,2018-11-18,1846
26.15,2018-11-19,1847
25.99,2018-11-20,1847
25.83,2018-11-21,1847
25.66,2018-11-22,1847
25.49,2018-11-23,1847
25.31,2018-11-24,1847
25.14,2018-11-25,1847
24.96,2018-11-26,1848
24.78,2018-11-27,1848
24.61,2018-11-28,1848
24.43,2018-11-29,1848
24.29,2018-11-30,1848
24.2,2018-12-01,1848
24.1,2018-12-02,1848
24,2018-12-03,1849
24.02,2018-12-04,1849
24.04,2018-12-05,1849
24.09,2018-12-06,1849
24.14,2018-12-07,1849
24.2,2018-12-08,1849
24.41,2018-12-09,1849
24.62,2018-12-10,1850
24.84,2018-12-11,1850
25.05,2018-12-12,1850
25.26,2018-12-13,1850
25.31,2018-12-14,1850
25.3,2018-12-15,1850
25.41,2018-12-16,1850
25.53,2018-12-17,1851
25.64,2018-12-18,1851
25.76,2018-12-19,1851
25.83,2018-12-20,1851
25.9,2018-12-21,1851
25.97,2018-12-22,1851
26.05,2018-12-23,1851
26.12,2018-12-24,1852
26.19,2018-12-25,1852
26.27,2018-12-26,1852
26.2,2018-12-27,1852
26.13,2018-12-28,1852
26.07,2018-12-29,1852
26,2018-12-30,1852
25.93,2018-12-31,1801
25.86,2019-01-01,1901
25.8,2019-01-02,1901
25.73,2019-01-03,1901
25.66,2019-01-04,1901
25.52,2019-01-05,1901
25.38,2019-01-06,1901
25.24,2019-01-07,1902
25.38,2019-01-08,1902
25.52,2019-01-09,1902
25.68,2019-01-10,1902
25.84,2019-01-11,1902
25.99,2019-01-12,1902
26.26,2019-01-13,1902
26.52,2019-01-14,1903
26.78,2019-01-15,1903
27.04,2019-01-16,1903
27.31,2019-01-17,1903
27.57,2019-01-18,1903
27.76,2019-01-19,1903
27.98,2019-01-20,1903
28.21,2019-01-21,1904
28.43,2019-01-22,1904
28.66,2019-01-23,1904
28.84,2019-01-24,1904
28.79,2019-01-25,1904
28.74,2019-01-26,1904
28.68,2019-01-27,1904
28.63,2019-01-28,1905
28.73,2019-01-29,1905
28.84,2019-01-30,1905
28.94,2019-01-31,1905
29.05,2019-02-01,1905
29.01,2019-02-02,1905
28.98,2019-02-03,1905
28.95,2019-02-04,1906
28.91,2019-02-05,1906
28.88,2019-02-06,1906
28.91,2019-02-07,1906
28.93,2019-02-08,1906
28.96,2019-02-09,1906
28.99,2019-02-10,1906
29.01,2019-02-11,1907
29.04,2019-02-12,1907
29.07,2019-02-13,1907
29.09,2019-02-14,1907
29.12,2019-02-15,1907
29.15,2019-02-16,1907
29.23,2019-02-17,1907
29.32,2019-02-18,1908
29.4,2019-02-19,1908
29.49,2019-02-20,1908
29.62,2019-02-21,1908
29.67,2019-02-22,1908
29.49,2019-02-23,1908
29.32,2019-02-24,1908
29.15,2019-02-25,1909
29.09,2019-02-26,1909
29.02,2019-02-27,1909
28.95,2019-02-28,1909
29.05,2019-03-01,1909
29.09,2019-03-02,1909
29.17,2019-03-03,1909
29.25,2019-03-04,1910
29.33,2019-03-05,1910
29.41,2019-03-06,1910
29.44,2019-03-07,1910
29.47,2019-03-08,1910
29.51,2019-03-09,1910
29.54,2019-03-10,1910
29.57,2019-03-11,1911
29.6,2019-03-12,1911
29.64,2019-03-13,1911
29.67,2019-03-14,1911
29.63,2019-03-15,1911
29.59,2019-03-16,1911
29.56,2019-03-17,1911
29.52,2019-03-18,1912
29.48,2019-03-19,1912
29.44,2019-03-20,1912
29.41,2019-03-21,1912
29.37,2019-03-22,1912
29.34,2019-03-23,1912
29.33,2019-03-24,1912
29.31,2019-03-25,1913
29.3,2019-03-26,1913
29.28,2019-03-27,1913
29.27,2019-03-28,1913
29.15,2019-03-29,1913
29.03,2019-03-30,1913
28.91,2019-03-31,1913
28.8,2019-04-01,1914
28.77,2019-04-02,1914
28.75,2019-04-03,1914
28.74,2019-04-04,1914
28.74,2019-04-05,1914
28.74,2019-04-06,1914
28.79,2019-04-07,1914
28.84,2019-04-08,1915
28.89,2019-04-09,1915
28.94,2019-04-10,1915
28.99,2019-04-11,1915
29.05,2019-04-12,1915
29.1,2019-04-13,1915
29.15,2019-04-14,1915
29.2,2019-04-15,1916
29.25,2019-04-16,1916
29.31,2019-04-17,1916
29.36,2019-04-18,1916
29.33,2019-04-19,1916
29.29,2019-04-20,1916
29.27,2019-04-21,1916
29.26,2019-04-22,1917
29.24,2019-04-23,1917
29.22,2019-04-24,1917
29.2,2019-04-25,1917
28.96,2019-04-26,1917
28.73,2019-04-27,1917
28.62,2019-04-28,1917
28.5,2019-04-29,1918
28.55,2019-04-30,1918
28.61,2019-05-01,1918
28.66,2019-05-02,1918
28.71,2019-05-03,1918
28.72,2019-05-04,1918
28.73,2019-05-05,1918
28.74,2019-05-06,1919
28.75,2019-05-07,1919
28.84,2019-05-08,1919
28.93,2019-05-09,1919
29.02,2019-05-10,1919
29.1,2019-05-11,1919
29.26,2019-05-12,1919
29.41,2019-05-13,1920
29.56,2019-05-14,1920
29.72,2019-05-15,1920
29.87,2019-05-16,1920
29.96,2019-05-17,1920
30.05,2019-05-18,1920
30.15,2019-05-19,1920
30.24,2019-05-20,1921
30.34,2019-05-21,1921
30.43,2019-05-22,1921
30.53,2019-05-23,1921
30.62,2019-05-24,1921
30.72,2019-05-25,1921
30.81,2019-05-26,1921
30.91,2019-05-27,1922
31.03,2019-05-28,1922
31.15,2019-05-29,1922
31.25,2019-05-30,1922
31.14,2019-05-31,1922
31.09,2019-06-01,1922
31.04,2019-06-02,1922
30.99,2019-06-03,1923
30.94,2019-06-04,1923
31.09,2019-06-05,1923
31.22,2019-06-06,1923
31.34,2019-06-07,1923
31.42,2019-06-08,1923
31.5,2019-06-09,1923
31.57,2019-06-10,1924
31.65,2019-06-11,1924
31.73,2019-06-12,1924
31.81,2019-06-13,1924
31.88,2019-06-14,1924
31.96,2019-06-15,1924
32.04,2019-06-16,1924
32.11,2019-06-17,1925
32.19,2019-06-18,1925
32.27,2019-06-19,1925
32.34,2019-06-20,1925
32.25,2019-06-21,1925
32.15,2019-06-22,1925
32.15,2019-06-23,1925
32.15,2019-06-24,1926
32.16,2019-06-25,1926
32.16,2019-06-26,1926
32.16,2019-06-27,1926
31.83,2019-06-28,1926
31.49,2019-06-29,1926
31.16,2019-06-30,1926
30.82,2019-07-01,1927
30.61,2019-07-02,1927
30.55,2019-07-03,1927
30.47,2019-07-04,1927
30.4,2019-07-05,1927
30.33,2019-07-06,1927
30.25,2019-07-07,1927
30.18,2019-07-08,1928
30.11,2019-07-09,1928
30.03,2019-07-10,1928
29.96,2019-07-11,1928
29.89,2019-07-12,1928
29.81,2019-07-13,1928
29.74,2019-07-14,1928
29.67,2019-07-15,1929
29.59,2019-07-16,1929
29.52,2019-07-17,1929
29.45,2019-07-18,1929
29.37,2019-07-19,1929
29.3,2019-07-20,1929
29.23,2019-07-21,1929
29.15,2019-07-22,1930
29.08,2019-07-23,1930
29.01,2019-07-24,1930
28.93,2019-07-25,1930
28.86,2019-07-26,1930
28.79,2019-07-27,1930
28.71,2019-07-28,1930
28.64,2019-07-29,1931
28.57,2019-07-30,1931
28.73,2019-07-31,1931
28.92,2019-08-01,1931
29.11,2019-08-02,1931
29.31,2019-08-03,1931
29.5,2019-08-04,1931
29.69,2019-08-05,1932
29.88,2019-08-06,1932
30.07,2019-08-07,1932
30.26,2019-08-08,1932
30.45,2019-08-09,1932
30.64,2019-08-10,1932
30.83,2019-08-11,1932
31.02,2019-08-12,1933
31.21,2019-08-13,1933
31.4,2019-08-14,1933
31.59,2019-08-15,1933
31.79,2019-08-16,1933
31.98,2019-08-17,1933
32.17,2019-08-18,1933
32.36,2019-08-19,1934
32.55,2019-08-20,1934
32.74,2019-08-21,1934
32.93,2019-08-22,1934
33.09,2019-08-23,1934
33.25,2019-08-24,1934
33.42,2019-08-25,1934
33.58,2019-08-26,1935
33.74,2019-08-27,1935
33.9,2019-08-28,1935
34.06,2019-08-29,1935
34.02,2019-08-30,1935
33.87,2019-08-31,1935
33.71,2019-09-01,1935
33.56,2019-09-02,1936
33.46,2019-09-03,1936
33.52,2019-09-04,1936
33.6,2019-09-05,1936
33.68,2019-09-06,1936
33.76,2019-09-07,1936
33.84,2019-09-08,1936
33.92,2019-09-09,1937
34,2019-09-10,1937
34.08,2019-09-11,1937
34.15,2019-09-12,1937
34.23,2019-09-13,1937
34.31,2019-09-14,1937
34.35,2019-09-15,1937
34.38,2019-09-16,1938
34.41,2019-09-17,1938
34.45,2019-09-18,1938
34.48,2019-09-19,1938
34.4,2019-09-20,1938
34.33,2019-09-21,1938
34.31,2019-09-22,1938
34.3,2019-09-23,1939
34.28,2019-09-24,1939
34.26,2019-09-25,1939
34.24,2019-09-26,1939
34.05,2019-09-27,1939
33.85,2019-09-28,1939
33.65,2019-09-29,1939
33.46,2019-09-30,1940
33.4,2019-10-01,1940
33.5,2019-10-02,1940
33.62,2019-10-03,1940
33.65,2019-10-04,1940
33.69,2019-10-05,1940
33.72,2019-10-06,1940
33.75,2019-10-07,1941
33.78,2019-10-08,1941
33.81,2019-10-09,1941
33.84,2019-10-10,1941
33.87,2019-10-11,1941
33.9,2019-10-12,1941
33.96,2019-10-13,1941
34.02,2019-10-14,1942
34.07,2019-10-15,1942
34.13,2019-10-16,1942
34.19,2019-10-17,1942
34.17,2019-10-18,1942
34.15,2019-10-19,1942
34.14,2019-10-20,1942
34.13,2019-10-21,1943
34.11,2019-10-22,1943
34.1,2019-10-23,1943
34.09,2019-10-24,1943
33.91,2019-10-25,1943
33.73,2019-10-26,1943
33.66,2019-10-27,1943
33.59,2019-10-28,1944
33.53,2019-10-29,1944
33.46,2019-10-30,1944
33.39,2019-10-31,1944
33.32,2019-11-01,1944
33.25,2019-11-02,1944
33.18,2019-11-03,1944
33.12,2019-11-04,1945
33.05,2019-11-05,1945
32.98,2019-11-06,1945
33.06,2019-11-07,1945
33.15,2019-11-08,1945
33.24,2019-11-09,1945
33.32,2019-11-10,1945
33.41,2019-11-11,1946
33.49,2019-11-12,1946
33.58,2019-11-13,1946
33.66,2019-11-14,1946
33.69,2019-11-15,1946
33.71,2019-11-16,1946
33.77,2019-11-17,1946
33.82,2019-11-18,1947
33.88,2019-11-19,1947
33.93,2019-11-20,1947
33.99,2019-11-21,1947
34.04,2019-11-22,1947
34.1,2019-11-23,1947
34.15,2019-11-24,1947
34.21,2019-11-25,1948
34.26,2019-11-26,1948
34.31,2019-11-27,1948
34.37,2019-11-28,1948
34.31,2019-11-29,1948
34.26,2019-11-30,1948
34.21,2019-12-01,1948
34.15,2019-12-02,1949
34.1,2019-12-03,1949
34.04,2019-12-04,1949
33.99,2019-12-05,1949
33.93,2019-12-06,1949
33.88,2019-12-07,1949
33.79,2019-12-08,1949
33.71,2019-12-09,1950
33.62,2019-12-10,1950
33.53,2019-12-11,1950
33.45,2019-12-12,1950
33.35,2019-12-13,1950
33.35,2019-12-14,1950
33.35,2019-12-15,1950
33.34,2019-12-16,1951
33.34,2019-12-17,1951
33.34,2019-12-18,1951
33.34,2019-12-19,1951
33.35,2019-12-20,1951
33.36,2019-12-21,1951
33.37,2019-12-22,1951
33.38,2019-12-23,1952
33.38,2019-12-24,1952
33.39,2019-12-25,1952
33.4,2019-12-26,1952
33.41,2019-12-27,1952
33.26,2019-12-28,1952
33.11,2019-12-29,1952
32.96,2019-12-30,1901
32.82,2019-12-31,1901
32.67,2020-01-01,2001
32.52,2020-01-02,2001
32.37,2020-01-03,2001
32.22,2020-01-04,2001
32.07,2020-01-05,2001
31.93,2020-01-06,2002
32.01,2020-01-07,2002
32.09,2020-01-08,2002
32.17,2020-01-09,2002
32.26,2020-01-10,2002
32.34,2020-01-11,2002
32.42,2020-01-12,2002
32.5,2020-01-13,2003
32.58,2020-01-14,2003
32.67,2020-01-15,2003
32.77,2020-01-16,2003
32.87,2020-01-17,2003
32.97,2020-01-18,2003
33.07,2020-01-19,2003
33.17,2020-01-20,2004
33.28,2020-01-21,2004
33.38,2020-01-22,2004
33.48,2020-01-23,2004
33.36,2020-01-24,2004
33.24,2020-01-25,2004
33.28,2020-01-26,2004
33.31,2020-01-27,2005
33.34,2020-01-28,2005
33.37,2020-01-29,2005
33.4,2020-01-30,2005
33.42,2020-01-31,2005
33.43,2020-02-01,2005
33.45,2020-02-02,2005
33.46,2020-02-03,2006
33.48,2020-02-04,2006
33.49,2020-02-05,2006
33.51,2020-02-06,2006
33.52,2020-02-07,2006
33.54,2020-02-08,2006
33.55,2020-02-09,2006
33.57,2020-02-10,2007
33.58,2020-02-11,2007
33.6,2020-02-12,2007
33.62,2020-02-13,2007
33.63,2020-02-14,2007
33.65,2020-02-15,2007
33.66,2020-02-16,2007
33.68,2020-02-17,2008
33.69,2020-02-18,2008
33.71,2020-02-19,2008
33.72,2020-02-20,2008
33.67,2020-02-21,2008
33.62,2020-02-22,2008
33.74,2020-02-23,2008
33.87,2020-02-24,2009
33.99,2020-02-25,2009
34.12,2020-02-26,2009
34.25,2020-02-27,2009
34.37,2020-02-28,2009
34.54,2020-02-29,2009
34.7,2020-03-01,2009
34.87,2020-03-02,2010
35.03,2020-03-03,2010
35.19,2020-03-04,2010
35.55,2020-03-05,2010
35.9,2020-03-06,2010
36.25,2020-03-07,2010
36.6,2020-03-08,2010
36.96,2020-03-09,2011
37.31,2020-03-10,2011
37.66,2020-03-11,2011
38.01,2020-03-12,2011
38.37,2020-03-13,2011
38.72,2020-03-14,2011
39.07,2020-03-15,2011
39.42,2020-03-16,2012
39.78,2020-03-17,2012
40.13,2020-03-18,2012
40.48,2020-03-19,2012
40.59,2020-03-20,2012
40.7,2020-03-21,2012
40.73,2020-03-22,2012
40.76,2020-03-23,2013
40.79,2020-03-24,2013
40.81,2020-03-25,2013
40.92,2020-03-26,2013
41.04,2020-03-27,2013
41.04,2020-03-28,2013
40.97,2020-03-29,2013
40.89,2020-03-30,2014
40.82,2020-03-31,2014
40.79,2020-04-01,2014
40.76,2020-04-02,2014
40.73,2020-04-03,2014
40.71,2020-04-04,2014
40.68,2020-04-05,2014
40.65,2020-04-06,2015
40.62,2020-04-07,2015
40.6,2020-04-08,2015
40.57,2020-04-09,2015
40.54,2020-04-10,2015
40.51,2020-04-11,2015
40.48,2020-04-12,2015
40.46,2020-04-13,2016
40.43,2020-04-14,2016
40.4,2020-04-15,2016
40.37,2020-04-16,2016
40.35,2020-04-17,2016
40.32,2020-04-18,2016
40.22,2020-04-19,2016
40.13,2020-04-20,2017
40.03,2020-04-21,2017
39.94,2020-04-22,2017
39.84,2020-04-23,2017
39.74,2020-04-24,2017
39.68,2020-04-25,2017
39.62,2020-04-26,2017
39.57,2020-04-27,2018
39.51,2020-04-28,2018
39.45,2020-04-29,2018
39.39,2020-04-30,2018
39.23,2020-05-01,2018
39.07,2020-05-02,2018
38.91,2020-05-03,2018
38.75,2020-05-04,2019
38.58,2020-05-05,2019
38.55,2020-05-06,2019
38.52,2020-05-07,2019
38.48,2020-05-08,2019
38.45,2020-05-09,2019
38.41,2020-05-10,2019
38.38,2020-05-11,2020
38.35,2020-05-12,2020
38.31,2020-05-13,2020
38.28,2020-05-14,2020
38.25,2020-05-15,2020
38.21,2020-05-16,2020
38.18,2020-05-17,2020
38.14,2020-05-18,2021
38.11,2020-05-19,2021
38.11,2020-05-20,2021
38.19,2020-05-21,2021
38.27,2020-05-22,2021
38.35,2020-05-23,2021
38.4,2020-05-24,2021
38.46,2020-05-25,2022
38.51,2020-05-26,2022
38.56,2020-05-27,2022
38.62,2020-05-28,2022
38.54,2020-05-29,2022
38.43,2020-05-30,2022
38.32,2020-05-31,2022
38.22,2020-06-01,2023
38.12,2020-06-02,2023
38.01,2020-06-03,2023
38.05,2020-06-04,2023
38.09,2020-06-05,2023
38.13,2020-06-06,2023
38.16,2020-06-07,2023
38.2,2020-06-08,2024
38.24,2020-06-09,2024
38.28,2020-06-10,2024
38.31,2020-06-11,2024
38.35,2020-06-12,2024
38.39,2020-06-13,2024
38.43,2020-06-14,2024
38.46,2020-06-15,2025
38.5,2020-06-16,2025
38.54,2020-06-17,2025
38.58,2020-06-18,2025
38.62,2020-06-19,2025
38.66,2020-06-20,2025
38.73,2020-06-21,2025
38.8,2020-06-22,2026
38.87,2020-06-23,2026
38.93,2020-06-24,2026
39,2020-06-25,2026
38.95,2020-06-26,2026
38.89,2020-06-27,2026
38.84,2020-06-28,2026
38.78,2020-06-29,2027
38.73,2020-06-30,2027
38.67,2020-07-01,2027
38.71,2020-07-02,2027
38.76,2020-07-03,2027
38.81,2020-07-04,2027
38.85,2020-07-05,2027
38.9,2020-07-06,2028
38.94,2020-07-07,2028
38.99,2020-07-08,2028
39.03,2020-07-09,2028
39.08,2020-07-10,2028
39.15,2020-07-11,2028
39.22,2020-07-12,2028
39.3,2020-07-13,2029
39.37,2020-07-14,2029
39.45,2020-07-15,2029
39.52,2020-07-16,2029
39.67,2020-07-17,2029
39.83,2020-07-18,2029
40,2020-07-19,2029
40.18,2020-07-20,2030
40.35,2020-07-21,2030
40.52,2020-07-22,2030
40.7,2020-07-23,2030
40.65,2020-07-24,2030
40.6,2020-07-25,2030
40.55,2020-07-26,2030
40.5,2020-07-27,2031
40.46,2020-07-28,2031
40.41,2020-07-29,2031
40.36,2020-07-30,2031
40.31,2020-07-31,2031
40.26,2020-08-01,2031
40.21,2020-08-02,2031
40.16,2020-08-03,2032
40.12,2020-08-04,2032
40.07,2020-08-05,2032
40.05,2020-08-06,2032
40.03,2020-08-07,2032
40.01,2020-08-08,2032
39.98,2020-08-09,2032
39.96,2020-08-10,2033
39.94,2020-08-11,2033
39.92,2020-08-12,2033
39.9,2020-08-13,2033
39.88,2020-08-14,2033
39.86,2020-08-15,2033
39.84,2020-08-16,2033
39.82,2020-08-17,2034
39.8,2020-08-18,2034
39.78,2020-08-19,2034
39.76,2020-08-20,2034
39.84,2020-08-21,2034
39.92,2020-08-22,2034
40,2020-08-23,2034
40.08,2020-08-24,2035
40.16,2020-08-25,2035
40.24,2020-08-26,2035
40.32,2020-08-27,2035
40.19,2020-08-28,2035
40.09,2020-08-29,2035
39.99,2020-08-30,2035
39.89,2020-08-31,2036
39.79,2020-09-01,2036
39.69,2020-09-02,2036
39.59,2020-09-03,2036
39.49,2020-09-04,2036
39.39,2020-09-05,2036
39.28,2020-09-06,2036
39.16,2020-09-07,2037
39.05,2020-09-08,2037
38.93,2020-09-09,2037
38.93,2020-09-10,2037
38.92,2020-09-11,2037
38.91,2020-09-12,2037
38.91,2020-09-13,2037
38.9,2020-09-14,2038
38.89,2020-09-15,2038
38.88,2020-09-16,2038
38.88,2020-09-17,2038
38.87,2020-09-18,2038
38.86,2020-09-19,2038
38.89,2020-09-20,2038
38.92,2020-09-21,2039
38.95,2020-09-22,2039
38.97,2020-09-23,2039
39.03,2020-09-24,2039
38.95,2020-09-25,2039
38.91,2020-09-26,2039
38.86,2020-09-27,2039
38.81,2020-09-28,2040
38.76,2020-09-29,2040
38.72,2020-09-30,2040
38.67,2020-10-01,2040
38.62,2020-10-02,2040
38.57,2020-10-03,2040
38.52,2020-10-04,2040
38.48,2020-10-05,2041
38.43,2020-10-06,2041
38.38,2020-10-07,2041
38.52,2020-10-08,2041
38.65,2020-10-09,2041
38.79,2020-10-10,2041
38.89,2020-10-11,2041
39,2020-10-12,2042
39.1,2020-10-13,2042
39.2,2020-10-14,2042
39.31,2020-10-15,2042
39.46,2020-10-16,2042
39.62,2020-10-17,2042
39.78,2020-10-18,2042
39.94,2020-10-19,2043
40.1,2020-10-20,2043
40.25,2020-10-21,2043
40.41,2020-10-22,2043
40.51,2020-10-23,2043
40.61,2020-10-24,2043
40.72,2020-10-25,2043
40.82,2020-10-26,2044
40.92,2020-10-27,2044
41.02,2020-10-28,2044
41.12,2020-10-29,2044
41.11,2020-10-30,2044
40.96,2020-10-31,2044
40.82,2020-11-01,2044
40.68,2020-11-02,2045
40.54,2020-11-03,2045
40.4,2020-11-04,2045
40.41,2020-11-05,2045
40.41,2020-11-06,2045
40.42,2020-11-07,2045
40.43,2020-11-08,2045
40.43,2020-11-09,2046
40.44,2020-11-10,2046
40.45,2020-11-11,2046
40.39,2020-11-12,2046
40.33,2020-11-13,2046
40.27,2020-11-14,2046
40.3,2020-11-15,2046
40.33,2020-11-16,2047
40.36,2020-11-17,2047
40.39,2020-11-18,2047
40.42,2020-11-19,2047
40.39,2020-11-20,2047
40.36,2020-11-21,2047
40.33,2020-11-22,2047
40.3,2020-11-23,2048
40.27,2020-11-24,2048
40.24,2020-11-25,2048
40.21,2020-11-26,2048
39.96,2020-11-27,2048
39.69,2020-11-28,2048
39.42,2020-11-29,2048
39.15,2020-11-30,2049
38.88,2020-12-01,2049
38.81,2020-12-02,2049
38.93,2020-12-03,2049
39.05,2020-12-04,2049
39.17,2020-12-05,2049
39.29,2020-12-06,2049
39.42,2020-12-07,2050
39.54,2020-12-08,2050
39.66,2020-12-09,2050
39.78,2020-12-10,2050
39.9,2020-12-11,2050
39.97,2020-12-12,2050
40.09,2020-12-13,2050
40.21,2020-12-14,2051
40.34,2020-12-15,2051
40.46,2020-12-16,2051
40.58,2020-12-17,2051
40.82,2020-12-18,2051
41.06,2020-12-19,2051
41.3,2020-12-20,2051
41.54,2020-12-21,2052
41.78,2020-12-22,2052
42.03,2020-12-23,2052
42.27,2020-12-24,2052
42.34,2020-12-25,2052
42.41,2020-12-26,2052
42.49,2020-12-27,2052
42.56,2020-12-28,2053
42.63,2020-12-29,2053
42.7,2020-12-30,2053
42.78,2020-12-31,2053
42.85,2021-01-01,2153
42.92,2021-01-02,2153
43,2021-01-03,2153
43.07,2021-01-04,2101
43.14,2021-01-05,2101
43.21,2021-01-06,2101
43.03,2021-01-07,2101
42.85,2021-01-08,2101
42.61,2021-01-09,2101
42.37,2021-01-10,2101
42.13,2021-01-11,2102
41.89,2021-01-12,2102
41.66,2021-01-13,2102
41.42,2021-01-14,2102
41.22,2021-01-15,2102
41.01,2021-01-16,2102
40.81,2021-01-17,2102
40.61,2021-01-18,2103
40.41,2021-01-19,2103
40.21,2021-01-20,2103
40.01,2021-01-21,2103
39.88,2021-01-22,2103
39.76,2021-01-23,2103
39.77,2021-01-24,2103
39.78,2021-01-25,2104
39.79,2021-01-26,2104
39.79,2021-01-27,2104
39.8,2021-01-28,2104
39.68,2021-01-29,2104
39.55,2021-01-30,2104
39.43,2021-01-31,2104
39.31,2021-02-01,2105
39.18,2021-02-02,2105
39.21,2021-02-03,2105
39.31,2021-02-04,2105
39.42,2021-02-05,2105
39.49,2021-02-06,2105
39.56,2021-02-07,2105
39.63,2021-02-08,2106
39.7,2021-02-09,2106
39.77,2021-02-10,2106
39.84,2021-02-11,2106
39.91,2021-02-12,2106
39.98,2021-02-13,2106
40.05,2021-02-14,2106
40.12,2021-02-15,2107
40.19,2021-02-16,2107
40.25,2021-02-17,2107
40.32,2021-02-18,2107
40.31,2021-02-19,2107
40.29,2021-02-20,2107
40.27,2021-02-21,2107
40.25,2021-02-22,2108
40.23,2021-02-23,2108
40.21,2021-02-24,2108
40.19,2021-02-25,2108
39.98,2021-02-26,2108
39.73,2021-02-27,2108
39.49,2021-02-28,2108
39.24,2021-03-01,2109
39,2021-03-02,2109
38.9,2021-03-03,2109
38.93,2021-03-04,2109
38.96,2021-03-05,2109
39,2021-03-06,2109
38.98,2021-03-07,2109
38.96,2021-03-08,2110
38.94,2021-03-09,2110
38.92,2021-03-10,2110
38.91,2021-03-11,2110
38.89,2021-03-12,2110
38.87,2021-03-13,2110
38.85,2021-03-14,2110
38.83,2021-03-15,2111
38.81,2021-03-16,2111
38.8,2021-03-17,2111
38.78,2021-03-18,2111
38.83,2021-03-19,2111
38.87,2021-03-20,2111
38.92,2021-03-21,2111
38.97,2021-03-22,2112
39.02,2021-03-23,2112
39.07,2021-03-24,2112
39.12,2021-03-25,2112
38.99,2021-03-26,2112
38.86,2021-03-27,2112
38.74,2021-03-28,2112
38.61,2021-03-29,2113
38.48,2021-03-30,2113
38.35,2021-03-31,2113
38.23,2021-04-01,2113
38.1,2021-04-02,2113
37.97,2021-04-03,2113
37.85,2021-04-04,2113
37.72,2021-04-05,2114
37.59,2021-04-06,2114
37.47,2021-04-07,2114
37.46,2021-04-08,2114
37.46,2021-04-09,2114
37.46,2021-04-10,2114
37.47,2021-04-11,2114
37.49,2021-04-12,2115
37.5,2021-04-13,2115
37.51,2021-04-14,2115
37.52,2021-04-15,2115
37.55,2021-04-16,2115
37.59,2021-04-17,2115
37.62,2021-04-18,2115
37.65,2021-04-19,2116
37.68,2021-04-20,2116
37.72,2021-04-21,2116
37.77,2021-04-22,2116
37.78,2021-04-23,2116
37.8,2021-04-24,2116
37.81,2021-04-25,2116
37.82,2021-04-26,2117
37.84,2021-04-27,2117
37.93,2021-04-28,2117
38.02,2021-04-29,2117
37.83,2021-04-30,2117
37.64,2021-05-01,2117
37.45,2021-05-02,2117
37.26,2021-05-03,2118
37.06,2021-05-04,2118
37.08,2021-05-05,2118
37.22,2021-05-06,2118
37.35,2021-05-07,2118
37.48,2021-05-08,2118
37.62,2021-05-09,2118
37.75,2021-05-10,2119
37.88,2021-05-11,2119
38.02,2021-05-12,2119
38.15,2021-05-13,2119
38.28,2021-05-14,2119
38.42,2021-05-15,2119
38.55,2021-05-16,2119
38.69,2021-05-17,2120
38.82,2021-05-18,2120
38.95,2021-05-19,2120
39.09,2021-05-20,2120
39.11,2021-05-21,2120
39.08,2021-05-22,2120
39.05,2021-05-23,2120
39.03,2021-05-24,2121
39,2021-05-25,2121
38.97,2021-05-26,2121
38.95,2021-05-27,2121
38.69,2021-05-28,2121
38.37,2021-05-29,2121
38.01,2021-05-30,2121
37.8,2021-05-31,2122
37.59,2021-06-01,2122
37.64,2021-06-02,2122
37.73,2021-06-03,2122
37.82,2021-06-04,2122
37.92,2021-06-05,2122
38.01,2021-06-06,2122
38.1,2021-06-07,2123
38.19,2021-06-08,2123
38.29,2021-06-09,2123
38.38,2021-06-10,2123
38.47,2021-06-11,2123
38.56,2021-06-12,2123
38.65,2021-06-13,2123
38.75,2021-06-14,2124
38.84,2021-06-15,2124
38.93,2021-06-16,2124
39.02,2021-06-17,2124
39.12,2021-06-18,2124
39.21,2021-06-19,2124
39.3,2021-06-20,2124
39.39,2021-06-21,2125
39.48,2021-06-22,2125
39.58,2021-06-23,2125
39.67,2021-06-24,2125
39.46,2021-06-25,2125
39.21,2021-06-26,2125
38.96,2021-06-27,2125
38.71,2021-06-28,2126
38.46,2021-06-29,2126
38.22,2021-06-30,2126
38.22,2021-07-01,2126
38.21,2021-07-02,2126
38.2,2021-07-03,2126
38.19,2021-07-04,2126
38.17,2021-07-05,2127
38.16,2021-07-06,2127
38.15,2021-07-07,2127
38.19,2021-07-08,2127
38.24,2021-07-09,2127
38.28,2021-07-10,2127
38.31,2021-07-11,2127
38.34,2021-07-12,2128
38.36,2021-07-13,2128
38.39,2021-07-14,2128
38.42,2021-07-15,2128
38.45,2021-07-16,2128
38.48,2021-07-17,2128
38.5,2021-07-18,2128
38.52,2021-07-19,2129
38.55,2021-07-20,2129
38.57,2021-07-21,2129
38.59,2021-07-22,2129
38.62,2021-07-23,2129
38.64,2021-07-24,2129
38.66,2021-07-25,2129
38.68,2021-07-26,2130
38.71,2021-07-27,2130
38.73,2021-07-28,2130
38.75,2021-07-29,2130
38.57,2021-07-30,2130
38.38,2021-07-31,2130
38.19,2021-08-01,2130
38,2021-08-02,2131
37.81,2021-08-03,2131
37.73,2021-08-04,2131
37.64,2021-08-05,2131
37.56,2021-08-06,2131
37.48,2021-08-07,2131
37.4,2021-08-08,2131
37.31,2021-08-09,2132
37.23,2021-08-10,2132
37.15,2021-08-11,2132
37.06,2021-08-12,2132
37.28,2021-08-13,2132
37.5,2021-08-14,2132
37.71,2021-08-15,2132
37.93,2021-08-16,2133
38.14,2021-08-17,2133
38.36,2021-08-18,2133
38.58,2021-08-19,2133
38.79,2021-08-20,2133
38.95,2021-08-21,2133
39.11,2021-08-22,2133
39.27,2021-08-23,2134
39.43,2021-08-24,2134
39.59,2021-08-25,2134
39.75,2021-08-26,2134
39.69,2021-08-27,2134
39.67,2021-08-28,2134
39.66,2021-08-29,2134
39.64,2021-08-30,2135
39.63,2021-08-31,2135
39.61,2021-09-01,2135
39.67,2021-09-02,2135
39.72,2021-09-03,2135
39.78,2021-09-04,2135
39.83,2021-09-05,2135
39.88,2021-09-06,2136
39.92,2021-09-07,2136
39.97,2021-09-08,2136
40.02,2021-09-09,2136
40.07,2021-09-10,2136
40.12,2021-09-11,2136
40.17,2021-09-12,2136
40.22,2021-09-13,2137
40.27,2021-09-14,2137
40.32,2021-09-15,2137
40.36,2021-09-16,2137
40.51,2021-09-17,2137
40.66,2021-09-18,2137
40.8,2021-09-19,2137
40.95,2021-09-20,2138
41.09,2021-09-21,2138
41.24,2021-09-22,2138
41.38,2021-09-23,2138
41.4,2021-09-24,2138
41.41,2021-09-25,2138
41.42,2021-09-26,2138
41.44,2021-09-27,2139
41.45,2021-09-28,2139
41.46,2021-09-29,2139
41.48,2021-09-30,2139
41.27,2021-10-01,2139
41.12,2021-10-02,2139
40.97,2021-10-03,2139
40.81,2021-10-04,2140
40.66,2021-10-05,2140
40.51,2021-10-06,2140
40.54,2021-10-07,2140
40.57,2021-10-08,2140
40.6,2021-10-09,2140
40.65,2021-10-10,2140
40.69,2021-10-11,2141
40.74,2021-10-12,2141
40.79,2021-10-13,2141
40.83,2021-10-14,2141
40.88,2021-10-15,2141
40.96,2021-10-16,2141
41.04,2021-10-17,2141
41.12,2021-10-18,2142
41.2,2021-10-19,2142
41.28,2021-10-20,2142
41.36,2021-10-21,2142
41.46,2021-10-22,2142
41.56,2021-10-23,2142
41.66,2021-10-24,2142
41.76,2021-10-25,2143
41.85,2021-10-26,2143
41.95,2021-10-27,2143
42.05,2021-10-28,2143
42,2021-10-29,2143
42.02,2021-10-30,2143
42.05,2021-10-31,2143
42.07,2021-11-01,2144
42.09,2021-11-02,2144
42.12,2021-11-03,2144
42.14,2021-11-04,2144
42.17,2021-11-05,2144
42.19,2021-11-06,2144
42.22,2021-11-07,2144
42.24,2021-11-08,2145
42.26,2021-11-09,2145
42.29,2021-11-10,2145
42.31,2021-11-11,2145
42.34,2021-11-12,2145
42.36,2021-11-13,2145
42.39,2021-11-14,2145
42.41,2021-11-15,2146
42.43,2021-11-16,2146
42.46,2021-11-17,2146
42.48,2021-11-18,2146
42.57,2021-11-19,2146
42.65,2021-11-20,2146
42.73,2021-11-21,2146
42.81,2021-11-22,2147
42.9,2021-11-23,2147
42.98,2021-11-24,2147
43.06,2021-11-25,2147
42.96,2021-11-26,2147
42.86,2021-11-27,2147
42.76,2021-11-28,2147
42.66,2021-11-29,2148
42.56,2021-11-30,2148
42.46,2021-12-01,2148
42.36,2021-12-02,2148
42.26,2021-12-03,2148
42.15,2021-12-04,2148
42.05,2021-12-05,2148
41.95,2021-12-06,2149
41.85,2021-12-07,2149
41.96,2021-12-08,2149
42.01,2021-12-09,2149
42.06,2021-12-10,2149
42.12,2021-12-11,2149
42.2,2021-12-12,2149
42.28,2021-12-13,2150
42.36,2021-12-14,2150
42.44,2021-12-15,2150
42.52,2021-12-16,2150
42.63,2021-12-17,2150
42.73,2021-12-18,2150
42.84,2021-12-19,2150
42.94,2021-12-20,2151
43.04,2021-12-21,2151
43.15,2021-12-22,2151
43.25,2021-12-23,2151
43.14,2021-12-24,2151
43.02,2021-12-25,2151
42.91,2021-12-26,2151
42.79,2021-12-27,2152
42.68,2021-12-28,2152
42.56,2021-12-29,2152
42.45,2021-12-30,2152
42.34,2021-12-31,2152
42.22,2022-01-01,2252
42.11,2022-01-02,2252
41.99,2022-01-03,2201
41.88,2022-01-04,2201
41.76,2022-01-05,2201
41.65,2022-01-06,2201
41.53,2022-01-07,2201
41.38,2022-01-08,2201
41.26,2022-01-09,2201
41.15,2022-01-10,2202
41.03,2022-01-11,2202
40.91,2022-01-12,2202
40.8,2022-01-13,2202
40.68,2022-01-14,2202
40.57,2022-01-15,2202
40.45,2022-01-16,2202
40.33,2022-01-17,2203
40.22,2022-01-18,2203
40.1,2022-01-19,2203
39.98,2022-01-20,2203
40.07,2022-01-21,2203
40.15,2022-01-22,2203
40.24,2022-01-23,2203
40.33,2022-01-24,2204
40.41,2022-01-25,2204
40.5,2022-01-26,2204
40.58,2022-01-27,2204
40.67,2022-01-28,2204
40.75,2022-01-29,2204
40.84,2022-01-30,2204
40.93,2022-01-31,2205
41.01,2022-02-01,2205
41.1,2022-02-02,2205
41.18,2022-02-03,2205
41.27,2022-02-04,2205
41.35,2022-02-05,2205
41.44,2022-02-06,2205
41.53,2022-02-07,2206
41.61,2022-02-08,2206
41.7,2022-02-09,2206
41.78,2022-02-10,2206
41.87,2022-02-11,2206
41.95,2022-02-12,2206
42.01,2022-02-13,2206
42.07,2022-02-14,2207
42.13,2022-02-15,2207
42.19,2022-02-16,2207
42.28,2022-02-17,2207
42.5,2022-02-18,2207
42.73,2022-02-19,2207
42.95,2022-02-20,2207
43.17,2022-02-21,2208
43.39,2022-02-22,2208
43.62,2022-02-23,2208
43.84,2022-02-24,2208
43.92,2022-02-25,2208
44.01,2022-02-26,2208
44.09,2022-02-27,2208
44.17,2022-02-28,2209
44.26,2022-03-01,2209
44.34,2022-03-02,2209
44.42,2022-03-03,2209
44.34,2022-03-04,2209
44.26,2022-03-05,2209
44.18,2022-03-06,2209
44.1,2022-03-07,2210
44.02,2022-03-08,2210
43.94,2022-03-09,2210
43.86,2022-03-10,2210
43.78,2022-03-11,2210
43.7,2022-03-12,2210
43.62,2022-03-13,2210
43.54,2022-03-14,2211
43.45,2022-03-15,2211
43.37,2022-03-16,2211
43.29,2022-03-17,2211
43.26,2022-03-18,2211
43.23,2022-03-19,2211
43.2,2022-03-20,2211
43.17,2022-03-21,2212
43.14,2022-03-22,2212
43.11,2022-03-23,2212
43.09,2022-03-24,2212
42.98,2022-03-25,2212
42.88,2022-03-26,2212
42.78,2022-03-27,2212
42.67,2022-03-28,2213
42.57,2022-03-29,2213
42.47,2022-03-30,2213
42.52,2022-03-31,2213
42.44,2022-04-01,2213
42.36,2022-04-02,2213
42.27,2022-04-03,2213
42.19,2022-04-04,2214
42.11,2022-04-05,2214
42.02,2022-04-06,2214
41.94,2022-04-07,2214
41.86,2022-04-08,2214
41.77,2022-04-09,2214
41.69,2022-04-10,2214
41.61,2022-04-11,2215
41.52,2022-04-12,2215
41.44,2022-04-13,2215
41.36,2022-04-14,2215
41.29,2022-04-15,2215
41.22,2022-04-16,2215
41.15,2022-04-17,2215
41.08,2022-04-18,2216
41.01,2022-04-19,2216
40.95,2022-04-20,2216
40.88,2022-04-21,2216
40.81,2022-04-22,2216
40.74,2022-04-23,2216
40.67,2022-04-24,2216
40.6,2022-04-25,2217
40.53,2022-04-26,2217
40.46,2022-04-27,2217
40.4,2022-04-28,2217
40.29,2022-04-29,2217
40.18,2022-04-30,2217
40.07,2022-05-01,2217
39.96,2022-05-02,2218
39.85,2022-05-03,2218
39.74,2022-05-04,2218
39.79,2022-05-05,2218
39.84,2022-05-06,2218
39.89,2022-05-07,2218
39.94,2022-05-08,2218
39.99,2022-05-09,2219
40.03,2022-05-10,2219
40.08,2022-05-11,2219
40.13,2022-05-12,2219
40.18,2022-05-13,2219
40.23,2022-05-14,2219
40.28,2022-05-15,2219
40.33,2022-05-16,2220
40.38,2022-05-17,2220
40.43,2022-05-18,2220
40.48,2022-05-19,2220
40.49,2022-05-20,2220
40.51,2022-05-21,2220
40.52,2022-05-22,2220
40.53,2022-05-23,2221
40.54,2022-05-24,2221
40.55,2022-05-25,2221
40.45,2022-05-26,2221
40.36,2022-05-27,2221
40.05,2022-05-28,2221
39.74,2022-05-29,2221
39.43,2022-05-30,2222
39.12,2022-05-31,2222
38.81,2022-06-01,2222
38.81,2022-06-02,2222
38.8,2022-06-03,2222
38.8,2022-06-04,2222
38.8,2022-06-05,2222
38.8,2022-06-06,2223
38.8,2022-06-07,2223
38.79,2022-06-08,2223
38.79,2022-06-09,2223
38.79,2022-06-10,2223
38.79,2022-06-11,2223
38.79,2022-06-12,2223
38.79,2022-06-13,2224
38.78,2022-06-14,2224
38.78,2022-06-15,2224
38.78,2022-06-16,2224
38.78,2022-06-17,2224
38.78,2022-06-18,2224
38.78,2022-06-19,2224
38.77,2022-06-20,2225
38.77,2022-06-21,2225
38.77,2022-06-22,2225
38.77,2022-06-23,2225
38.79,2022-06-24,2225
38.81,2022-06-25,2225
38.82,2022-06-26,2225
38.84,2022-06-27,2226
38.86,2022-06-28,2226
38.88,2022-06-29,2226
38.9,2022-06-30,2226
38.92,2022-07-01,2226
38.94,2022-07-02,2226
38.95,2022-07-03,2226
38.97,2022-07-04,2227
38.99,2022-07-05,2227
39.01,2022-07-06,2227
39.03,2022-07-07,2227
39.05,2022-07-08,2227
39.07,2022-07-09,2227
39.08,2022-07-10,2227
39.1,2022-07-11,2228
39.12,2022-07-12,2228
39.14,2022-07-13,2228
39.16,2022-07-14,2228
39.18,2022-07-15,2228
39.2,2022-07-16,2228
39.22,2022-07-17,2228
39.23,2022-07-18,2229
39.25,2022-07-19,2229
39.27,2022-07-20,2229
39.29,2022-07-21,2229
39.21,2022-07-22,2229
39.17,2022-07-23,2229
39.13,2022-07-24,2229
39.08,2022-07-25,2230
39.04,2022-07-26,2230
39,2022-07-27,2230
38.95,2022-07-28,2230
38.91,2022-07-29,2230
38.87,2022-07-30,2230
38.82,2022-07-31,2230
38.78,2022-08-01,2231
38.73,2022-08-02,2231
38.69,2022-08-03,2231
38.67,2022-08-04,2231
38.64,2022-08-05,2231
38.62,2022-08-06,2231
38.59,2022-08-07,2231
38.56,2022-08-08,2232
38.54,2022-08-09,2232
38.51,2022-08-10,2232
38.49,2022-08-11,2232
38.46,2022-08-12,2232
38.44,2022-08-13,2232
38.41,2022-08-14,2232
38.39,2022-08-15,2233
38.36,2022-08-16,2233
38.34,2022-08-17,2233
38.31,2022-08-18,2233
38.32,2022-08-19,2233
38.33,2022-08-20,2233
38.34,2022-08-21,2233
38.35,2022-08-22,2234
38.36,2022-08-23,2234
38.37,2022-08-24,2234
38.38,2022-08-25,2234
38.39,2022-08-26,2234
38.4,2022-08-27,2234
38.41,2022-08-28,2234
38.42,2022-08-29,2235
38.43,2022-08-30,2235
38.5,2022-08-31,2235
38.58,2022-09-01,2235
38.65,2022-09-02,2235
38.69,2022-09-03,2235
38.73,2022-09-04,2235
38.77,2022-09-05,2236
38.81,2022-09-06,2236
38.85,2022-09-07,2236
38.89,2022-09-08,2236
38.93,2022-09-09,2236
38.97,2022-09-10,2236
39.01,2022-09-11,2236
39.05,2022-09-12,2237
39.09,2022-09-13,2237
39.13,2022-09-14,2237
39.17,2022-09-15,2237
39.21,2022-09-16,2237
39.25,2022-09-17,2237
39.29,2022-09-18,2237
39.33,2022-09-19,2238
39.37,2022-09-20,2238
39.41,2022-09-21,2238
39.45,2022-09-22,2238
39.42,2022-09-23,2238
39.38,2022-09-24,2238
39.35,2022-09-25,2238
39.32,2022-09-26,2239
39.28,2022-09-27,2239
39.25,2022-09-28,2239
39.21,2022-09-29,2239
39.18,2022-09-30,2239
39.15,2022-10-01,2239
39.11,2022-10-02,2239
39.08,2022-10-03,2240
39.05,2022-10-04,2240
39.01,2022-10-05,2240
38.98,2022-10-06,2240
38.94,2022-10-07,2240
38.91,2022-10-08,2240
38.88,2022-10-09,2240
38.84,2022-10-10,2241
38.81,2022-10-11,2241
38.77,2022-10-12,2241
38.74,2022-10-13,2241
38.71,2022-10-14,2241
38.67,2022-10-15,2241
38.64,2022-10-16,2241
38.6,2022-10-17,2242
38.57,2022-10-18,2242
38.54,2022-10-19,2242
38.5,2022-10-20,2242
38.48,2022-10-21,2242
38.46,2022-10-22,2242
38.44,2022-10-23,2242
38.42,2022-10-24,2243
38.4,2022-10-25,2243
38.38,2022-10-26,2243
38.36,2022-10-27,2243
38.17,2022-10-28,2243
37.97,2022-10-29,2243
37.78,2022-10-30,2243
37.59,2022-10-31,2244
37.39,2022-11-01,2244
37.2,2022-11-02,2244
37.16,2022-11-03,2244
37.11,2022-11-04,2244
37.07,2022-11-05,2244
37.03,2022-11-06,2244
36.98,2022-11-07,2245
36.94,2022-11-08,2245
36.89,2022-11-09,2245
36.85,2022-11-10,2245
36.81,2022-11-11,2245
36.76,2022-11-12,2245
36.72,2022-11-13,2245
36.68,2022-11-14,2246
36.63,2022-11-15,2246
36.59,2022-11-16,2246
36.54,2022-11-17,2246
36.57,2022-11-18,2246
36.59,2022-11-19,2246
36.61,2022-11-20,2246
36.63,2022-11-21,2247
36.65,2022-11-22,2247
36.68,2022-11-23,2247
36.7,2022-11-24,2247
36.72,2022-11-25,2247
36.74,2022-11-26,2247
36.77,2022-11-27,2247
36.79,2022-11-28,2248
36.81,2022-11-29,2248
36.83,2022-11-30,2248
36.9,2022-12-01,2248
36.98,2022-12-02,2248
37.05,2022-12-03,2248
37.12,2022-12-04,2248
37.19,2022-12-05,2249
37.27,2022-12-06,2249
37.34,2022-12-07,2249
37.41,2022-12-08,2249
37.48,2022-12-09,2249
37.55,2022-12-10,2249
37.61,2022-12-11,2249
37.67,2022-12-12,2250
37.74,2022-12-13,2250
37.71,2022-12-14,2250
37.73,2022-12-15,2250
37.76,2022-12-16,2250
37.85,2022-12-17,2250
37.95,2022-12-18,2250
38.05,2022-12-19,2251
38.14,2022-12-20,2251
38.24,2022-12-21,2251
38.34,2022-12-22,2251
38.24,2022-12-23,2251
38.14,2022-12-24,2251
38.04,2022-12-25,2251
37.95,2022-12-26,2252
37.85,2022-12-27,2252
37.75,2022-12-28,2252
37.65,2022-12-29,2252
37.56,2022-12-30,2252
37.46,2022-12-31,2252
37.36,2023-01-01,2352
37.26,2023-01-02,2301
37.17,2023-01-03,2301
37.07,2023-01-04,2301
36.97,2023-01-05,2301
36.87,2023-01-06,2301
36.8,2023-01-07,2301
36.73,2023-01-08,2301
36.65,2023-01-09,2302
36.58,2023-01-10,2302
36.51,2023-01-11,2302
36.43,2023-01-12,2302
36.32,2023-01-13,2302
36.2,2023-01-14,2302
36.04,2023-01-15,2302
35.87,2023-01-16,2303
35.71,2023-01-17,2303
35.55,2023-01-18,2303
35.38,2023-01-19,2303
35.28,2023-01-20,2303
35.18,2023-01-21,2303
35.07,2023-01-22,2303
34.97,2023-01-23,2304
34.87,2023-01-24,2304
34.76,2023-01-25,2304
34.66,2023-01-26,2304
34.55,2023-01-27,2304
34.45,2023-01-28,2304
34.35,2023-01-29,2304
34.24,2023-01-30,2305
34.14,2023-01-31,2305
34.04,2023-02-01,2305
34.05,2023-02-02,2305
34.07,2023-02-03,2305
34.09,2023-02-04,2305
34.11,2023-02-05,2305
34.12,2023-02-06,2306
34.14,2023-02-07,2306
34.16,2023-02-08,2306
34.18,2023-02-09,2306
34.09,2023-02-10,2306
34.01,2023-02-11,2306
33.92,2023-02-12,2306
33.84,2023-02-13,2307
33.76,2023-02-14,2307
33.67,2023-02-15,2307
33.59,2023-02-16,2307
33.57,2023-02-17,2307
33.56,2023-02-18,2307
33.55,2023-02-19,2307
33.54,2023-02-20,2308
33.52,2023-02-21,2308
33.51,2023-02-22,2308
33.43,2023-02-23,2308
33.33,2023-02-24,2308
33.23,2023-02-25,2308
33.17,2023-02-26,2308
33.11,2023-02-27,2309
33.05,2023-02-28,2309
32.99,2023-03-01,2309
32.96,2023-03-02,2309
32.93,2023-03-03,2309
32.78,2023-03-04,2309
32.64,2023-03-05,2309
32.5,2023-03-06,2310
32.36,2023-03-07,2310
32.22,2023-03-08,2310
32.08,2023-03-09,2310
31.86,2023-03-10,2310
31.63,2023-03-11,2310
31.41,2023-03-12,2310
31.19,2023-03-13,2311
30.97,2023-03-14,2311
30.75,2023-03-15,2311
30.52,2023-03-16,2311
30.42,2023-03-17,2311
30.32,2023-03-18,2311
30.22,2023-03-19,2311
30.12,2023-03-20,2312
30.02,2023-03-21,2312
29.92,2023-03-22,2312
29.82,2023-03-23,2312
29.71,2023-03-24,2312
29.6,2023-03-25,2312
29.5,2023-03-26,2312
29.39,2023-03-27,2313
29.28,2023-03-28,2313
29.18,2023-03-29,2313
29.07,2023-03-30,2313
28.96,2023-03-31,2313
28.85,2023-04-01,2313
28.75,2023-04-02,2313
28.64,2023-04-03,2314
28.53,2023-04-04,2314
28.42,2023-04-05,2314
28.43,2023-04-06,2314
28.39,2023-04-07,2314
28.35,2023-04-08,2314
28.32,2023-04-09,2314
28.29,2023-04-10,2315
28.26,2023-04-11,2315
28.23,2023-04-12,2315
28.2,2023-04-13,2315
28.17,2023-04-14,2315
28.14,2023-04-15,2315
28.11,2023-04-16,2315
28.08,2023-04-17,2316
28.05,2023-04-18,2316
28.02,2023-04-19,2316
28.06,2023-04-20,2316
28.03,2023-04-21,2316
28.11,2023-04-22,2316
28.19,2023-04-23,2316
28.27,2023-04-24,2317
28.36,2023-04-25,2317
28.44,2023-04-26,2317
28.52,2023-04-27,2317
28.31,2023-04-28,2317
28.1,2023-04-29,2317
27.89,2023-04-30,2317
27.69,2023-05-01,2318
27.48,2023-05-02,2318
27.27,2023-05-03,2318
27.45,2023-05-04,2318
27.64,2023-05-05,2318
27.78,2023-05-06,2318
27.92,2023-05-07,2318
28.06,2023-05-08,2319
28.2,2023-05-09,2319
28.34,2023-05-10,2319
28.49,2023-05-11,2319
28.63,2023-05-12,2319
28.77,2023-05-13,2319
28.91,2023-05-14,2319
29.05,2023-05-15,2320
29.19,2023-05-16,2320
29.34,2023-05-17,2320
29.48,2023-05-18,2320
29.62,2023-05-19,2320
29.76,2023-05-20,2320
29.9,2023-05-21,2320
30.04,2023-05-22,2321
30.19,2023-05-23,2321
30.3,2023-05-24,2321
30.43,2023-05-25,2321
30.36,2023-05-26,2321
30.29,2023-05-27,2321
30.22,2023-05-28,2321
30.15,2023-05-29,2322
30.07,2023-05-30,2322
30.1,2023-05-31,2322
30.16,2023-06-01,2322
30.22,2023-06-02,2322
30.29,2023-06-03,2322
30.35,2023-06-04,2322
30.41,2023-06-05,2323
30.47,2023-06-06,2323
30.53,2023-06-07,2323
30.59,2023-06-08,2323
30.65,2023-06-09,2323
30.71,2023-06-10,2323
30.78,2023-06-11,2323
30.84,2023-06-12,2324
30.9,2023-06-13,2324
30.96,2023-06-14,2324
31.02,2023-06-15,2324
31.08,2023-06-16,2324
31.14,2023-06-17,2324
31.2,2023-06-18,2324
31.27,2023-06-19,2325
31.33,2023-06-20,2325
31.39,2023-06-21,2325
31.45,2023-06-22,2325
31.56,2023-06-23,2325
31.67,2023-06-24,2325
31.78,2023-06-25,2325
31.9,2023-06-26,2326
32.01,2023-06-27,2326
32.12,2023-06-28,2326
32.33,2023-06-29,2326
