M5S,date,firm,sample_size,week
25,2015-06-29,Tecnè,1000,1527
24.4,2015-07-15,SWG,1500,1529
25.1,2015-08-28,Euromedia,400,1535
25.5,2015-08-31,Piepoli,400,1536
23.7,2015-09-03,SWG,1500,1536
27.2,2016-11-02,SWG,1500,1644
29,2016-11-12,Tecnè,1000,1645
25.4,2017-11-08,SWG,1500,1745
29.3,2017-11-09,IPSOS,1002,1745
26.5,2017-11-15,SWG,1500,1746
27.4,2017-11-18,Tecnè,1000,1746
25.8,2017-11-26,Tecnè,1000,1747
26.7,2017-12-11,Tecnè,1000,1750
28.2,2017-12-13,IPSOS,998,1750
26.2,2017-12-13,SWG,1500,1750
29,2017-12-19,Demopolis,1500,1751
30.4,2017-12-31,Winpoll,2200,1752
28.2,2018-01-07,EMG,1603,1801
29,2018-01-08,Demopolis,1000,1802
28.1,2018-01-08,Tecnè,1000,1802
27,2018-01-09,Bidimedia,1143,1802
27.9,2018-01-10,EMG,1611,1802
28,2018-01-10,Index,800,1802
27.8,2018-01-10,Ixè,2000,1802
26.7,2018-01-10,SWG,1500,1802
29.2,2018-01-11,Demopolis,1500,1802
28.7,2018-01-11,IPSOS,998,1802
26.8,2018-01-14,EMG,1889,1802
26.3,2018-01-15,Euromedia,800,1803
27,2018-01-15,Piepoli,810,1803
27.5,2018-01-17,Index,800,1803
27.3,2018-01-17,SWG,1500,1803
27.8,2018-01-19,Ixè,1000,1803
27,2018-01-21,EMG,1803,1803
29.2,2018-01-22,Lorien,1000,1804
27,2018-01-22,Tecnè,801,1804
27.4,2018-01-23,Tecnè,1501,1804
29.3,2018-01-24,IPSOS,1000,1804
27.8,2018-01-24,SWG,1500,1804
26.4,2018-01-25,Euromedia,800,1804
27,2018-01-25,Index,800,1804
29.2,2018-01-25,Ixè,1000,1804
27.5,2018-01-25,Piepoli,506,1804
26.5,2018-01-28,EMG,1778,1804
29.5,2018-01-29,Demopolis,1500,1805
27.8,2018-01-29,Tecnè,898,1805
28.4,2018-01-31,SWG,1500,1805
26.9,2018-02-01,EMG,1702,1805
27.2,2018-02-01,Euromedia,800,1805
26.9,2018-02-01,Index,800,1805
28.7,2018-02-01,Ixè,1000,1805
27.5,2018-02-01,Piepoli,800,1805
26.2,2018-02-02,Bidimedia,1235,1805
26.8,2018-02-02,Termometro Politico,4000,1805
27.2,2018-02-04,EMG,1742,1805
28.1,2018-02-04,Lorien,1000,1805
27,2018-02-05,Piepoli,500,1806
28.3,2018-02-07,Ixè,1000,1806
28,2018-02-07,Tecnè,1003,1806
28.3,2018-02-08,Demopolis,1000,1806
28.1,2018-02-08,EMG,1683,1806
27.3,2018-02-08,Index,800,1806
28,2018-02-08,SWG,1000,1806
26.8,2018-02-08,Termometro Politico,3500,1806
27.3,2018-02-11,EMG,1614,1806
27.6,2018-02-11,Lorien,1000,1806
25.3,2018-02-12,Bidimedia,1300,1807
27,2018-02-12,Euromedia,800,1807
28.3,2018-02-13,Tecnè,1001,1807
29.4,2018-02-14,Demetra,6006,1807
27.8,2018-02-14,Demos,1014,1807
26.8,2018-02-14,Euromedia,800,1807
27.6,2018-02-14,Index,800,1807
28.1,2018-02-14,Ixè,1000,1807
27,2018-02-14,Piepoli,505,1807
28.3,2018-02-14,SWG,2000,1807
28,2018-02-15,Demopolis,2000,1807
26.3,2018-02-16,Termometro Politico,4500,1807
34.5,2018-03-14,SWG,1000,1811
33.8,2018-03-15,Demos,1246,1811
34,2018-03-15,Piepoli,512,1811
33.4,2018-03-19,Euromedia,800,1812
33.5,2018-03-19,Piepoli,508,1812
34.2,2018-03-20,Tecnè,802,1812
35.2,2018-03-21,SWG,2000,1812
34.9,2018-03-22,Index,800,1812
33.5,2018-03-25,Bidimedia,860,1812
34.6,2018-03-28,Euromedia,800,1813
34.6,2018-03-28,Index,800,1813
33.9,2018-03-28,IPSOS,1000,1813
34,2018-03-28,Piepoli,510,1813
34.1,2018-03-28,SWG,2000,1813
35,2018-04-03,Demopolis,1500,1814
34,2018-04-03,Tecnè,998,1814
34.5,2018-04-04,SWG,2000,1814
34.3,2018-04-05,Index,800,1814
34.2,2018-04-09,Euromedia,1000,1815
34.1,2018-04-11,Index,800,1815
34,2018-04-11,Ixè,1000,1815
32.6,2018-04-11,SWG,2000,1815
34.1,2018-04-13,Euromedia,1000,1815
34,2018-04-18,Index,800,1816
33,2018-04-18,SWG,2000,1816
33.5,2018-04-19,IPSOS,998,1816
33.5,2018-04-20,Tecnè,1000,1816
34,2018-04-23,Piepoli,500,1817
34.3,2018-04-25,SWG,2000,1817
34.5,2018-04-26,EMG,1627,1817
32.9,2018-04-27,Demos,1005,1817
32.8,2018-04-30,Euromedia,800,1818
33,2018-04-30,Piepoli,505,1818
31.8,2018-04-30,Tecnè,1600,1818
33.2,2018-05-02,Index,800,1818
31.5,2018-05-03,EMG,1683,1818
33.7,2018-05-03,IPSOS,1000,1818
32.3,2018-05-06,SWG,1500,1818
32.1,2018-05-06,Tecnè,1500,1818
32,2018-05-07,Piepoli,504,1819
32,2018-05-08,Tecnè,998,1819
34,2018-05-10,Demopolis,1500,1819
30.8,2018-05-10,EMG,1611,1819
32.1,2018-05-10,Euromedia,800,1819
31.5,2018-05-11,Ixè,1000,1819
32.1,2018-05-13,SWG,1500,1819
31.2,2018-05-16,Euromedia,800,1820
30.1,2018-05-16,Index,800,1820
31.9,2018-05-17,EMG,1745,1820
32.6,2018-05-17,IPSOS,1000,1820
31.1,2018-05-18,Demos,1006,1820
31.6,2018-05-18,Tecnè,2000,1820
31.1,2018-05-20,SWG,1500,1820
32.5,2018-05-23,Demopolis,1500,1821
30,2018-05-23,Index,800,1821
32.6,2018-05-24,EMG,1549,1821
29.5,2018-05-28,SWG,2100,1822
33.7,2018-05-29,Euromedia,800,1822
31,2018-05-29,Tecnè,806,1822
32.2,2018-05-29,Termometro Politico,6000,1822
30,2018-05-30,Demopolis,1500,1822
31.5,2018-05-30,Piepoli,505,1822
29,2018-05-31,Index,800,1822
30.1,2018-05-31,IPSOS,1002,1822
32,2018-06-03,EMG,1784,1822
31.5,2018-06-04,Piepoli,614,1823
30.9,2018-06-04,SWG,1500,1823
29.2,2018-06-06,Index,800,1823
31.5,2018-06-11,SWG,1500,1824
30,2018-06-12,Piepoli,506,1824
28.4,2018-06-12,Tecnè,1001,1824
29,2018-06-13,Euromedia,800,1824
29.5,2018-06-15,Termometro Politico,2300,1824
28.5,2018-06-16,Ixè,1000,1824
29,2018-06-18,SWG,1500,1825
29,2018-06-19,Piepoli,504,1825
28,2018-06-20,Euromedia,800,1825
27.5,2018-06-20,Tecnè,1000,1825
29,2018-06-20,Demopolis,1500,1825
28.6,2018-06-24,Bidimedia,896,1825
30.8,2018-06-24,EMG,1784,1825
29,2018-06-25,Piepoli,508,1826
29.4,2018-06-25,SWG,1500,1826
29.8,2018-06-27,IPSOS,997,1826
28.1,2018-07-02,Quorum-YouTrend,2181,1827
28.7,2018-07-02,SWG,1500,1827
30,2018-07-08,EMG,1526,1827
29,2018-07-09,Piepoli,506,1828
29,2018-07-09,SWG,1500,1828
29,2018-07-13,Bidimedia,769,1828
29,2018-07-13,Termometro Politico,3400,1828
29.7,2018-07-16,SWG,1500,1829
31.5,2018-07-18,IPSOS,1000,1829
29.3,2018-07-23,SWG,1500,1830
31,2018-07-25,Demopolis,1200,1830
29.7,2018-07-30,SWG,1500,1831
26.8,2018-08-27,Lorien,500,1835
28.7,2018-09-02,Bidimedia,887,1835
27,2018-09-03,Noto,1000,1836
28.3,2018-09-03,SWG,1500,1836
29.8,2018-09-04,Tecnè,800,1836
30,2018-09-06,IPSOS,1000,1836
27,2018-09-06,Noto,1000,1836
29.5,2018-09-06,Tecnè,1000,1836
26.4,2018-09-07,Scenari Politici-Winpoll,1500,1836
28.9,2018-09-09,EMG,1520,1836
28.3,2018-09-10,Euromedia,800,1837
30,2018-09-10,Piepoli,510,1837
27.9,2018-09-10,SWG,1500,1837
30.2,2018-09-12,Demopolis,1500,1837
29.4,2018-09-13,Demos,1002,1837
29.1,2018-09-15,Tecnè,1000,1837
28.2,2018-09-17,Euromedia,800,1838
30,2018-09-17,Piepoli,510,1838
28.7,2018-09-17,SWG,1500,1838
28.9,2018-09-19,Index,800,1838
27.6,2018-09-21,Ixè,1000,1838
26.9,2018-09-22,Scenari Politici-Winpoll,1500,1838
28.8,2018-09-23,EMG,1469,1838
31.5,2018-09-23,Gpf,801,1838
29.2,2018-09-23,Tecnè,1000,1838
28.6,2018-09-24,SWG,1500,1839
28.7,2018-09-26,Index,800,1839
28.4,2018-09-28,Bidimedia,867,1839
29,2018-10-01,Euromedia,800,1840
32.1,2018-10-01,Gpf,613,1840
30,2018-10-01,Piepoli,505,1840
29.8,2018-10-01,SWG,1500,1840
31,2018-10-02,Demopolis,1500,1840
28.5,2018-10-04,IPSOS,1000,1840
29.4,2018-10-07,EMG,1530,1840
29,2018-10-08,SWG,1500,1841
28.5,2018-10-08,Tecnè,1000,1841
28.2,2018-10-12,Ixè,1000,1841
30,2018-10-12,Demopolis,1500,1841
26.9,2018-10-13,Scenari Politici-Winpoll,1500,1841
28.7,2018-10-14,Tecnè,1000,1841
28.1,2018-10-15,SWG,1500,1842
27.6,2018-10-17,Euromedia,800,1842
29.5,2018-10-17,Piepoli,605,1842
27.4,2018-10-21,Tecnè,1000,1842
28.8,2018-10-21,EMG,1528,1842
29.1,2018-10-22,SWG,1500,1843
27.4,2018-10-25,Index,800,1843
27.1,2018-10-26,Ixè,1000,1843
27.1,2018-10-26,Bidimedia,975,1843
26.5,2018-10-27,Scenari Politici-Winpoll,1500,1843
29,2018-10-29,SWG,1500,1844
30.2,2018-10-29,Gpf,798,1844
27.6,2018-10-31,Demos,1001,1844
28.7,2018-10-31,IPSOS,1000,1844
26.6,2018-10-31,Index,800,1844
27.1,2018-11-02,Tecnè,805,1844
28.2,2018-11-05,SWG,1500,1845
28.5,2018-11-05,Demopolis,1200,1845
25.9,2018-11-09,Ixè,1000,1845
27.4,2018-11-12,SWG,1500,1846
26.8,2018-11-12,Winpoll,1500,1846
26.6,2018-11-12,Tecnè,1000,1846
29.5,2018-11-12,Piepoli,512,1846
26.7,2018-11-12,Euromedia,800,1846
27.3,2018-11-13,EMG,1538,1846
26,2018-11-14,Index,800,1846
26.4,2018-11-19,SWG,1500,1847
26.3,2018-11-20,EMG,1603,1847
25.9,2018-11-21,Index,800,1847
27.7,2018-11-22,Ipsos,1000,1847
27.5,2018-11-22,Bidimedia,1081,1847
25.8,2018-11-23,Tecnè,800,1847
26.3,2018-11-24,Scenari Politici-Winpoll,1500,1847
26.5,2018-11-26,SWG,1500,1848
25.9,2018-11-26,Tecnè,797,1848
25.9,2018-11-27,EMG,1803,1848
25,2018-11-28,Index,1500,1848
28,2018-11-29,Demopolis,1500,1848
25.5,2018-12-02,Tecnè,1000,1848
27.3,2018-12-03,SWG,1500,1849
25.7,2018-12-04,EMG,1784,1849
26.2,2018-12-10,SWG,1500,1850
25.5,2018-12-10,Tecnè,800,1850
28.5,2018-12-11,Piepoli,503,1850
24.6,2018-12-11,Euromedia,800,1850
26.4,2018-12-11,EMG,1803,1850
24.8,2018-12-12,Index,800,1850
27.2,2018-12-12,Gpf,800,1850
27.5,2018-12-13,Demopolis,1500,1850
28,2018-12-14,Quorum/ YouTrend,1001,1850
25.7,2018-12-14,Demos & Pi,1181,1850
25.3,2018-12-17,Tecnè,801,1851
26.5,2018-12-17,SWG,1500,1851
27.9,2018-12-18,EMG,1611,1851
27.1,2018-12-19,Demetra,1113,1851
28.5,2018-12-20,Lorien,1000,1851
26.5,2018-12-21,Bidimedia,1018,1851
27,2018-12-21,Ipsos,1000,1851
28.6,2018-12-30,Gpf,894,1852
26.3,2019-01-07,SWG,1500,1902
24.9,2019-01-07,Tecnè,1003,1902
26.1,2019-01-08,EMG,1540,1902
28,2019-01-08,Piepoli,505,1902
24.1,2019-01-09,Index,800,1902
25.6,2019-01-10,Bidimedia,1096,1902
25.5,2019-01-10,Tecnè,2000,1902
25.2,2019-01-14,SWG,1500,1903
28,2019-01-15,Piepoli,505,1903
24.7,2019-01-15,Euromedia,800,1903
26.5,2019-01-15,Demopolis,1500,1903
26.6,2019-01-15,EMG,1794,1903
23.9,2019-01-16,Index,800,1903
25.4,2019-01-17,Ipsos,1000,1903
25.5,2019-01-17,Tecnè,1005,1903
25.7,2019-01-21,SWG,1500,1904
28,2019-01-22,Piepoli,503,1904
26.5,2019-01-22,EMG,1801,1904
24.9,2019-01-28,SWG,1500,1905
25.8,2019-01-28,Tecnè,1000,1905
27.5,2019-01-29,Piepoli,503,1905
24.7,2019-01-29,Euromedia,800,1905
25.8,2019-01-29,EMG,1786,1905
24.9,2019-01-30,Demos Pi,1006,1905
23.5,2019-01-31,Index,800,1905
24,2019-02-04,SWG,1500,1906
25,2019-02-04,Tecnè,998,1906
25.1,2019-02-05,EMG,1803,1906
24.9,2019-02-06,Bidimedia,1113,1906
23.3,2019-02-07,Index,800,1906
25.4,2019-02-07,Ipsos,1000,1906
25.1,2019-02-07,Tecnè,16000,1906
23.3,2019-02-11,SWG,1500,1907
27,2019-02-12,Piepoli,500,1907
24,2019-02-12,Euromedia,800,1907
25.2,2019-02-13,Demopolis,1500,1907
22.3,2019-02-13,Index,800,1907
24.3,2019-02-15,Quorum-YouTrend,1003,1907
23.2,2019-02-17,Scenari Politici-Winpoll,1500,1907
22.1,2019-02-18,SWG,1500,1908
23.2,2019-02-18,Tecnè,1000,1908
24.8,2019-02-19,EMG,1802,1908
22.2,2019-02-20,Index,800,1908
22.6,2019-02-25,SWG,1500,1909
25,2019-02-25,Piepoli,505,1909
21.8,2019-02-25,Euromedia,800,1909
23.8,2019-02-26,EMG,1603,1909
22.7,2019-02-27,Bidimedia,1084,1909
22.1,2019-02-27,Index,800,1909
21.2,2019-02-28,Ipsos,1000,1909
22,2019-02-28,Tecnè,1000,1909
21.6,2019-03-03,Scenari Politici-Winpoll,1500,1909
22.1,2019-03-04,SWG,1500,1910
21.8,2019-03-04,Tecnè,1003,1910
23.2,2019-03-05,EMG,1803,1910
21.7,2019-03-06,Index,800,1910
22.2,2019-03-07,Tecnè,2000,1910
21.8,2019-03-11,SWG,1500,1911
23.8,2019-03-12,EMG,1845,1911
24.5,2019-03-12,Piepoli,500,1911
22.8,2019-03-13,Demopolis,1500,1911
21.3,2019-03-13,Index,800,1911
23.2,2019-03-13,Demos Pi,1005,1911
21,2019-03-18,SWG,1500,1912
21.8,2019-03-18,Tecnè,1000,1912
23.4,2019-03-19,EMG,1785,1912
20.4,2019-03-20,Index,800,1912
19.8,2019-03-21,Euromedia,800,1912
19.9,2019-03-21,Tecnè,1000,1912
21.3,2019-03-25,SWG,1500,1913
20.3,2019-03-25,Scenari Politici – Winpoll,1500,1913
22.9,2019-03-26,EMG,1865,1913
22,2019-03-27,Demopolis,1500,1913
20.6,2019-03-27,Index,800,1913
21,2019-03-28,Tecnè,1002,1913
22.7,2019-03-30,Quorum – YouTrend,1000,1913
22.2,2019-04-01,SWG,1500,1914
21,2019-04-01,Tecnè,1000,1914
19.1,2019-04-01,Ixè,1000,1914
21.3,2019-04-01,Termometro Politico,4000,1914
22.7,2019-04-02,EMG,1725,1914
21.1,2019-04-03,Index,800,1914
22.5,2019-04-03,Piepoli,504,1914
19.4,2019-04-03,Euromedia,800,1914
23.3,2019-04-04,Ipsos,1000,1914
22,2019-04-08,SWG,1500,1915
20.5,2019-04-08,Scenari Politici – Winpoll,1500,1915
21.4,2019-04-08,Tecnè,1000,1915
21.5,2019-04-09,EMG,1845,1915
22.6,2019-04-10,Termometro Politico,1500,1915
22.3,2019-04-12,Quorum,1000,1915
22.5,2019-04-15,SWG,1500,1916
22.6,2019-04-16,EMG,1794,1916
22.5,2019-04-16,Piepoli,503,1916
20.8,2019-04-16,Euromedia,800,1916
21.7,2019-04-17,Index,800,1916
22,2019-04-18,Tecnè,1000,1916
23.5,2019-04-22,Termometro Politico,1000,1917
23.5,2019-04-23,Demopolis,1500,1917
23.1,2019-04-23,EMG,1525,1917
20.1,2019-04-23,Scenari Politici-Winpoll,1500,1917
22.3,2019-04-23,SWG,1500,1917
22.9,2019-04-27,EMG,1536,1917
22.3,2019-04-29,Tecnè,1000,1918
21.8,2019-04-29,SWG,1500,1918
22,2019-04-30,Index,800,1918
22,2019-04-30,Piepoli,504,1918
20.6,2019-04-30,Euromedia,800,1918
22.2,2019-05-03,Quorum-YouTrend,1000,1918
22.7,2019-05-06,SWG,1500,1919
22,2019-05-06,Tecnè,1509,1919
23,2019-05-07,Demopolis,1500,1919
22,2019-05-08,Piepoli,503,1919
22.4,2019-05-08,Bidimedia,1455,1919
22.6,2019-05-08,Demos & Pi,1007,1919
24.9,2019-05-08,Ipsos,1000,1919
22.7,2019-05-09,Scenari Politici-Winpoll,1500,1919
16.5,2019-05-29,Winpoll,1500,1922
17,2019-05-30,Piepoli,1000,1922
19,2019-06-01,EMG,1600,1922
17.5,2019-06-03,SWG,1500,1923
16.8,2019-06-03,Tecnè,1000,1923
18.9,2019-06-06,Index,800,1923
16.9,2019-06-06,Tecnè,1000,1923
18,2019-06-07,Termometro Politico,1700,1923
18,2019-06-10,Euromedia,800,1924
17,2019-06-10,Piepoli,505,1924
16.9,2019-06-10,Tecnè,1000,1924
18.4,2019-06-10,SWG,1500,1924
18,2019-06-11,EMG,1735,1924
19.2,2019-06-12,Index,800,1924
18.3,2019-06-17,SWG,1500,1925
17.9,2019-06-18,EMG,1815,1925
18.5,2019-06-20,Demopolis,1500,1925
17,2019-06-24,Tecnè,1000,1926
18,2019-06-24,SWG,1500,1926
19,2019-06-25,EMG,1845,1926
17.3,2019-06-26,Ipsos,1000,1926
17.2,2019-07-01,SWG,1500,1927
18,2019-07-04,Termometro Politico,1700,1927
18.1,2019-07-04,Bidimedia,1698,1927
16.9,2019-07-08,Tecnè,1000,1928
17.4,2019-07-08,SWG,1500,1928
17.6,2019-07-10,Demos & Pi,1017,1928
23.7,2019-07-10,Gpf,807,1928
17.2,2019-07-11,Tecnè,1000,1928
17.1,2019-07-12,Termometro Politico,1300,1928
17.5,2019-07-15,Piepoli,500,1929
17.9,2019-07-15,SWG,1500,1929
17.4,2019-07-18,Ipsos,1000,1929
17.3,2019-07-18,Tecnè,1000,1929
17.1,2019-07-18,Termometro Politico,1400,1929
24.2,2019-07-18,Gpf,919,1929
18.5,2019-07-22,SWG,1500,1930
18,2019-07-22,Euromedia,1000,1930
18,2019-07-24,Demopolis,1500,1930
17.5,2019-07-25,Tecnè,1000,1930
17.3,2019-07-29,SWG,1500,1931
14.8,2019-07-30,Scenari Politici-Winpoll,1500,1931
17.8,2019-07-31,Ipsos,1000,1931
17.6,2019-08-01,Tecnè,1000,1931
17,2019-08-02,Termometro Politico,1700,1931
17.5,2019-08-05,Tecnè,1000,1932
18.2,2019-08-10,Termometro Politico,2500,1932
23.7,2019-08-12,Gpf,802,1933
23.1,2019-08-21,Gpf,609,1934
20.8,2019-08-21,Tecnè,1000,1934
16,2019-08-21,IZI,1008,1934
17.8,2019-08-21,Termometro Politico,3000,1934
16.6,2019-08-23,Scenari Politici-Winpoll,1500,1934
19,2019-08-25,Demopolis,3002,1934
16.5,2019-08-27,Piepoli,505,1935
19.2,2019-08-28,Bidimedia,1693,1935
24.2,2019-08-29,Ipsos,998,1935
18.6,2019-08-30,Quorum-YouTrend,1000,1935
21.5,2019-09-02,Tecnè,1000,1936
21.4,2019-09-02,SWG,1500,1936
22.3,2019-09-03,Ixè,1000,1936
21.7,2019-09-05,Tecnè,1000,1936
22,2019-09-05,Demopolis,1500,1936
24.3,2019-09-05,Gpf,1002,1936
21,2019-09-09,SWG,1500,1937
22.2,2019-09-09,Tecnè,1000,1937
21.8,2019-09-10,Demopolis,1500,1937
22,2019-09-10,Ixè,1000,1937
19.7,2019-09-10,EMG,1865,1937
19.7,2019-09-10,Euromedia,800,1937
19.8,2019-09-12,Termometro Politico,3000,1937
15.5,2019-09-12,Scenari Politici-Winpoll,1500,1937
21.1,2019-09-12,Tecnè,800,1937
20.8,2019-09-12,Demos & Pi,1006,1937
20.5,2019-09-16,SWG,1500,1938
20.7,2019-09-16,Tecné,1000,1938
21.9,2019-09-17,Ixé,1000,1938
18.5,2019-09-17,EMG,1805,1938
20,2019-09-18,Bidimedia,1548,1938
20.5,2019-09-19,Demopolis,1500,1938
18.5,2019-09-19,Termometro Politico,2000,1938
20.5,2019-09-19,Tecnè,1000,1938
22.5,2019-09-20,IZI,1004,1938
18,2019-09-20,Quorum-YouTrend,1000,1938
15.1,2019-09-20,Winpoll,1500,1938
19,2019-09-22,Piepoli,505,1938
20,2019-09-23,SWG,1500,1939
20.4,2019-09-23,Tecnè,1000,1939
21.5,2019-09-24,Ixè,1000,1939
18.7,2019-09-25,EMG,1785,1939
20.8,2019-09-26,Ipsos,1000,1939
17.4,2019-09-26,Termometro Politico,2400,1939
20,2019-09-27,Tecnè,800,1939
24.2,2019-09-27,GPF,811,1939
19.6,2019-09-30,SWG,1500,1940
20.2,2019-09-30,Tecnè,1000,1940
21,2019-10-01,Ixè,1000,1940
19,2019-10-02,EMG,1754,1940
20.6,2019-10-03,Demos & Pi,1265,1940
19.8,2019-10-04,Tecnè,1000,1940
19.6,2019-10-07,Ipsos,600,1941
18.5,2019-10-07,SWG,1500,1941
20.1,2019-10-07,Tecnè,1000,1941
20.2,2019-10-08,Ixè,1000,1941
19.3,2019-10-08,Euromedia,800,1941
18.7,2019-10-09,EMG,1624,1941
19.2,2019-10-09,Bidimedia,1438,1941
18.8,2019-10-09,Index,800,1941
18.2,2019-10-10,Termometro Politico,1600,1941
20,2019-10-11,Tecnè,1000,1941
20,2019-10-11,Demopolis,1000,1941
18.6,2019-10-14,SWG,1500,1942
19.8,2019-10-14,Tecnè,1000,1942
18.6,2019-10-14,SWG,1500,1942
19.7,2019-10-15,Ixè,1000,1942
18.3,2019-10-17,Euromedia,800,1942
19.2,2019-10-17,EMG,1534,1942
17.7,2019-10-17,Termometro Politico,2400,1942
19.8,2019-10-18,Tecnè,1000,1942
17.8,2019-10-21,SWG,1500,1943
18.5,2019-10-21,Tecnè,1000,1943
20.8,2019-10-22,Ixè,1000,1943
17.5,2019-10-23,EMG,1578,1943
18.8,2019-10-23,Index,800,1943
14.7,2019-10-24,Scenari Politici-Winpoll,1500,1943
17.1,2019-10-24,Termometro Politico,2300,1943
18,2019-10-25,Tecné,1000,1943
18.2,2019-10-27,SWG,1500,1943
17.7,2019-10-27,Tecnè,1000,1943
19.2,2019-10-29,Ixè,1000,1944
16.8,2019-10-30,EMG,1489,1944
17.5,2019-10-30,Tecnè,1000,1944
17.8,2019-10-30,Index,800,1944
17.9,2019-10-31,Ipsos,1000,1944
18,2019-10-31,Demopolis,1500,1944
18.5,2019-11-01,Piepoli,506,1944
16.8,2019-11-04,SWG,1500,1945
17.9,2019-11-05,Ixe,1000,1945
17.9,2019-11-05,IZI,1002,1945
16.3,2019-11-06,EMG,1387,1945
17.4,2019-11-06,Index,800,1945
15.8,2019-11-07,Termometro Politico,2300,1945
26.3,2019-11-07,Index,800,1945
16.8,2019-11-08,Tecnè,1000,1945
17.5,2019-11-09,Piepoli,505,1945
15.8,2019-11-11,SWG,1500,1946
16.9,2019-11-11,Tecne,1000,1946
15.8,2019-11-11,Euromedia,800,1946
17.2,2019-11-12,Demopolis,1500,1946
16.3,2019-11-12,Ixè,1000,1946
16.1,2019-11-13,Termometro Politico,2200,1946
16.1,2019-11-13,EMG,1425,1946
16.8,2019-11-13,Index,800,1946
16.3,2019-11-15,Tecnè,1000,1946
16.2,2019-11-18,SWG,1500,1947
16.3,2019-11-19,Ixè,1000,1947
16.1,2019-11-20,EMG,1524,1947
17.4,2019-11-20,Bidimedia,1598,1947
15.7,2019-11-21,Termometro Politico,2400,1947
16.1,2019-11-22,Tecnè,1000,1947
17.5,2019-11-22,Piepoli,505,1947
15.9,2019-11-25,Tecnè,1000,1948
16.5,2019-11-25,SWG,1500,1948
16.4,2019-11-26,Ixè,1000,1948
16.9,2019-11-27,Index,800,1948
16.5,2019-11-27,EMG,1612,1948
16.6,2019-11-27,Ipsos,1000,1948
15.3,2019-11-28,Termometro Politico,2000,1948
15.8,2019-11-29,Tecnè,1000,1948
15.5,2019-12-02,SWG,1500,1949
15.8,2019-12-02,Tecnè,1000,1949
15.9,2019-12-03,Ixe,1000,1949
16.3,2019-12-04,EMG,1623,1949
16.2,2019-12-04,Index,800,1949
15.5,2019-12-04,Euromedia,800,1949
15.5,2019-12-05,Termometro Politico,2500,1949
18.1,2019-12-06,Demos & Pi,1276,1949
15.6,2019-12-06,Tecne,1000,1949
17,2019-12-06,Noto,1000,1949
15.5,2019-12-09,SWG,1500,1950
15.6,2019-12-09,Tecne,1000,1950
16.3,2019-12-10,Ixe,1000,1950
15.7,2019-12-11,EMG,1578,1950
16.2,2019-12-11,Index,800,1950
15.7,2019-12-12,Tecne,1000,1950
15.8,2019-12-13,Tecnè,1000,1950
17,2019-12-13,Bidimedia,1406,1950
15.7,2019-12-16,SWG,1500,1951
15.8,2019-12-16,Euromedia,800,1951
16,2019-12-17,Ixè,1000,1951
16.4,2019-12-18,Demopolis,1500,1951
16,2019-12-18,Index,800,1951
16.1,2019-12-18,EMG,1623,1951
15.4,2019-12-19,Termometro Politico,3000,1951
17.7,2019-12-19,Ipsos,1000,1951
16,2019-12-20,Tecnè,1000,1951
15.7,2019-12-23,SWG,1500,1952
15.9,2019-12-23,Tecnè,1000,1952
16.1,2019-12-24,MG Research,807,1952
16.2,2020-01-07,Ixè,1000,2002
15.9,2020-01-08,EMG,1700,2002
16.1,2020-01-08,Termometro Politico,3500,2002
16,2020-01-09,Index,800,2002
15.4,2020-01-10,Tecnè,1000,2002
16.5,2020-01-10,Piepoli,505,2002
15.4,2020-01-13,Euromedia,800,2003
15.5,2020-01-13,Tecnè,1000,2003
15.2,2020-01-13,SWG,1500,2003
15.6,2020-01-14,EMG,1688,2003
15.9,2020-01-14,Ixè,1000,2003
15.8,2020-01-15,Index,800,2003
15.8,2020-01-16,Termometro Politico,2300,2003
16.4,2020-01-16,Bidimedia,1455,2003
15.3,2020-01-17,Tecnè,1000,2003
15.3,2020-01-20,Tecnè,1000,2004
15.6,2020-01-20,SWG,1500,2004
16.1,2020-01-21,Ixè,1000,2004
15.8,2020-01-22,Termometro Politico,2400,2004
16,2020-01-23,Index,800,2004
15.1,2020-01-24,Tecnè,1000,2004
14.9,2020-01-26,SWG,1500,2004
15.9,2020-01-28,Ixè,1000,2005
14.3,2020-01-29,EMG,1589,2005
14,2020-01-30,Ipsos,1000,2005
16,2020-01-30,Termometro Politico,2300,2005
15.5,2020-01-31,Piepoli,505,2005
14.3,2020-01-31,Tecnè,1000,2005
12.7,2020-02-02,Winpoll,1000,2005
13.9,2020-02-03,SWG,1500,2006
15.7,2020-02-03,Ixè,1000,2006
15.2,2020-02-04,Ixè,1000,2006
15.2,2020-02-05,SWG,1200,2006
15.2,2020-02-06,Index,800,2006
15.6,2020-02-06,Termometro Politico,3200,2006
14.1,2020-02-06,EMG,1460,2006
13.8,2020-02-07,Tecnè,1000,2006
14,2020-02-10,SWG,1500,2007
14.9,2020-02-11,Ixè,1000,2007
15,2020-02-12,Index,800,2007
14.2,2020-02-12,EMG,1518,2007
14.4,2020-02-13,Demos & Pi,1019,2007
14.2,2020-02-13,Bidimedia,1589,2007
15.1,2020-02-13,Termometro Politico,4000,2007
13.5,2020-02-14,Tecnè,1000,2007
13,2020-02-17,SWG,1200,2008
13.4,2020-02-17,Tecnè,1000,2008
14.9,2020-02-18,Ixè,1000,2008
14.5,2020-02-18,Demopolis,2000,2008
14.2,2020-02-19,Index,800,2008
14.4,2020-02-19,EMG,2000,2008
15.2,2020-02-20,Termometro Politico,3100,2008
13.3,2020-02-21,Tecnè,1000,2008
15,2020-02-22,Piepoli,503,2008
13.4,2020-02-24,SWG,1200,2009
15.4,2020-02-25,Ixè,1000,2009
14.6,2020-02-26,EMG,1722,2009
15.3,2020-02-27,Termometro Politico,2200,2009
14,2020-02-27,Ipsos,1000,2009
13.4,2020-02-28,Tecnè,1000,2009
14.5,2020-02-29,Piepoli,504,2009
13.7,2020-03-02,SWG,1200,2010
15.7,2020-03-03,Ixè,1000,2010
14.6,2020-03-04,Euromedia,800,2010
14.7,2020-03-04,EMG,1754,2010
15.3,2020-03-05,Termometro Politico,2200,2010
13.6,2020-03-06,Tecnè,1000,2010
12.5,2020-03-07,Winpoll,1000,2010
13.4,2020-03-09,SWG,1200,2011
15.6,2020-03-10,Ixè,1000,2011
14.3,2020-03-11,EMG,1722,2011
14,2020-03-11,BiDiMedia,1296,2011
15.4,2020-03-12,Termometro Politico,2200,2011
13.7,2020-03-13,Tecnè,1000,2011
13.2,2020-03-16,SWG,1200,2012
14.6,2020-03-17,Demos & Pi,1028,2012
14.9,2020-03-17,Ixè,1000,2012
14.7,2020-03-18,EMG,1812,2012
13.7,2020-03-20,Tecnè,1000,2012
12.8,2020-03-21,Winpoll,2000,2012
13.8,2020-03-23,SWG,1200,2013
15.1,2020-03-24,Ixè,1000,2013
14.9,2020-03-25,EMG,1756,2013
13.6,2020-03-26,Termometro Politico,2200,2013
15.3,2020-03-26,Ipsos,1000,2013
14.5,2020-03-26,Euromedia,800,2013
13.6,2020-03-27,Tecnè,1000,2013
14.9,2020-03-30,SWG,1200,2014
15.6,2020-03-31,Ixè,1000,2014
14.7,2020-04-01,EMG,1802,2014
13.8,2020-04-02,Termometro Politico,2200,2014
13.7,2020-04-03,Tecnè,1000,2014
14.5,2020-04-06,SWG,1200,2015
16,2020-04-07,Ixè,1000,2015
15,2020-04-08,EMG,1756,2015
14.2,2020-04-09,Termometro Politico,2200,2015
14.1,2020-04-10,Tecnè,1000,2015
14.2,2020-04-13,SWG,1200,2016
15.1,2020-04-15,EMG,1802,2016
14.7,2020-04-16,Euromedia,800,2016
14.7,2020-04-16,Euromedia,800,2016
14.9,2020-04-16,Termometro Politico,3400,2016
14.8,2020-04-16,BiDiMedia,1441,2016
14,2020-04-17,Tecnè,1000,2016
14.4,2020-04-20,SWG,1200,2017
16.4,2020-04-21,Ixè,1000,2017
14.7,2020-04-22,EMG,1789,2017
18.6,2020-04-23,Ipsos,1000,2017
14.2,2020-04-23,Termometro Politico,2200,2017
14,2020-04-24,Tecnè,1000,2017
15.4,2020-04-27,SWG,1200,2018
16.4,2020-04-28,Ixè,1000,2018
14.7,2020-04-29,EMG,1635,2018
16.5,2020-04-30,Demopolis,1500,2018
14.7,2020-04-30,Termometro Politico,4400,2018
16.3,2020-04-30,Demos & Pi,1006,2018
14.3,2020-04-30,Tecnè,1000,2018
19,2020-05-04,Piepoli,1000,2019
16.2,2020-05-04,SWG,1200,2019
16.8,2020-05-05,Ixè,1000,2019
15.2,2020-05-06,Euromedia,800,2019
15.1,2020-05-06,EMG,1589,2019
14.9,2020-05-07,Index,800,2019
15,2020-05-07,Termometro Politico,3600,2019
14.9,2020-05-08,Tecnè,1000,2019
16.7,2020-05-11,SWG,1200,2020
16.9,2020-05-12,Ixè,1000,2020
16,2020-05-13,Demopolis,1500,2020
15.4,2020-05-13,EMG,1623,2020
14.8,2020-05-14,Termometro Politico,3300,2020
15,2020-05-14,BiDiMedia,1781,2020
15.2,2020-05-15,Tecnè,1000,2020
16,2020-05-18,SWG,1200,2021
15.4,2020-05-19,EMG,1725,2021
17.2,2020-05-19,Ixè,1000,2021
16.7,2020-05-21,Ipsos,1000,2021
15,2020-05-21,Termometro Politico,2700,2021
15.5,2020-05-21,Euromedia,800,2021
15.1,2020-05-22,Tecnè,1000,2021
15.2,2020-05-25,Tecnè,1000,2022
15.7,2020-05-25,SWG,1200,2022
17.5,2020-05-26,Ixè,1000,2022
15.7,2020-05-26,EMG,1758,2022
13.8,2020-05-27,Demopolis,1500,2022
15.5,2020-05-28,Index,800,2022
15.3,2020-05-28,Termometro Politico,3300,2022
15,2020-05-29,Tecnè,1000,2022
15.5,2020-05-30,Quorum-YouTrend,1009,2022
14.4,2020-05-30,Winpoll,1590,2022
16,2020-06-01,SWG,1200,2023
15.8,2020-06-02,EMG,1762,2023
15.8,2020-06-04,Euromedia,800,2023
15.2,2020-06-04,Termometro Politico,3300,2023
14.9,2020-06-05,Tecnè,1000,2023
15.8,2020-06-08,SWG,1200,2024
17.2,2020-06-09,Ixè,1000,2024
16,2020-06-10,EMG,1624,2024
17.1,2020-06-11,Ipsos,1200,2024
15.3,2020-06-11,BiDiMedia,1617,2024
15.5,2020-06-12,Tecnè,1000,2024
16.2,2020-06-15,SWG,1200,2025
16.4,2020-06-16,EMG,1546,2025
16.4,2020-06-16,EMG,1546,2025
16.1,2020-06-16,Ixè,1000,2025
16.8,2020-06-17,Demos & Pi,1006,2025
14.5,2020-06-19,Tecnè,1000,2025
15.9,2020-06-22,SWG,1200,2026
16.1,2020-06-23,EMG,1623,2026
15.6,2020-06-23,Ixè,1000,2026
18,2020-06-25,Ipsos,1000,2026
15.3,2020-06-25,Termometro Politico,2400,2026
15.8,2020-06-26,Demopolis,1500,2026
14.5,2020-06-26,Tecnè,1000,2026
16,2020-06-29,SWG,1200,2027
15,2020-07-02,BiDiMedia,1496,2027
14.9,2020-07-02,Termometro Politico,2900,2027
14.6,2020-07-03,Tecnè,1000,2027
16.7,2020-07-05,Lab2101,837,2027
14.8,2020-07-06,Tecnè,1000,2028
15.7,2020-07-06,SWG,1200,2028
15.4,2020-07-07,Ixè,1000,2028
14.4,2020-07-09,Termometro Politico,2300,2028
14.7,2020-07-10,Tecnè ,1000,2028
16,2020-07-13,Analisi Politica,1000,2029
15.3,2020-07-13,SWG,1200,2029
14.9,2020-07-16,Termometro Politico,2200,2029
15,2020-07-17,Tecnè,1000,2029
15.6,2020-07-20,SWG,1200,2030
15.8,2020-07-21,Ixè,1000,2030
16,2020-07-22,Demopolis,1500,2030
14.6,2020-07-23,Termometro Politico,2200,2030
18.9,2020-07-23,Ipsos,1000,2030
15.4,2020-07-24,Tecnè,1000,2030
16,2020-07-27,SWG,1200,2031
14.9,2020-07-30,Termometro Politico,2000,2031
16.7,2020-07-30,Ixè,1000,2031
15.8,2020-07-31,Tecnè,1000,2031
16.4,2020-08-03,SWG,1200,2032
16,2020-08-04,Euromedia,1000,2032
14.5,2020-08-06,Termometro Politico,2100,2032
19.9,2020-08-14,Demoskopea,1002,2033
16.2,2020-08-26,Demos & Pi,1014,2035
14.4,2020-08-27,Termometro Politico,2000,2035
15.2,2020-08-27,BiDiMedia,1661,2035
16.3,2020-08-31,Tecnè,2000,2036
15.8,2020-08-31,SWG,1200,2036
14.4,2020-09-03,Termometro Politico,2600,2036
15.7,2020-09-21,Tecnè,2000,2039
18.6,2020-09-24,Ipsos,1000,2039
14.8,2020-09-24,Termometro Politico,2500,2039
14,2020-09-24,BiDiMedia,1415,2039
16,2020-09-28,SWG,1200,2040
14.9,2020-09-29,Lab2101,1000,2040
14.6,2020-10-01,Termometro Politico ,2400,2040
16,2020-10-02,Index,800,2040
15.5,2020-10-02,Tecnè,1000,2040
15.2,2020-10-05,SWG,1200,2041
14.5,2020-10-06,EMG,1718,2041
16.7,2020-10-06,Ixè,1000,2041
15.2,2020-10-09,Tecnè,1000,2041
15.5,2020-10-12,SWG,1200,2042
14.8,2020-10-13,EMG,1725,2042
16.1,2020-10-16,Quorum-YouTrend,500,2042
14.7,2020-10-16,Tecnè,1000,2042
15.2,2020-10-19,SWG,1200,2043
16,2020-10-20,Demoskopea,705,2043
15.5,2020-10-20,Euromedia,800,2043
14.9,2020-10-21,EMG,1672,2043
14.5,2020-10-23,Tecnè,1000,2043
15.4,2020-10-26,SWG,1200,2044
14.8,2020-10-27,EMG,1525,2044
14.3,2020-10-28,BiDiMedia,1492,2044
15.7,2020-10-28,Demos & Pi,1017,2044
15.8,2020-10-28,Ixè,1000,2044
15.9,2020-10-29,Ipsos,1000,2044
14.4,2020-10-30,Tecnè,1000,2044
15.7,2020-10-30,Quorum – YouTrend,503,2044
15.8,2020-10-30,Lab2101,814,2044
14.6,2020-11-02,EMG,1425,2045
15,2020-11-02,SWG,1200,2045
16,2020-11-06,Quorum-YouTrend,502,2045
15.2,2020-11-06,Index,800,2045
14.4,2020-11-06,Tecnè,1000,2045
14.9,2020-11-09,SWG,1200,2046
14.3,2020-11-10,EMG,1488,2046
15.4,2020-11-10,Demopolis,1500,2046
14.6,2020-11-12,Termometro Politico,2300,2046
15.4,2020-11-13,Quorum-YouTrend,502,2046
14.5,2020-11-13,Tecnè,1000,2046
15.3,2020-11-16,SWG,1200,2047
15.5,2020-11-18,Euromedia,800,2047
14.3,2020-11-19,Termometro Politico,2300,2047
15,2020-11-20,Quorum-YouTrend,500,2047
14.4,2020-11-20,Tecnè,1000,2047
15.6,2020-11-21,Ixè,1000,2047
14.3,2020-11-23,EMG,1321,2048
15.6,2020-11-23,SWG,1200,2048
14.2,2020-11-24,Demoskopea,618,2048
13.5,2020-11-25,BiDiMedia,1484,2048
15,2020-11-26,Ipsos,1000,2048
14.6,2020-11-27,Tecnè,1000,2048
15,2020-11-30,SWG,1200,2049
14,2020-12-02,Noto,1000,2049
14.9,2020-12-04,Quorum-YouTrend,502,2049
14.7,2020-12-07,SWG,1200,2050
15.6,2020-12-10,Ixè,1000,2050
14.5,2020-12-10,Termometro Politico,2300,2050
15.5,2020-12-10,Demos & Pi,1002,2050
14.6,2020-12-11,Quorum-YouTrend,503,2050
14.2,2020-12-11,Tecnè,1000,2050
14.3,2020-12-14,Tecnè,1000,2051
14,2020-12-14,EMG,1664,2051
14.8,2020-12-14,SWG,1200,2051
14.8,2020-12-15,Euromedia,800,2051
12.7,2020-12-16,BiDiMedia,1398,2051
14.3,2020-12-17,Termometro Politico,2100,2051
16,2020-12-17,Ipsos,1000,2051
14.2,2020-12-18,Tecnè,1000,2051
15,2020-12-18,Quorum-YouTrend,502,2051
14.5,2020-12-21,Euromedia ,800,2052
14.3,2020-12-21,SWG,1200,2052
13.9,2020-12-28,EMG,1672,2053
14.7,2020-12-31,Lab2101,1000,2053
14,2021-01-04,Tecnè,1000,2101
14.4,2021-01-05,Lab2101,1000,2101
14.1,2021-01-11,Tecnè,800,2102
14.7,2021-01-11,SWG,1200,2102
14.1,2021-01-12,Euromedia ,1000,2102
13.9,2021-01-12,EMG	,1684,2102
12.9,2021-01-13,BiDiMedia,1555,2102
14.6,2021-01-14,Index,800,2102
16.3,2021-01-14,Ipsos,1000,2102
14,2021-01-14,Noto,1000,2102
14.3,2021-01-17,Tecnè,1003,2102
15.5,2021-01-18,Demopolis,2000,2103
15.8,2021-01-18,SWG,1200,2103
15,2021-01-19,Index,1200,2103
14.1,2021-01-19,EMG,1524,2103
14.3,2021-01-20,Euromedia,800,2103
15.3,2021-01-21,Termometro Politico,2100,2103
14.1,2021-01-22,Tecnè,1000,2103
15,2021-01-25,Demopolis,2000,2104
15.7,2021-01-25,SWG,1200,2104
14,2021-01-26,EMG,1564,2104
13.7,2021-01-27,Winpoll,1000,2104
14.6,2021-01-27,Index,800,2104
14,2021-01-28,Noto,1000,2104
18.1,2021-01-28,Ipsos,1000,2104
15.4,2021-01-28,Ixè,1000,2104
13.8,2021-01-29,Tecnè,1000,2104
14.1,2021-02-01,Euromedia,800,2105
16.3,2021-02-01,SWG,1200,2105
13.9,2021-02-02,EMG,1482,2105
14.5,2021-02-03,Index,800,2105
15,2021-02-04,Noto,1000,2105
13.6,2021-02-05,Tecnè,1000,2105
15.2,2021-02-05,Demos & Pi,1001,2105
15.8,2021-02-08,SWG,1200,2106
13.3,2021-02-09,BiDiMedia,1558,2106
14.7,2021-02-10,Euromedia,800,2106
14.7,2021-02-10,Index,800,2106
13.3,2021-02-11,Winpoll,1000,2106
16.4,2021-02-11,Termometro Politico,2250,2106
13.2,2021-02-13,Tecnè,1000,2106
15.4,2021-02-15,SWG,1200,2107
13.9,2021-02-16,Quorum-YouTrend,808,2107
13.6,2021-02-17,EMG,1488,2107
15.8,2021-02-17,Termometro Politico,2900,2107
14.5,2021-02-18,Noto,1000,2107
14.6,2021-02-18,Index,800,2107
13.3,2021-02-19,Tecnè,1002,2107
13.2,2021-02-22,Tecnè,1501,2108
14.5,2021-02-22,Euromedia,1000,2108
15.4,2021-02-22,SWG,1200,2108
15,2021-02-24,Termometro Politico,2700,2108
15.4,2021-02-25,Ipsos,1000,2108
13.2,2021-02-26,Tecnè,1000,2108
14.1,2021-03-01,EMG,1487,2109
15.8,2021-03-01,SWG,1200,2109
14.5,2021-03-03,Index,800,2109
15.3,2021-03-03,Ixè,1000,2109
13.6,2021-03-04,BiDiMedia,1465,2109
15.2,2021-03-04,Termometro Politico,2700,2109
14.1,2021-03-05,Tecnè,1000,2109
17.2,2021-03-08,SWG,1200,2110
17.2,2021-03-09,Euromedia,1000,2110
17.2,2021-03-09,EMG,1493,2110
16.4,2021-03-10,Demopolis,1804,2110
15.7,2021-03-10,Ixè,1000,2110
15.7,2021-03-11,Termometro Politico,2700,2110
18.8,2021-03-11,Demos & Pi,1522,2110
16,2021-03-12,Tecnè,1000,2110
17.4,2021-03-15,Euromedia,1110,2111
17,2021-03-15,SWG,1200,2111
14.1,2021-03-18,Winpoll,2000,2111
15.3,2021-03-18,Termometro Politico,2700,2111
15.3,2021-03-18,Index,2700,2111
15.8,2021-03-19,Tecnè,1002,2111
17.5,2021-03-22,SWG,1200,2112
16.5,2021-03-25,Noto,1000,2112
15.6,2021-03-25,Termometro Politico,2200,2112
18,2021-03-25,Ipsos,1000,2112
16,2021-03-26,Tecnè,1000,2112
17.4,2021-03-29,SWG,1200,2113
16,2021-03-31,Index,800,2113
17.8,2021-04-01,Ipsos,1000,2113
15.5,2021-04-01,Termometro Politico,2300,2113
16.3,2021-04-01,Tecnè,1003,2113
17.5,2021-04-06,SWG,1200,2114
17.4,2021-04-07,Euromedia,800,2114
16.4,2021-04-07,Index,800,2114
14.5,2021-04-08,Termometro Politico,3726,2114
14.5,2021-04-08,BiDiMedia,3726,2114
16.5,2021-04-09,Tecnè,1502,2114
16.5,2021-04-12,Noto,2000,2115
16.5,2021-04-12,Tecnè,1998,2115
17.7,2021-04-12,SWG,1200,2115
17.5,2021-04-13,Piepoli,505,2115
16.5,2021-04-13,EMG,1582,2115
15.7,2021-04-15,Termometro Politico,3100,2115
16.6,2021-04-16,Tecnè,2001,2115
18.4,2021-04-19,SWG,1200,2116
17.5,2021-04-22,Noto,1000,2116
16.6,2021-04-22,Index,800,2116
16,2021-04-23,Tecnè,1000,2116
17.4,2021-04-26,SWG,1200,2117
16.7,2021-04-28,Index,800,2117
16,2021-04-29,Ipsos,1000,2117
16.2,2021-04-29,Termometro Politico,4000,2117
16.4,2021-05-02,Tecnè,1000,2117
17.8,2021-05-03,SWG,1200,2118
15.7,2021-05-05,Euromedia,800,2118
16.5,2021-05-05,Index,800,2118
15.1,2021-05-05,BiDiMedia,1879,2118
16.4,2021-05-06,Termometro Politico,4100,2118
16.5,2021-05-06,Demopolis,2000,2118
16.2,2021-05-07,Tecnè,1000,2118
17,2021-05-07,Ixè,1000,2118
17,2021-05-10,SWG,1200,2119
17.7,2021-05-12,Demos & Pi,1010,2119
16,2021-05-12,Index,800,2119
16.5,2021-05-14,Tecnè,1000,2119
16.8,2021-05-17,SWG,1200,2120
17.5,2021-05-18,Piepoli,505,2120
16.5,2021-05-19,Euromedia,1000,2120
16.2,2021-05-19,Index,800,2120
15.7,2021-05-20,Termometro Politico,3200,2120
17,2021-05-20,Noto,1000,2120
17.3,2021-05-21,Quorum-YouTrend,807,2120
16.7,2021-05-21,Tecnè,1000,2120
16.5,2021-05-24,SWG,1200,2121
15.5,2021-05-26,Euromedia,800,2121
16.8,2021-05-27,Tecnè,1000,2121
15.4,2021-05-27,Ipsos,1000,2121
16.8,2021-05-28,Tecnè,1000,2121
15.8,2021-05-31,SWG,1200,2122
16,2021-06-03,Noto,1000,2122
17.4,2021-06-03,EMG,1572,2122
16.3,2021-06-04,Tecnè,1000,2122
15.9,2021-06-07,SWG,1200,2123
17.1,2021-06-07,EMG,1584,2123
16.8,2021-06-08,Demopolis,1500,2123
16,2021-06-08,Euromedia,800,2123
16,2021-06-10,Termometro Politico,3200,2123
16,2021-06-11,Tecnè,1000,2123
14.2,2021-06-12,Ipsos,1000,2123
16.2,2021-06-14,Euromedia,1000,2124
16.2,2021-06-14,SWG,1200,2124
17,2021-06-15,EMG,1428,2124
15.3,2021-06-17,BiDiMedia,2014,2124
15.8,2021-06-17,Termometro Politico,2900,2124
15.7,2021-06-17,Tecnè,1000,2124
17.6,2021-06-17,Ixè,1000,2124
15.6,2021-06-18,Tecnè,1000,2124
16,2021-06-21,SWG,1200,2125
16.5,2021-06-24,Ipsos,1000,2125
17.2,2021-06-24,Demopolis,2000,2125
15.2,2021-06-25,Tecnè,1000,2125
16.6,2021-06-28,SWG,1200,2126
15.4,2021-07-01,Termometro Politico,3200,2126
17,2021-07-01,Ixè,1000,2126
14.7,2021-07-02,Tecnè,1000,2126
14.6,2021-07-05,SWG,1200,2127
15.5,2021-07-08,Termometro Politico,2700,2127
15.1,2021-07-09,Tecnè,1000,2127
14.4,2021-07-12,SWG,1200,2128
14.3,2021-07-13,Euromedia,1000,2128
15.3,2021-07-14,Demos & Pi,1010,2128
15.7,2021-07-15,Termometro Politico,3200,2128
14.8,2021-07-16,Tecnè,1000,2128
15.2,2021-07-19,SWG,1200,2129
15.5,2021-07-20,Piepoli,507,2129
15.9,2021-07-22,Termometro Politico,3200,2129
17.1,2021-07-22,Ipsos,1000,2129
17.3,2021-07-22,Ixè,1000,2129
15,2021-07-23,Tecnè,1000,2129
15.2,2021-07-23,Euromedia,1000,2129
15,2021-07-24,BiDiMedia,1874,2129
15.8,2021-07-26,SWG,1200,2130
15.5,2021-07-27,Euromedia,1000,2130
15.9,2021-07-29,Termometro Politico,3200,2130
15.5,2021-08-02,SWG,1200,2131
16.6,2021-08-03,Demopolis,1200,2131
16,2021-08-05,Termometro Politico,3200,2131
16.2,2021-08-15,Lab2101,1000,2132
16.3,2021-08-30,SWG,1200,2135
16.3,2021-09-02,Euromedia,1000,2135
16.6,2021-09-02,Demos & Pi,1010,2135
15.6,2021-09-02,Termometro Politico,2900,2135
16.1,2021-09-03,Tecnè,1000,2135
16,2021-09-06,SWG,1200,2136
16,2021-09-09,Termometro Politico,3200,2136
17,2021-09-09,Ipsos,1000,2136
15.8,2021-09-13,SWG,1200,2137
17.1,2021-09-14,Euromedia,1159,2137
16.1,2021-09-14,EMG,1521,2137
16,2021-09-16,Termometro Politico,3200,2137
18,2021-09-17,Ixè,1000,2137
16.3,2021-10-03,BiDiMedia,1365,2139
16,2021-10-07,BiDiMedia,1895,2140
16.9,2021-10-11,SWG,1200,2141
15.9,2021-10-14,Lab2101,1000,2141
15.8,2021-10-14,Termometro Politico,3600,2141
15.8,2021-10-16,Demopolis,8860,2141
16.4,2021-10-18,SWG,1200,2142
16,2021-10-19,Noto,1000,2142
14.8,2021-10-19,EMG,2000,2142
16.2,2021-10-20,Euromedia,800,2142
15.6,2021-10-21,Tecnè,1000,2142
16.5,2021-10-21,Ipsos,1000,2142
15.5,2021-10-21,Termometro Politico,3400,2142
16.6,2021-10-25,SWG,1200,2143
16.2,2021-10-27,Index,800,2143
16.8,2021-10-27,Demopolis,2000,2143
15.5,2021-10-28,Termometro Politico,3300,2143
15.9,2021-10-29,Tecnè,1000,2143
16.3,2021-10-31,SWG,1200,2143
16,2021-11-02,Euromedia,800,2144
15,2021-11-02,EMG,1499,2144
16,2021-11-03,Index Research,800,2144
15.4,2021-11-04,Termometro Politico,3400,2144
15.5,2021-11-04,Noto,1000,2144
16,2021-11-05,Tecnè,1000,2144
16.4,2021-11-08,SWG,1200,2145
18,2021-11-08,Ixè,1000,2145
15.2,2021-11-09,EMG,1428,2145
16.1,2021-11-10,Demos&Pi,1015,2145
15.6,2021-11-11,Termometro Politico,3400,2145
16,2021-11-11,Index Research,800,2145
16.2,2021-11-13,Tecnè,1000,2145
15.9,2021-11-14,Lab2101,1000,2145
16.1,2021-11-15,SWG,1200,2146
15.3,2021-11-16,EMG,1625,2146
15.7,2021-11-17,Index,800,2146
11,2021-11-18,Winpoll,1000,2146
16.2,2021-11-18,Euromedia,800,2146
15.8,2021-11-18,Termometro Politico,3200,2146
16.1,2021-11-20,Tecnè,1000,2146
15.7,2021-11-22,SWG,1200,2147
15.4,2021-11-23,EMG,1382,2147
15.4,2021-11-25,Termometro Politico,3100,2147
15.8,2021-11-25,Index,800,2147
15.4,2021-11-25,BiDiMedia,5942,2147
15.5,2021-11-25,Ipsos,1000,2147
15.9,2021-11-27,Tecnè,1000,2147
15.7,2021-11-29,SWG,1200,2148
15.8,2021-11-30,Demopolis,1800,2148
15,2021-12-01,Noto,1000,2148
15.2,2021-12-02,Termometro Politico,3200,2148
15.2,2021-12-02,EMG,1394,2148
15.4,2021-12-03,Tecnè,1000,2148
15.8,2021-12-06,Euromedia,1000,2149
15.1,2021-12-06,SWG,1200,2149
15.4,2021-12-09,Index,800,2149
15.1,2021-12-10,Tecnè,1000,2149
14.3,2021-12-13,SWG,1200,2150
14.9,2021-12-16,Termometro Politico,2400,2150
15,2021-12-16,BiDiMedia,2391,2150
15,2021-12-16,Demopolis,2000,2150
14.4,2021-12-17,Technè,1000,2150
15.7,2021-12-20,Euromedia,800,2151
16.4,2021-12-20,Ixè,1000,2151
13.9,2021-12-20,SWG,1200,2151
16.4,2021-12-22,Ipsos,1000,2151
16,2021-12-22,Demos & Pi,917,2151
14.8,2022-01-10,Euromedia,1000,2202
14,2022-01-10,SWG,1200,2202
14,2022-01-12,Noto,1000,2202
14.4,2022-01-12,Index,800,2202
14.3,2022-01-14,Technè,1000,2202
14.2,2022-01-15,BiDiMedia,2675,2202
13.7,2022-01-17,SWG,1200,2203
14.1,2022-01-19,Index,800,2203
14.8,2022-01-20,Termometro Politico,3300,2203
16.6,2022-01-20,Quorum-YouTrend,804,2203
14.4,2022-01-20,Euromedia,800,2203
13.7,2022-01-21,Technè,1000,2203
13.5,2022-01-24,SWG,1200,2204
14.7,2022-01-27,Termometro Politico,3300,2204
14.2,2022-01-31,Euromedia,1000,2205
14.2,2022-01-31,EMG,1463,2205
15.1,2022-01-31,Ixè,1000,2205
13.8,2022-01-31,SWG,1200,2205
15.6,2022-02-01,Demos & Pi,1037,2205
13.1,2022-02-02,Technè,1000,2205
13.2,2022-02-02,Index ,800,2205
14.2,2022-02-03,Demopolis ,1500,2205
14.4,2022-02-03,Termometro Politico,3600,2205
15.5,2022-02-03,Ipsos,1000,2205
13.3,2022-02-07,SWG,1200,2206
13.8,2022-02-08,EMG ,1518,2206
12.5,2022-02-10,Noto,1000,2206
16.2,2022-02-10,Quorum-YouTrend,802,2206
14.4,2022-02-10,Termometro Politico,3600,2206
12.8,2022-02-11,Technè,1000,2206
13.1,2022-02-12,BiDiMedia,3015,2206
12.8,2022-02-14,SWG ,1200,2207
13.7,2022-02-16,Euromedia,1121,2207
15.6,2022-02-18,Ixè,1000,2207
12.8,2022-02-18,Technè ,1000,2207
13.7,2022-02-21,EMG ,1568,2208
13.1,2022-02-21,SWG ,1200,2208
13.4,2022-02-23,Demopolis,1500,2208
15.4,2022-02-24,Ipsos,1000,2208
13,2022-02-28,SWG,1200,2209
13.4,2022-03-03,Termometro Politico ,3400,2209
14.8,2022-03-04,Demos & Pi,1015,2209
12.4,2022-03-04,Technè ,1000,2209
12.6,2022-03-07,SWG,1200,2210
12,2022-03-08,Noto,1000,2210
14.6,2022-03-09,Lab2101,587,2210
14.9,2022-03-09,Ixè,1000,2210
12.3,2022-03-11,Technè ,1000,2210
13.4,2022-03-12,Euromedia ,1000,2210
13,2022-03-14,SWG,1200,2211
13.2,2022-03-17,Termometro Politico,3200,2211
12.4,2022-03-18,Technè,1000,2211
12.9,2022-03-21,SWG,1200,2212
12.5,2022-03-22,Euromedia ,800,2212
14.5,2022-03-24,Ipsos,1000,2212
13,2022-03-24,Termometro Politico ,3000,2212
12.3,2022-03-25,Technè ,1000,2212
14.1,2022-03-25,Ixè ,1000,2212
13,2022-03-28,Euromedia ,1000,2213
13.4,2022-03-28,SWG,1200,2213
13.2,2022-03-31,Termometro Politico,3500,2213
13.3,2022-04-04,SWG,1200,2214
13,2022-04-07,Termometro Politico,3200,2214
12.2,2022-04-09,BiDiMedia,1500,2214
14.4,2022-04-09,Lab2101,1500,2214
12.9,2022-04-11,SWG,1200,2215
14.2,2022-04-12,Demos & Pi,1012,2215
12.3,2022-04-14,Euromedia,1000,2215
12.9,2022-04-14,Termometro Politico,2800,2215
14.4,2022-04-15,Ixè,1000,2215
12.9,2022-04-19,SWG,1200,2216
13.2,2022-04-20,Demopolis,1500,2216
12.6,2022-04-22,Technè,1000,2216
15,2022-04-24,Ipsos,1000,2216
12.7,2022-04-24,SWG,1200,2216
13.1,2022-04-28,Termometro Politico,2800,2217
12.7,2022-04-29,Technè,1000,2217
12.5,2022-05-02,SWG,1200,2218
12.7,2022-05-04,Index,800,2218
13.3,2022-05-05,Termometro Politico,3200,2218
12.9,2022-05-06,Technè,1000,2218
12.8,2022-05-09,SWG,1200,2219
12.5,2022-05-11,Index,800,2219
13.1,2022-05-12,Technè,1000,2219
13.3,2022-05-12,Termometro Politico,3000,2219
13.3,2022-05-16,EMG,1602,2220
12.6,2022-05-16,SWG ,1200,2220
12.4,2022-05-18,Index,800,2220
12.9,2022-05-19,Technè,1000,2220
13.1,2022-05-19,Termometro Politico,3100,2220
12,2022-05-19,Noto,1000,2220
12.8,2022-05-23,SWG,1200,2221
13,2022-05-24,EMG,1472,2221
12.5,2022-05-24,Euromedia,800,2221
13,2022-05-24,Demopolis,2000,2221
13.4,2022-05-25,Demos & Pi ,1004,2221
13.7,2022-05-25,Ipsos,1000,2221
12.5,2022-05-25,Index,800,2221
13.2,2022-05-26,Termometro Politico,3000,2221
11.5,2022-06-12,Noto,1000,2223
13,2022-06-13,EMG,1562,2224
12.9,2022-06-13,SWG,1200,2224
11.4,2022-06-14,Euromedia,800,2224
12.6,2022-06-16,Termometro Politico,3200,2224
14.2,2022-06-16,Lab2101,1000,2224
12.3,2022-06-17,Tecnè,1000,2224
12.5,2022-06-20,SWG,1200,2225
11,2022-06-22,Euromedia,1000,2225
9.3,2022-06-24,Technè,1000,2225
12.8,2022-06-24,Termometro Politico,3700,2225
9.9,2022-06-25,Winpoll,1000,2225
11.5,2022-06-27,SWG,1200,2226
10,2022-06-27,Noto,1000,2226
12.6,2022-06-30,Termometro Politico,3300,2226
12.1,2022-06-30,Ipsos,1000,2226
9.4,2022-07-01,Technè,1000,2226
11.2,2022-07-04,SWG,1200,2227
12.5,2022-07-07,Termometro Politico,3200,2227
9.5,2022-07-09,Technè,1000,2227
11.5,2022-07-11,SWG,1200,2228
12.4,2022-07-14,Termometro Politico,3400,2228
10.2,2022-07-14,BiDiMedia,2000,2228
9.7,2022-07-15,Technè,1000,2228
11.2,2022-07-18,SWG,1200,2229
10.3,2022-07-21,Lab2101,1000,2229
9.4,2022-07-21,Tecnè,800,2229
11.9,2022-07-21,Termometro Politico,3900,2229
10,2022-07-23,BiDiMedia,1500,2229
9.8,2022-07-23,Demopolis,2000,2229
9.8,2022-07-23,Quorum-YouTrend,1000,2229
10.1,2022-07-25,SWG,1200,2230
10.5,2022-07-27,EMG,1000,2230
11.3,2022-07-28,Termometro Politico,4300,2230
11,2022-07-30,Noto,1000,2230
11.3,2022-07-30,Ipsos,1000,2230
9.9,2022-07-31,Quorum-YouTrend,1000,2230
10,2022-08-01,SWG,1200,2231
11.3,2022-08-02,Demos & Pi,1000,2231
9.7,2022-08-03,BiDiMedia,1213,2231
9.5,2022-08-04,Technè,800,2231
10.1,2022-08-05,Lab2101,1000,2231
9.6,2022-08-06,BiDiMedia,4125,2231
10.6,2022-08-08,Quorum-YouTrend,1000,2232
10.4,2022-08-08,SWG,1200,2232
10.6,2022-08-11,Demopolis,1206,2232
10,2022-08-12,Lab2101,1000,2232
11.1,2022-08-18,Termometro Politico,4900,2233
10,2022-08-18,BiDiMedia,2107,2233
10.2,2022-08-18,Technè,1506,2233
10.1,2022-08-20,Lab2101,1000,2233
10.5,2022-08-24,Technè,2000,2234
11,2022-08-24,Demopolis,1408,2234
10.8,2022-08-25,BiDiMedia,1300,2234
10.7,2022-08-25,Termometro Politico,5300,2234
11.1,2022-08-27,Quorum-YouTrend,1005,2234
10.9,2022-08-29,Tecnè,2000,2235
11.7,2022-08-29,EMG,1523,2235
11.6,2022-08-29,SWG,1200,2235
13.4,2022-08-30,Ipsos,1000,2235
11,2022-08-30,BiDiMedia,1208,2235
12.5,2022-08-31,Noto,1000,2235
13.8,2022-09-02,Ixè,1209,2235
11.1,2022-09-02,Lab2101,1000,2235
12.3,2022-09-02,Demopolis,2004,2235
11.9,2022-09-04,Technè,2000,2235
12.1,2022-09-04,Quorum-YouTrend,1000,2235
14.8,2022-09-05,Ipsos,1000,2236
11.9,2022-09-05,SWG,1200,2236
11.6,2022-09-06,BiDiMedia,1214,2236
14,2022-09-07,Index Research,800,2236
13.8,2022-09-07,Demos & Pi,1001,2236
12.8,2022-09-07,Demopolis,3000,2236
13.3,2022-09-08,Termometro Politico,4600,2236
12.2,2022-09-08,Technè,2003,2236
13.1,2022-09-09,BiDiMedia,3045,2236
12,2022-09-09,SWG,1200,2236
12,2022-09-09,Lab2101,1000,2236
13.8,2022-09-09,Quorum-YouTrend,1000,2236
16.5,2022-10-03,SWG,1200,2240
16.8,2022-10-06,Demos & Pi,1004,2240
16.8,2022-10-08,Demos & Pi,1004,2240
17,2022-10-10,SWG,1200,2241
16,2022-10-13,Termometro Politico,4100,2241
17.4,2022-10-14,Lab2101,1000,2241
17.2,2022-10-15,Euromedia,1000,2241
16.5,2022-10-17,EMG,1615,2242
16.7,2022-10-17,SWG,1200,2242
16.3,2022-10-20,Termometro Politico,3400,2242
16.4,2022-10-24,SWG,1200,2243
16.6,2022-10-27,Termometro Politico,4000,2243
16,2022-10-27,Ipsos,1000,2243
16.8,2022-10-28,Tecnè,1000,2243
16.3,2022-10-31,SWG,1200,2244
17.5,2022-11-07,EMG,1483,2245
16.8,2022-11-07,SWG,1200,2245
17.3,2022-11-10,Demos & Pi,1001,2245
16.5,2022-11-10,Termometro Politico,4000,2245
17.1,2022-11-11,Technè,1000,2245
17,2022-11-14,SWG,1200,2246
16.8,2022-11-16,Index,800,2246
16.6,2022-11-17,Termometro Politico,3900,2246
17.4,2022-11-18,Technè,1000,2246
16.9,2022-11-21,SWG,1200,2247
17.4,2022-11-22,Demopolis,2000,2247
17.1,2022-11-24,Termometro Politico,3800,2247
17.6,2022-11-26,Technè,1000,2247
17.5,2022-11-26,Ipsos,1000,2247
16.9,2022-11-28,SWG,1200,2248
17.5,2022-12-01,Termometro Politico,3900,2248
17.4,2022-12-02,Technè,1000,2248
16.6,2022-12-05,SWG,1200,2249
17.5,2022-12-08,EMG,1428,2249
17.3,2022-12-08,Termometro Politico,3400,2249
17.5,2022-12-09,Tecnè,1000,2249
17.2,2022-12-12,BiDiMedia,2018,2250
17.1,2022-12-12,SWG,1200,2250
16.7,2022-12-15,Quorum-YouTrend,800,2250
17.3,2022-12-19,EMG,1358,2251
17.4,2022-12-19,SWG,1200,2251
18.1,2022-12-21,Ixè,1000,2251
17.6,2022-12-22,Ipsos,1000,2251
17.6,2022-12-22,Termometro Politico,3100,2251
17.7,2022-12-29,Termometro Politico,3600,2252
17.3,2023-01-02,EMG,1434,2301
17.5,2023-01-09,EMG,2000,2302
17.7,2023-01-09,SWG,1200,2302
17.5,2023-01-10,Euromedia,1000,2302
17.5,2023-01-12,Termometro Politico,3700,2302
17.6,2023-01-13,Technè,1000,2302
17.6,2023-01-16,SWG,1200,2303
17.3,2023-01-19,Termometro Politico,3800,2303
17.4,2023-01-23,SWG,1200,2304
17.5,2023-01-25,Index,800,2304
17.7,2023-01-26,Quorum-YouTrend,1602,2304
17.6,2023-01-26,Termometro Politico,3300,2304
17.8,2023-01-30,SWG,1200,2305
17.9,2023-02-02,Ixè,1000,2305
17.9,2023-02-02,Termometro Politico,4100,2305
17.7,2023-02-06,EMG,2000,2306
17.5,2023-02-06,SWG,1200,2306
16.7,2023-02-13,Technè,1000,2307
17.7,2023-02-13,SWG,1200,2307
17.5,2023-02-14,EMG,1523,2307
17.5,2023-02-14,EMG,1523,2307
17.2,2023-02-16,Lab2101,4100,2307
17.2,2023-02-16,Termometro Politico,4100,2307
17,2023-02-18,Technè,1000,2307
17,2023-02-20,SWG,1200,2308
17.2,2023-02-21,Ixè,1000,2308
17.5,2023-02-23,Ipsos,1000,2308
17.3,2023-02-23,Termometro Politico,4300,2308
16.8,2023-02-24,Technè,1000,2308
17,2023-02-27,SWG,1200,2309
15.6,2023-03-02,Quorum-YouTrend,804,2309
16.1,2023-03-02,Lab2101,1000,2309
16.2,2023-03-06,EMG,1200,2310
15.7,2023-03-06,SWG,1200,2310
16,2023-03-09,Quorum-YouTrend,805,2310
16.8,2023-03-09,Termometro Politico,4200,2310
15.6,2023-03-10,Lab2101,1000,2310
16,2023-03-10,Tecnè,1000,2310
15.9,2023-03-10,Lab2101,1000,2310
15,2023-03-13,Euromedia,800,2311
16.1,2023-03-13,SWG,1200,2311
16.8,2023-03-16,Ipsos,1000,2311
16.4,2023-03-16,Termometro Politico,4200,2311
15.8,2023-03-17,Technè,1000,2311
16.2,2023-03-20,Ixè,1000,2312
15.3,2023-03-20,SWG,1200,2312
15,2023-03-22,Demopolis,2000,2312
15.8,2023-03-23,Quorum-YouTrend,805,2312
16.6,2023-03-23,EMG,1472,2312
16.3,2023-03-23,Termometro Politico,4200,2312
15.6,2023-03-24,Technè,1000,2312
15.6,2023-03-27,SWG,1200,2313
15,2023-03-29,Euromedia,1000,2313
16.5,2023-03-30,EMG,1333,2313
16.4,2023-03-30,Quorum — YouTrend,805,2313
16.5,2023-03-30,Termometro Politico,4200,2313
15.5,2023-03-30,Ixè,1000,2313
15.5,2023-03-31,Technè,1000,2313
15.1,2023-04-03,SWG,1200,2314
15.4,2023-04-05,Proger Index,800,2314
16.7,2023-04-06,Termometro Politico,4100,2314
15.6,2023-04-06,Lab2101,1000,2314
15.4,2023-04-07,Technè,1000,2314
15.1,2023-04-10,SWG,1200,2315
15.6,2023-04-12,Proger Index,800,2315
16.4,2023-04-13,Termometro Politico,4200,2315
16.4,2023-04-13,Lab2101,1000,2315
15.6,2023-04-14,Tecnè,1000,2315
15.4,2023-04-17,SWG,1200,2316
15.7,2023-04-19,Proger Index,800,2316
15,2023-04-19,Noto,1000,2316
15,2023-04-19,Demopolis,2000,2316
16.6,2023-04-20,EMG,1485,2316
16.5,2023-04-20,Ipsos,1000,2316
16.2,2023-04-20,Termometro Politico,4100,2316
16.9,2023-04-20,Quorum — YouTrend,802,2316
15.7,2023-04-21,Technè,1000,2316
15.6,2023-04-21,Lab2101,1000,2316
15.4,2023-04-24,SWG,1200,2317
15.7,2023-04-26,Euromedia,800,2317
16.3,2023-04-27,EMG,1536,2317
15.6,2023-04-27,Demos & Pi,1007,2317
15.9,2023-04-27,Termometro Politico,3900,2317
15.9,2023-04-28,Technè,1000,2317
15.3,2023-04-30,SWG,1200,2317
15.6,2023-05-03,Proger Index,800,2318
16.3,2023-05-04,EMG,1435,2318
16.9,2023-05-04,Quorum — YouTrend,805,2318
15.9,2023-05-04,Lab2101,1000,2318
16.1,2023-05-04,Termometro Politico,4100,2318
15.7,2023-05-05,Technè,1000,2318
16.2,2023-05-08,Euromedia,1000,2319
15.6,2023-05-08,SWG,1200,2319
15.7,2023-05-10,Proger Index,800,2319
16.1,2023-05-11,Termometro Politico,4200,2319
15.9,2023-05-12,Tecnè,1000,2319
15.6,2023-05-12,Lab2101,1000,2319
15.8,2023-05-15,SWG,1200,2320
16.1,2023-05-18,Quorum-YouTrend,801,2320
16,2023-05-18,Termometro Politico,4200,2320
15.7,2023-05-19,Tecnè,1000,2320
16.1,2023-05-19,Lab2101,1000,2320
16.5,2023-05-19,Euromedia,1000,2320
16,2023-05-22,SWG,1200,2321
15,2023-05-25,Ipsos,1000,2321
16,2023-05-25,Termometro Politico,3900,2321
16.4,2023-05-25,Lab2101,1000,2321
15.5,2023-05-26,Tecnè,1000,2321
16.3,2023-05-29,SWG,1200,2322
16,2023-06-01,Quorum-YouTrend,801,2322
16.2,2023-06-01,Termometro Politico,3700,2322
15.4,2023-06-01,Tecnè,1000,2322
16.1,2023-06-01,Lab2101,1000,2322
16.1,2023-06-05,SWG,1200,2323
15.9,2023-06-08,Termometro Politico,3600,2323
15.7,2023-06-09,Tecnè,1000,2323
14.4,2023-06-12,Winpoll,1000,2324
16.4,2023-06-12,SWG,1200,2324
15,2023-06-14,Euromedia,1000,2324
16,2023-06-15,Termometro Politico,4900,2324
