H,date,week
26.8,2013-09-09,1337
26.82,2013-09-10,1337
26.85,2013-09-11,1337
26.87,2013-09-12,1337
26.89,2013-09-13,1337
26.91,2013-09-14,1337
26.94,2013-09-15,1337
26.96,2013-09-16,1338
26.97,2013-09-17,1338
26.98,2013-09-18,1338
26.99,2013-09-19,1338
27,2013-09-20,1338
27.02,2013-09-21,1338
27.03,2013-09-22,1338
27.04,2013-09-23,1339
27.05,2013-09-24,1339
27.06,2013-09-25,1339
27.08,2013-09-26,1339
27.1,2013-09-27,1339
27.11,2013-09-28,1339
27.12,2013-09-29,1339
27.13,2013-09-30,1340
27.14,2013-10-01,1340
27.15,2013-10-02,1340
27.16,2013-10-03,1340
27.17,2013-10-04,1340
27.18,2013-10-05,1340
27.18,2013-10-06,1340
27.19,2013-10-07,1341
27.23,2013-10-08,1341
27.27,2013-10-09,1341
27.3,2013-10-10,1341
27.34,2013-10-11,1341
27.38,2013-10-12,1341
27.42,2013-10-13,1341
27.45,2013-10-14,1342
27.5,2013-10-15,1342
27.54,2013-10-16,1342
27.57,2013-10-17,1342
27.61,2013-10-18,1342
27.64,2013-10-19,1342
27.68,2013-10-20,1342
27.71,2013-10-21,1343
27.74,2013-10-22,1343
27.73,2013-10-23,1343
27.74,2013-10-24,1343
27.74,2013-10-25,1343
27.73,2013-10-26,1343
27.73,2013-10-27,1343
27.73,2013-10-28,1344
27.74,2013-10-29,1344
27.75,2013-10-30,1344
27.76,2013-10-31,1344
27.78,2013-11-01,1344
27.78,2013-11-02,1344
27.79,2013-11-03,1344
27.8,2013-11-04,1345
27.8,2013-11-05,1345
27.81,2013-11-06,1345
27.79,2013-11-07,1345
27.78,2013-11-08,1345
27.77,2013-11-09,1345
27.75,2013-11-10,1345
27.74,2013-11-11,1346
27.73,2013-11-12,1346
27.72,2013-11-13,1346
27.73,2013-11-14,1346
27.75,2013-11-15,1346
27.76,2013-11-16,1346
27.78,2013-11-17,1346
27.8,2013-11-18,1347
27.83,2013-11-19,1347
27.86,2013-11-20,1347
27.89,2013-11-21,1347
27.88,2013-11-22,1347
27.87,2013-11-23,1347
27.86,2013-11-24,1347
27.85,2013-11-25,1348
27.84,2013-11-26,1348
27.83,2013-11-27,1348
27.85,2013-11-28,1348
27.86,2013-11-29,1348
27.88,2013-11-30,1348
27.9,2013-12-01,1348
27.92,2013-12-02,1349
27.93,2013-12-03,1349
27.94,2013-12-04,1349
27.94,2013-12-05,1349
27.94,2013-12-06,1349
27.94,2013-12-07,1349
27.94,2013-12-08,1349
27.94,2013-12-09,1350
27.93,2013-12-10,1350
27.93,2013-12-11,1350
27.96,2013-12-12,1350
27.98,2013-12-13,1350
28.01,2013-12-14,1350
28.03,2013-12-15,1350
28.06,2013-12-16,1351
28.1,2013-12-17,1351
28.14,2013-12-18,1351
28.21,2013-12-19,1351
28.24,2013-12-20,1351
28.27,2013-12-21,1351
28.31,2013-12-22,1351
28.34,2013-12-23,1352
28.37,2013-12-24,1352
28.4,2013-12-25,1352
28.44,2013-12-26,1352
28.47,2013-12-27,1352
28.5,2013-12-28,1352
28.54,2013-12-29,1352
28.57,2013-12-30,1301
28.6,2013-12-31,1301
28.63,2014-01-01,1401
28.67,2014-01-02,1401
28.7,2014-01-03,1401
28.73,2014-01-04,1401
28.77,2014-01-05,1401
28.8,2014-01-06,1402
28.83,2014-01-07,1402
28.87,2014-01-08,1402
28.89,2014-01-09,1402
28.91,2014-01-10,1402
28.94,2014-01-11,1402
28.97,2014-01-12,1402
29,2014-01-13,1403
29,2014-01-14,1403
29,2014-01-15,1403
28.97,2014-01-16,1403
28.94,2014-01-17,1403
28.91,2014-01-18,1403
28.87,2014-01-19,1403
28.84,2014-01-20,1404
28.81,2014-01-21,1404
28.78,2014-01-22,1404
28.75,2014-01-23,1404
28.73,2014-01-24,1404
28.71,2014-01-25,1404
28.69,2014-01-26,1404
28.68,2014-01-27,1405
28.66,2014-01-28,1405
28.65,2014-01-29,1405
28.64,2014-01-30,1405
28.64,2014-01-31,1405
28.62,2014-02-01,1405
28.6,2014-02-02,1405
28.59,2014-02-03,1406
28.54,2014-02-04,1406
28.49,2014-02-05,1406
28.44,2014-02-06,1406
28.39,2014-02-07,1406
28.34,2014-02-08,1406
28.28,2014-02-09,1406
28.23,2014-02-10,1407
28.17,2014-02-11,1407
28.11,2014-02-12,1407
28.06,2014-02-13,1407
28.02,2014-02-14,1407
27.98,2014-02-15,1407
27.94,2014-02-16,1407
27.9,2014-02-17,1408
27.87,2014-02-18,1408
27.84,2014-02-19,1408
27.81,2014-02-20,1408
27.78,2014-02-21,1408
27.75,2014-02-22,1408
27.72,2014-02-23,1408
27.7,2014-02-24,1409
27.63,2014-02-25,1409
27.56,2014-02-26,1409
27.49,2014-02-27,1409
27.46,2014-02-28,1409
27.42,2014-03-01,1409
27.38,2014-03-02,1409
27.34,2014-03-03,1410
27.31,2014-03-04,1410
27.28,2014-03-05,1410
27.26,2014-03-06,1410
27.25,2014-03-07,1410
27.24,2014-03-08,1410
27.23,2014-03-09,1410
27.22,2014-03-10,1411
27.22,2014-03-11,1411
27.23,2014-03-12,1411
27.23,2014-03-13,1411
27.22,2014-03-14,1411
27.22,2014-03-15,1411
27.21,2014-03-16,1411
27.21,2014-03-17,1412
27.22,2014-03-18,1412
27.22,2014-03-19,1412
27.23,2014-03-20,1412
27.24,2014-03-21,1412
27.25,2014-03-22,1412
27.25,2014-03-23,1412
27.26,2014-03-24,1413
27.29,2014-03-25,1413
27.32,2014-03-26,1413
27.35,2014-03-27,1413
27.37,2014-03-28,1413
27.39,2014-03-29,1413
27.42,2014-03-30,1413
27.44,2014-03-31,1414
27.44,2014-04-01,1414
27.45,2014-04-02,1414
27.45,2014-04-03,1414
27.45,2014-04-04,1414
27.45,2014-04-05,1414
27.45,2014-04-06,1414
27.45,2014-04-07,1415
27.48,2014-04-08,1415
27.5,2014-04-09,1415
27.49,2014-04-10,1415
27.48,2014-04-11,1415
27.47,2014-04-12,1415
27.45,2014-04-13,1415
27.44,2014-04-14,1416
27.43,2014-04-15,1416
27.42,2014-04-16,1416
27.4,2014-04-17,1416
27.39,2014-04-18,1416
27.37,2014-04-19,1416
27.36,2014-04-20,1416
27.35,2014-04-21,1417
27.33,2014-04-22,1417
27.32,2014-04-23,1417
27.3,2014-04-24,1417
27.28,2014-04-25,1417
27.25,2014-04-26,1417
27.23,2014-04-27,1417
27.17,2014-04-28,1418
27.15,2014-04-29,1418
27.14,2014-04-30,1418
27.1,2014-05-01,1418
27.07,2014-05-02,1418
27.04,2014-05-03,1418
27.01,2014-05-04,1418
26.98,2014-05-05,1419
26.96,2014-05-06,1419
26.95,2014-05-07,1419
26.91,2014-05-08,1419
26.88,2014-05-09,1419
26.84,2014-05-10,1419
26.81,2014-05-11,1419
26.78,2014-05-12,1420
26.75,2014-05-13,1420
26.72,2014-05-14,1420
26.69,2014-05-15,1420
26.67,2014-05-16,1420
26.64,2014-05-17,1420
26.61,2014-05-18,1420
26.58,2014-05-19,1421
26.54,2014-05-20,1421
26.51,2014-05-21,1421
26.47,2014-05-22,1421
26.46,2014-05-23,1421
26.44,2014-05-24,1421
26.42,2014-05-25,1421
26.41,2014-05-26,1422
26.39,2014-05-27,1422
26.38,2014-05-28,1422
26.38,2014-05-29,1422
26.38,2014-05-30,1422
26.38,2014-05-31,1422
26.38,2014-06-01,1422
26.38,2014-06-02,1423
26.38,2014-06-03,1423
26.37,2014-06-04,1423
26.37,2014-06-05,1423
26.37,2014-06-06,1423
26.37,2014-06-07,1423
26.37,2014-06-08,1423
26.37,2014-06-09,1424
26.37,2014-06-10,1424
26.38,2014-06-11,1424
26.38,2014-06-12,1424
26.39,2014-06-13,1424
26.39,2014-06-14,1424
26.4,2014-06-15,1424
26.4,2014-06-16,1425
26.43,2014-06-17,1425
26.46,2014-06-18,1425
26.49,2014-06-19,1425
26.48,2014-06-20,1425
26.47,2014-06-21,1425
26.46,2014-06-22,1425
26.47,2014-06-23,1426
26.48,2014-06-24,1426
26.49,2014-06-25,1426
26.5,2014-06-26,1426
26.51,2014-06-27,1426
26.52,2014-06-28,1426
26.53,2014-06-29,1426
26.54,2014-06-30,1427
26.53,2014-07-01,1427
26.52,2014-07-02,1427
26.52,2014-07-03,1427
26.51,2014-07-04,1427
26.51,2014-07-05,1427
26.5,2014-07-06,1427
26.49,2014-07-07,1428
26.49,2014-07-08,1428
26.48,2014-07-09,1428
26.48,2014-07-10,1428
26.47,2014-07-11,1428
26.47,2014-07-12,1428
26.46,2014-07-13,1428
26.45,2014-07-14,1429
26.45,2014-07-15,1429
26.44,2014-07-16,1429
26.44,2014-07-17,1429
26.43,2014-07-18,1429
26.43,2014-07-19,1429
26.42,2014-07-20,1429
26.41,2014-07-21,1430
26.41,2014-07-22,1430
26.4,2014-07-23,1430
26.4,2014-07-24,1430
26.39,2014-07-25,1430
26.38,2014-07-26,1430
26.38,2014-07-27,1430
26.37,2014-07-28,1431
26.37,2014-07-29,1431
26.36,2014-07-30,1431
26.36,2014-07-31,1431
26.35,2014-08-01,1431
26.34,2014-08-02,1431
26.34,2014-08-03,1431
26.33,2014-08-04,1432
26.33,2014-08-05,1432
26.32,2014-08-06,1432
26.35,2014-08-07,1432
26.38,2014-08-08,1432
26.4,2014-08-09,1432
26.43,2014-08-10,1432
26.45,2014-08-11,1433
26.5,2014-08-12,1433
26.54,2014-08-13,1433
26.58,2014-08-14,1433
26.63,2014-08-15,1433
26.67,2014-08-16,1433
26.71,2014-08-17,1433
26.76,2014-08-18,1434
26.8,2014-08-19,1434
26.83,2014-08-20,1434
26.9,2014-08-21,1434
26.89,2014-08-22,1434
26.89,2014-08-23,1434
26.88,2014-08-24,1434
26.85,2014-08-25,1435
26.81,2014-08-26,1435
26.78,2014-08-27,1435
26.75,2014-08-28,1435
26.71,2014-08-29,1435
26.68,2014-08-30,1435
26.64,2014-08-31,1435
26.61,2014-09-01,1436
26.57,2014-09-02,1436
26.52,2014-09-03,1436
26.51,2014-09-04,1436
26.5,2014-09-05,1436
26.48,2014-09-06,1436
26.47,2014-09-07,1436
26.46,2014-09-08,1437
26.44,2014-09-09,1437
26.44,2014-09-10,1437
26.44,2014-09-11,1437
26.44,2014-09-12,1437
26.44,2014-09-13,1437
26.44,2014-09-14,1437
26.44,2014-09-15,1438
26.42,2014-09-16,1438
26.4,2014-09-17,1438
26.38,2014-09-18,1438
26.36,2014-09-19,1438
26.34,2014-09-20,1438
26.33,2014-09-21,1438
26.32,2014-09-22,1439
26.31,2014-09-23,1439
26.3,2014-09-24,1439
26.29,2014-09-25,1439
26.24,2014-09-26,1439
26.19,2014-09-27,1439
26.14,2014-09-28,1439
26.09,2014-09-29,1440
26.04,2014-09-30,1440
26,2014-10-01,1440
25.95,2014-10-02,1440
25.9,2014-10-03,1440
25.85,2014-10-04,1440
25.81,2014-10-05,1440
25.75,2014-10-06,1441
25.69,2014-10-07,1441
25.62,2014-10-08,1441
25.56,2014-10-09,1441
25.49,2014-10-10,1441
25.43,2014-10-11,1441
25.36,2014-10-12,1441
25.29,2014-10-13,1442
25.22,2014-10-14,1442
25.14,2014-10-15,1442
25.07,2014-10-16,1442
25.01,2014-10-17,1442
24.94,2014-10-18,1442
24.88,2014-10-19,1442
24.81,2014-10-20,1443
24.73,2014-10-21,1443
24.65,2014-10-22,1443
24.57,2014-10-23,1443
24.46,2014-10-24,1443
24.36,2014-10-25,1443
24.25,2014-10-26,1443
24.15,2014-10-27,1444
24.03,2014-10-28,1444
23.91,2014-10-29,1444
23.8,2014-10-30,1444
23.73,2014-10-31,1444
23.68,2014-11-01,1444
23.62,2014-11-02,1444
23.56,2014-11-03,1445
23.51,2014-11-04,1445
23.44,2014-11-05,1445
23.38,2014-11-06,1445
23.32,2014-11-07,1445
23.26,2014-11-08,1445
23.2,2014-11-09,1445
23.13,2014-11-10,1446
23.1,2014-11-11,1446
23.06,2014-11-12,1446
23.02,2014-11-13,1446
22.98,2014-11-14,1446
22.95,2014-11-15,1446
22.91,2014-11-16,1446
22.87,2014-11-17,1447
22.82,2014-11-18,1447
22.78,2014-11-19,1447
22.73,2014-11-20,1447
22.68,2014-11-21,1447
22.62,2014-11-22,1447
22.57,2014-11-23,1447
22.52,2014-11-24,1448
22.47,2014-11-25,1448
22.43,2014-11-26,1448
22.38,2014-11-27,1448
22.41,2014-11-28,1448
22.4,2014-11-29,1448
22.39,2014-11-30,1448
22.38,2014-12-01,1449
22.38,2014-12-02,1449
22.39,2014-12-03,1449
22.37,2014-12-04,1449
22.36,2014-12-05,1449
22.35,2014-12-06,1449
22.33,2014-12-07,1449
22.32,2014-12-08,1450
22.31,2014-12-09,1450
22.29,2014-12-10,1450
22.29,2014-12-11,1450
22.28,2014-12-12,1450
22.27,2014-12-13,1450
22.27,2014-12-14,1450
22.26,2014-12-15,1451
22.25,2014-12-16,1451
22.27,2014-12-17,1451
22.29,2014-12-18,1451
22.28,2014-12-19,1451
22.27,2014-12-20,1451
22.27,2014-12-21,1451
22.27,2014-12-22,1452
22.27,2014-12-23,1452
22.27,2014-12-24,1452
22.27,2014-12-25,1452
22.27,2014-12-26,1452
22.27,2014-12-27,1452
22.26,2014-12-28,1452
22.26,2014-12-29,1401
22.26,2014-12-30,1401
22.26,2014-12-31,1401
22.26,2015-01-01,1501
22.26,2015-01-02,1501
22.26,2015-01-03,1501
22.26,2015-01-04,1501
22.26,2015-01-05,1502
22.26,2015-01-06,1502
22.26,2015-01-07,1502
22.25,2015-01-08,1502
22.24,2015-01-09,1502
22.27,2015-01-10,1502
22.29,2015-01-11,1502
22.31,2015-01-12,1503
22.31,2015-01-13,1503
22.32,2015-01-14,1503
22.31,2015-01-15,1503
22.3,2015-01-16,1503
22.3,2015-01-17,1503
22.29,2015-01-18,1503
22.28,2015-01-19,1504
22.28,2015-01-20,1504
22.26,2015-01-21,1504
22.23,2015-01-22,1504
22.2,2015-01-23,1504
22.17,2015-01-24,1504
22.14,2015-01-25,1504
22.11,2015-01-26,1505
22.06,2015-01-27,1505
22,2015-01-28,1505
21.95,2015-01-29,1505
21.89,2015-01-30,1505
21.87,2015-01-31,1505
21.85,2015-02-01,1505
21.83,2015-02-02,1506
21.84,2015-02-03,1506
21.84,2015-02-04,1506
21.84,2015-02-05,1506
21.84,2015-02-06,1506
21.85,2015-02-07,1506
21.85,2015-02-08,1506
21.85,2015-02-09,1507
21.85,2015-02-10,1507
21.85,2015-02-11,1507
21.86,2015-02-12,1507
21.86,2015-02-13,1507
21.86,2015-02-14,1507
21.87,2015-02-15,1507
21.87,2015-02-16,1508
21.89,2015-02-17,1508
21.9,2015-02-18,1508
21.92,2015-02-19,1508
21.93,2015-02-20,1508
21.95,2015-02-21,1508
21.96,2015-02-22,1508
21.98,2015-02-23,1509
21.99,2015-02-24,1509
22.04,2015-02-25,1509
22.09,2015-02-26,1509
22.16,2015-02-27,1509
22.17,2015-02-28,1509
22.19,2015-03-01,1509
22.2,2015-03-02,1510
22.24,2015-03-03,1510
22.28,2015-03-04,1510
22.29,2015-03-05,1510
22.31,2015-03-06,1510
22.33,2015-03-07,1510
22.34,2015-03-08,1510
22.36,2015-03-09,1511
22.39,2015-03-10,1511
22.41,2015-03-11,1511
22.46,2015-03-12,1511
22.52,2015-03-13,1511
22.57,2015-03-14,1511
22.62,2015-03-15,1511
22.67,2015-03-16,1512
22.7,2015-03-17,1512
22.74,2015-03-18,1512
22.77,2015-03-19,1512
22.81,2015-03-20,1512
22.84,2015-03-21,1512
22.87,2015-03-22,1512
22.91,2015-03-23,1513
22.94,2015-03-24,1513
22.98,2015-03-25,1513
22.99,2015-03-26,1513
23,2015-03-27,1513
23.01,2015-03-28,1513
23.02,2015-03-29,1513
23.04,2015-03-30,1514
23.07,2015-03-31,1514
23.09,2015-04-01,1514
23.12,2015-04-02,1514
23.14,2015-04-03,1514
23.17,2015-04-04,1514
23.2,2015-04-05,1514
23.22,2015-04-06,1515
23.25,2015-04-07,1515
23.27,2015-04-08,1515
23.27,2015-04-09,1515
23.27,2015-04-10,1515
23.28,2015-04-11,1515
23.29,2015-04-12,1515
23.3,2015-04-13,1516
23.33,2015-04-14,1516
23.37,2015-04-15,1516
23.37,2015-04-16,1516
23.37,2015-04-17,1516
23.36,2015-04-18,1516
23.36,2015-04-19,1516
23.36,2015-04-20,1517
23.39,2015-04-21,1517
23.43,2015-04-22,1517
23.48,2015-04-23,1517
23.54,2015-04-24,1517
23.6,2015-04-25,1517
23.65,2015-04-26,1517
23.66,2015-04-27,1518
23.67,2015-04-28,1518
23.68,2015-04-29,1518
23.69,2015-04-30,1518
23.65,2015-05-01,1518
23.6,2015-05-02,1518
23.56,2015-05-03,1518
23.53,2015-05-04,1519
23.5,2015-05-05,1519
23.48,2015-05-06,1519
23.43,2015-05-07,1519
23.4,2015-05-08,1519
23.37,2015-05-09,1519
23.34,2015-05-10,1519
23.31,2015-05-11,1520
23.27,2015-05-12,1520
23.22,2015-05-13,1520
23.17,2015-05-14,1520
23.12,2015-05-15,1520
23.08,2015-05-16,1520
23.03,2015-05-17,1520
22.98,2015-05-18,1521
22.95,2015-05-19,1521
22.93,2015-05-20,1521
22.9,2015-05-21,1521
22.86,2015-05-22,1521
22.83,2015-05-23,1521
22.8,2015-05-24,1521
22.77,2015-05-25,1522
22.74,2015-05-26,1522
22.72,2015-05-27,1522
22.7,2015-05-28,1522
22.68,2015-05-29,1522
22.66,2015-05-30,1522
22.64,2015-05-31,1522
22.65,2015-06-01,1523
22.65,2015-06-02,1523
22.66,2015-06-03,1523
22.67,2015-06-04,1523
22.69,2015-06-05,1523
22.7,2015-06-06,1523
22.72,2015-06-07,1523
22.75,2015-06-08,1524
22.78,2015-06-09,1524
22.81,2015-06-10,1524
22.79,2015-06-11,1524
22.77,2015-06-12,1524
22.74,2015-06-13,1524
22.72,2015-06-14,1524
22.7,2015-06-15,1525
22.68,2015-06-16,1525
22.65,2015-06-17,1525
22.65,2015-06-18,1525
22.66,2015-06-19,1525
22.66,2015-06-20,1525
22.66,2015-06-21,1525
22.68,2015-06-22,1526
22.7,2015-06-23,1526
22.72,2015-06-24,1526
22.74,2015-06-25,1526
22.75,2015-06-26,1526
22.77,2015-06-27,1526
22.79,2015-06-28,1526
22.8,2015-06-29,1527
22.8,2015-06-30,1527
22.81,2015-07-01,1527
22.81,2015-07-02,1527
22.82,2015-07-03,1527
22.82,2015-07-04,1527
22.83,2015-07-05,1527
22.83,2015-07-06,1528
22.84,2015-07-07,1528
22.85,2015-07-08,1528
22.87,2015-07-09,1528
22.9,2015-07-10,1528
22.93,2015-07-11,1528
22.96,2015-07-12,1528
22.99,2015-07-13,1529
23.02,2015-07-14,1529
23.05,2015-07-15,1529
23.07,2015-07-16,1529
23.1,2015-07-17,1529
23.13,2015-07-18,1529
23.16,2015-07-19,1529
23.19,2015-07-20,1530
23.22,2015-07-21,1530
23.25,2015-07-22,1530
23.28,2015-07-23,1530
23.3,2015-07-24,1530
23.33,2015-07-25,1530
23.36,2015-07-26,1530
23.39,2015-07-27,1531
23.42,2015-07-28,1531
23.45,2015-07-29,1531
23.48,2015-07-30,1531
23.5,2015-07-31,1531
23.53,2015-08-01,1531
23.56,2015-08-02,1531
23.59,2015-08-03,1532
23.62,2015-08-04,1532
23.65,2015-08-05,1532
23.63,2015-08-06,1532
23.61,2015-08-07,1532
23.59,2015-08-08,1532
23.56,2015-08-09,1532
23.52,2015-08-10,1533
23.48,2015-08-11,1533
23.43,2015-08-12,1533
23.39,2015-08-13,1533
23.35,2015-08-14,1533
23.3,2015-08-15,1533
23.26,2015-08-16,1533
23.21,2015-08-17,1534
23.2,2015-08-18,1534
23.19,2015-08-19,1534
23.15,2015-08-20,1534
23.12,2015-08-21,1534
23.08,2015-08-22,1534
23.04,2015-08-23,1534
23.05,2015-08-24,1535
23.07,2015-08-25,1535
23.09,2015-08-26,1535
23.1,2015-08-27,1535
23.12,2015-08-28,1535
23.14,2015-08-29,1535
23.15,2015-08-30,1535
23.18,2015-08-31,1536
23.21,2015-09-01,1536
23.24,2015-09-02,1536
23.23,2015-09-03,1536
23.21,2015-09-04,1536
23.2,2015-09-05,1536
23.18,2015-09-06,1536
23.16,2015-09-07,1537
23.13,2015-09-08,1537
23.11,2015-09-09,1537
23.09,2015-09-10,1537
23.07,2015-09-11,1537
23.04,2015-09-12,1537
23.02,2015-09-13,1537
22.99,2015-09-14,1538
22.96,2015-09-15,1538
22.93,2015-09-16,1538
22.9,2015-09-17,1538
22.88,2015-09-18,1538
22.85,2015-09-19,1538
22.82,2015-09-20,1538
22.79,2015-09-21,1539
22.79,2015-09-22,1539
22.79,2015-09-23,1539
22.79,2015-09-24,1539
22.78,2015-09-25,1539
22.77,2015-09-26,1539
22.76,2015-09-27,1539
22.75,2015-09-28,1540
22.75,2015-09-29,1540
22.76,2015-09-30,1540
22.77,2015-10-01,1540
22.77,2015-10-02,1540
22.76,2015-10-03,1540
22.75,2015-10-04,1540
22.74,2015-10-05,1541
22.74,2015-10-06,1541
22.73,2015-10-07,1541
22.71,2015-10-08,1541
22.69,2015-10-09,1541
22.67,2015-10-10,1541
22.65,2015-10-11,1541
22.68,2015-10-12,1542
22.72,2015-10-13,1542
22.75,2015-10-14,1542
22.75,2015-10-15,1542
22.75,2015-10-16,1542
22.75,2015-10-17,1542
22.75,2015-10-18,1542
22.74,2015-10-19,1543
22.75,2015-10-20,1543
22.75,2015-10-21,1543
22.75,2015-10-22,1543
22.74,2015-10-23,1543
22.73,2015-10-24,1543
22.72,2015-10-25,1543
22.72,2015-10-26,1544
22.71,2015-10-27,1544
22.7,2015-10-28,1544
22.69,2015-10-29,1544
22.69,2015-10-30,1544
22.68,2015-10-31,1544
22.65,2015-11-01,1544
22.6,2015-11-02,1545
22.55,2015-11-03,1545
22.49,2015-11-04,1545
22.46,2015-11-05,1545
22.42,2015-11-06,1545
22.39,2015-11-07,1545
22.35,2015-11-08,1545
22.32,2015-11-09,1546
22.24,2015-11-10,1546
22.15,2015-11-11,1546
22.06,2015-11-12,1546
21.96,2015-11-13,1546
21.86,2015-11-14,1546
21.77,2015-11-15,1546
21.7,2015-11-16,1547
21.67,2015-11-17,1547
21.64,2015-11-18,1547
21.61,2015-11-19,1547
21.62,2015-11-20,1547
21.63,2015-11-21,1547
21.63,2015-11-22,1547
21.64,2015-11-23,1548
21.65,2015-11-24,1548
21.66,2015-11-25,1548
21.67,2015-11-26,1548
21.67,2015-11-27,1548
21.68,2015-11-28,1548
21.69,2015-11-29,1548
21.7,2015-11-30,1549
21.71,2015-12-01,1549
21.73,2015-12-02,1549
21.77,2015-12-03,1549
21.82,2015-12-04,1549
21.86,2015-12-05,1549
21.9,2015-12-06,1549
21.94,2015-12-07,1550
21.99,2015-12-08,1550
22.04,2015-12-09,1550
22.06,2015-12-10,1550
22.07,2015-12-11,1550
22.09,2015-12-12,1550
22.1,2015-12-13,1550
22.15,2015-12-14,1551
22.2,2015-12-15,1551
22.25,2015-12-16,1551
22.33,2015-12-17,1551
22.41,2015-12-18,1551
22.49,2015-12-19,1551
22.57,2015-12-20,1551
22.63,2015-12-21,1552
22.68,2015-12-22,1552
22.74,2015-12-23,1552
22.8,2015-12-24,1552
22.85,2015-12-25,1552
22.91,2015-12-26,1552
22.96,2015-12-27,1552
23.02,2015-12-28,1553
23.07,2015-12-29,1553
23.13,2015-12-30,1553
23.18,2015-12-31,1553
23.25,2016-01-01,1653
23.32,2016-01-02,1653
23.39,2016-01-03,1653
23.46,2016-01-04,1601
23.53,2016-01-05,1601
23.6,2016-01-06,1601
23.65,2016-01-07,1601
23.7,2016-01-08,1601
23.74,2016-01-09,1601
23.79,2016-01-10,1601
23.83,2016-01-11,1602
23.84,2016-01-12,1602
23.86,2016-01-13,1602
23.89,2016-01-14,1602
23.92,2016-01-15,1602
23.94,2016-01-16,1602
23.97,2016-01-17,1602
24,2016-01-18,1603
24,2016-01-19,1603
24,2016-01-20,1603
24.03,2016-01-21,1603
24.07,2016-01-22,1603
24.1,2016-01-23,1603
24.13,2016-01-24,1603
24.16,2016-01-25,1604
24.2,2016-01-26,1604
24.23,2016-01-27,1604
24.26,2016-01-28,1604
24.31,2016-01-29,1604
24.35,2016-01-30,1604
24.39,2016-01-31,1604
24.42,2016-02-01,1605
24.44,2016-02-02,1605
24.45,2016-02-03,1605
24.42,2016-02-04,1605
24.39,2016-02-05,1605
24.37,2016-02-06,1605
24.34,2016-02-07,1605
24.31,2016-02-08,1606
24.27,2016-02-09,1606
24.23,2016-02-10,1606
24.18,2016-02-11,1606
24.14,2016-02-12,1606
24.1,2016-02-13,1606
24.06,2016-02-14,1606
24.01,2016-02-15,1607
23.97,2016-02-16,1607
23.93,2016-02-17,1607
23.94,2016-02-18,1607
23.96,2016-02-19,1607
23.97,2016-02-20,1607
23.98,2016-02-21,1607
24,2016-02-22,1608
24.02,2016-02-23,1608
24.04,2016-02-24,1608
24.05,2016-02-25,1608
24.13,2016-02-26,1608
24.22,2016-02-27,1608
24.3,2016-02-28,1608
24.38,2016-02-29,1609
24.41,2016-03-01,1609
24.44,2016-03-02,1609
24.45,2016-03-03,1609
24.47,2016-03-04,1609
24.48,2016-03-05,1609
24.5,2016-03-06,1609
24.51,2016-03-07,1610
24.53,2016-03-08,1610
24.56,2016-03-09,1610
24.59,2016-03-10,1610
24.62,2016-03-11,1610
24.66,2016-03-12,1610
24.69,2016-03-13,1610
24.73,2016-03-14,1611
24.72,2016-03-15,1611
24.72,2016-03-16,1611
24.69,2016-03-17,1611
24.65,2016-03-18,1611
24.62,2016-03-19,1611
24.59,2016-03-20,1611
24.56,2016-03-21,1612
24.53,2016-03-22,1612
24.5,2016-03-23,1612
24.47,2016-03-24,1612
24.44,2016-03-25,1612
24.42,2016-03-26,1612
24.39,2016-03-27,1612
24.36,2016-03-28,1613
24.33,2016-03-29,1613
24.3,2016-03-30,1613
24.28,2016-03-31,1613
24.25,2016-04-01,1613
24.22,2016-04-02,1613
24.18,2016-04-03,1613
24.15,2016-04-04,1614
24.12,2016-04-05,1614
24.08,2016-04-06,1614
24.08,2016-04-07,1614
24.07,2016-04-08,1614
24.06,2016-04-09,1614
24.06,2016-04-10,1614
24.05,2016-04-11,1615
24.03,2016-04-12,1615
24,2016-04-13,1615
24.01,2016-04-14,1615
24.01,2016-04-15,1615
24.01,2016-04-16,1615
24.01,2016-04-17,1615
24.02,2016-04-18,1616
23.98,2016-04-19,1616
23.94,2016-04-20,1616
23.92,2016-04-21,1616
23.9,2016-04-22,1616
23.88,2016-04-23,1616
23.86,2016-04-24,1616
23.84,2016-04-25,1617
23.82,2016-04-26,1617
23.81,2016-04-27,1617
23.8,2016-04-28,1617
23.78,2016-04-29,1617
23.74,2016-04-30,1617
23.74,2016-05-01,1617
23.75,2016-05-02,1618
23.7,2016-05-03,1618
23.66,2016-05-04,1618
23.69,2016-05-05,1618
23.72,2016-05-06,1618
23.75,2016-05-07,1618
23.78,2016-05-08,1618
23.81,2016-05-09,1619
23.83,2016-05-10,1619
23.85,2016-05-11,1619
23.84,2016-05-12,1619
23.82,2016-05-13,1619
23.81,2016-05-14,1619
23.77,2016-05-15,1619
23.72,2016-05-16,1620
23.68,2016-05-17,1620
23.64,2016-05-18,1620
23.59,2016-05-19,1620
23.55,2016-05-20,1620
23.5,2016-05-21,1620
23.46,2016-05-22,1620
23.42,2016-05-23,1621
23.37,2016-05-24,1621
23.33,2016-05-25,1621
23.33,2016-05-26,1621
23.32,2016-05-27,1621
23.31,2016-05-28,1621
23.31,2016-05-29,1621
23.3,2016-05-30,1622
23.3,2016-05-31,1622
23.29,2016-06-01,1622
23.28,2016-06-02,1622
23.28,2016-06-03,1622
23.28,2016-06-04,1622
23.28,2016-06-05,1622
23.28,2016-06-06,1623
23.33,2016-06-07,1623
23.37,2016-06-08,1623
23.39,2016-06-09,1623
23.42,2016-06-10,1623
23.44,2016-06-11,1623
23.46,2016-06-12,1623
23.49,2016-06-13,1624
23.51,2016-06-14,1624
23.53,2016-06-15,1624
23.56,2016-06-16,1624
23.58,2016-06-17,1624
23.61,2016-06-18,1624
23.63,2016-06-19,1624
23.65,2016-06-20,1625
23.69,2016-06-21,1625
23.72,2016-06-22,1625
23.72,2016-06-23,1625
23.73,2016-06-24,1625
23.73,2016-06-25,1625
23.73,2016-06-26,1625
23.73,2016-06-27,1626
23.75,2016-06-28,1626
23.77,2016-06-29,1626
23.78,2016-06-30,1626
23.87,2016-07-01,1626
23.93,2016-07-02,1626
23.99,2016-07-03,1626
24.05,2016-07-04,1627
24.12,2016-07-05,1627
24.18,2016-07-06,1627
24.24,2016-07-07,1627
24.27,2016-07-08,1627
24.3,2016-07-09,1627
24.33,2016-07-10,1627
24.36,2016-07-11,1628
24.39,2016-07-12,1628
24.42,2016-07-13,1628
24.45,2016-07-14,1628
24.48,2016-07-15,1628
24.51,2016-07-16,1628
24.54,2016-07-17,1628
24.57,2016-07-18,1629
24.6,2016-07-19,1629
24.63,2016-07-20,1629
24.66,2016-07-21,1629
24.69,2016-07-22,1629
24.72,2016-07-23,1629
24.75,2016-07-24,1629
24.78,2016-07-25,1630
24.81,2016-07-26,1630
24.84,2016-07-27,1630
24.87,2016-07-28,1630
24.9,2016-07-29,1630
24.93,2016-07-30,1630
24.96,2016-07-31,1630
24.99,2016-08-01,1631
25.02,2016-08-02,1631
25.05,2016-08-03,1631
25.05,2016-08-04,1631
25.05,2016-08-05,1631
25.02,2016-08-06,1631
24.98,2016-08-07,1631
24.95,2016-08-08,1632
24.9,2016-08-09,1632
24.86,2016-08-10,1632
24.82,2016-08-11,1632
24.77,2016-08-12,1632
24.73,2016-08-13,1632
24.68,2016-08-14,1632
24.64,2016-08-15,1633
24.61,2016-08-16,1633
24.57,2016-08-17,1633
24.54,2016-08-18,1633
24.5,2016-08-19,1633
24.47,2016-08-20,1633
24.43,2016-08-21,1633
24.4,2016-08-22,1634
24.42,2016-08-23,1634
24.45,2016-08-24,1634
24.48,2016-08-25,1634
24.51,2016-08-26,1634
24.54,2016-08-27,1634
24.57,2016-08-28,1634
24.6,2016-08-29,1635
24.62,2016-08-30,1635
24.65,2016-08-31,1635
24.68,2016-09-01,1635
24.7,2016-09-02,1635
24.68,2016-09-03,1635
24.67,2016-09-04,1635
24.65,2016-09-05,1636
24.63,2016-09-06,1636
24.61,2016-09-07,1636
24.55,2016-09-08,1636
24.53,2016-09-09,1636
24.5,2016-09-10,1636
24.48,2016-09-11,1636
24.45,2016-09-12,1637
24.43,2016-09-13,1637
24.41,2016-09-14,1637
24.39,2016-09-15,1637
24.36,2016-09-16,1637
24.34,2016-09-17,1637
24.31,2016-09-18,1637
24.32,2016-09-19,1638
24.32,2016-09-20,1638
24.33,2016-09-21,1638
24.34,2016-09-22,1638
24.36,2016-09-23,1638
24.38,2016-09-24,1638
24.4,2016-09-25,1638
24.41,2016-09-26,1639
24.39,2016-09-27,1639
24.38,2016-09-28,1639
24.36,2016-09-29,1639
24.34,2016-09-30,1639
24.31,2016-10-01,1639
24.27,2016-10-02,1639
24.24,2016-10-03,1640
24.21,2016-10-04,1640
24.18,2016-10-05,1640
24.16,2016-10-06,1640
24.15,2016-10-07,1640
24.13,2016-10-08,1640
24.12,2016-10-09,1640
24.11,2016-10-10,1641
24.06,2016-10-11,1641
24.06,2016-10-12,1641
24.07,2016-10-13,1641
24.08,2016-10-14,1641
24.1,2016-10-15,1641
24.11,2016-10-16,1641
24.09,2016-10-17,1642
24.07,2016-10-18,1642
24.05,2016-10-19,1642
24,2016-10-20,1642
23.96,2016-10-21,1642
23.91,2016-10-22,1642
23.87,2016-10-23,1642
23.82,2016-10-24,1643
23.82,2016-10-25,1643
23.82,2016-10-26,1643
23.82,2016-10-27,1643
23.81,2016-10-28,1643
23.81,2016-10-29,1643
23.81,2016-10-30,1643
23.81,2016-10-31,1644
23.81,2016-11-01,1644
23.82,2016-11-02,1644
23.8,2016-11-03,1644
23.78,2016-11-04,1644
23.77,2016-11-05,1644
23.75,2016-11-06,1644
23.74,2016-11-07,1645
23.7,2016-11-08,1645
23.66,2016-11-09,1645
23.62,2016-11-10,1645
23.58,2016-11-11,1645
23.54,2016-11-12,1645
23.5,2016-11-13,1645
23.46,2016-11-14,1646
23.42,2016-11-15,1646
23.38,2016-11-16,1646
23.39,2016-11-17,1646
23.4,2016-11-18,1646
23.41,2016-11-19,1646
23.42,2016-11-20,1646
23.43,2016-11-21,1647
23.41,2016-11-22,1647
23.39,2016-11-23,1647
23.37,2016-11-24,1647
23.35,2016-11-25,1647
23.33,2016-11-26,1647
23.31,2016-11-27,1647
23.3,2016-11-28,1648
23.24,2016-11-29,1648
23.19,2016-11-30,1648
23.14,2016-12-01,1648
23.16,2016-12-02,1648
23.19,2016-12-03,1648
23.21,2016-12-04,1648
23.24,2016-12-05,1649
23.24,2016-12-06,1649
23.24,2016-12-07,1649
23.23,2016-12-08,1649
23.23,2016-12-09,1649
23.23,2016-12-10,1649
23.22,2016-12-11,1649
23.22,2016-12-12,1650
23.22,2016-12-13,1650
23.21,2016-12-14,1650
23.2,2016-12-15,1650
23.2,2016-12-16,1650
23.19,2016-12-17,1650
23.18,2016-12-18,1650
23.18,2016-12-19,1651
23.2,2016-12-20,1651
23.21,2016-12-21,1651
23.23,2016-12-22,1651
23.25,2016-12-23,1651
23.27,2016-12-24,1651
23.29,2016-12-25,1651
23.31,2016-12-26,1652
23.33,2016-12-27,1652
23.35,2016-12-28,1652
23.37,2016-12-29,1652
23.38,2016-12-30,1652
23.4,2016-12-31,1652
23.42,2017-01-01,1752
23.44,2017-01-02,1701
23.46,2017-01-03,1701
23.48,2017-01-04,1701
23.46,2017-01-05,1701
23.44,2017-01-06,1701
23.41,2017-01-07,1701
23.37,2017-01-08,1701
23.33,2017-01-09,1702
23.32,2017-01-10,1702
23.31,2017-01-11,1702
23.29,2017-01-12,1702
23.28,2017-01-13,1702
23.27,2017-01-14,1702
23.26,2017-01-15,1702
23.25,2017-01-16,1703
23.23,2017-01-17,1703
23.22,2017-01-18,1703
23.21,2017-01-19,1703
23.2,2017-01-20,1703
23.18,2017-01-21,1703
23.17,2017-01-22,1703
23.16,2017-01-23,1704
23.15,2017-01-24,1704
23.15,2017-01-25,1704
23.15,2017-01-26,1704
23.15,2017-01-27,1704
23.15,2017-01-28,1704
23.15,2017-01-29,1704
23.15,2017-01-30,1705
23.16,2017-01-31,1705
23.17,2017-02-01,1705
23.19,2017-02-02,1705
23.25,2017-02-03,1705
23.31,2017-02-04,1705
23.37,2017-02-05,1705
23.43,2017-02-06,1706
23.47,2017-02-07,1706
23.51,2017-02-08,1706
23.5,2017-02-09,1706
23.48,2017-02-10,1706
23.47,2017-02-11,1706
23.46,2017-02-12,1706
23.45,2017-02-13,1707
23.45,2017-02-14,1707
23.44,2017-02-15,1707
23.44,2017-02-16,1707
23.43,2017-02-17,1707
23.43,2017-02-18,1707
23.42,2017-02-19,1707
23.42,2017-02-20,1708
23.41,2017-02-21,1708
23.4,2017-02-22,1708
23.38,2017-02-23,1708
23.36,2017-02-24,1708
23.34,2017-02-25,1708
23.32,2017-02-26,1708
23.3,2017-02-27,1709
23.27,2017-02-28,1709
23.27,2017-03-01,1709
23.26,2017-03-02,1709
23.26,2017-03-03,1709
23.25,2017-03-04,1709
23.25,2017-03-05,1709
23.24,2017-03-06,1710
23.26,2017-03-07,1710
23.27,2017-03-08,1710
23.26,2017-03-09,1710
23.28,2017-03-10,1710
23.3,2017-03-11,1710
23.29,2017-03-12,1710
23.27,2017-03-13,1711
23.19,2017-03-14,1711
23.11,2017-03-15,1711
23.1,2017-03-16,1711
23.09,2017-03-17,1711
23.09,2017-03-18,1711
23.08,2017-03-19,1711
23.07,2017-03-20,1712
23.07,2017-03-21,1712
23.07,2017-03-22,1712
23.07,2017-03-23,1712
23.07,2017-03-24,1712
23.07,2017-03-25,1712
23.07,2017-03-26,1712
23.07,2017-03-27,1713
23.13,2017-03-28,1713
23.19,2017-03-29,1713
23.2,2017-03-30,1713
23.22,2017-03-31,1713
23.22,2017-04-01,1713
23.23,2017-04-02,1713
23.23,2017-04-03,1714
23.24,2017-04-04,1714
23.23,2017-04-05,1714
23.23,2017-04-06,1714
23.2,2017-04-07,1714
23.17,2017-04-08,1714
23.13,2017-04-09,1714
23.1,2017-04-10,1715
23.05,2017-04-11,1715
23.01,2017-04-12,1715
22.96,2017-04-13,1715
23,2017-04-14,1715
23.04,2017-04-15,1715
23.09,2017-04-16,1715
23.13,2017-04-17,1716
23.17,2017-04-18,1716
23.21,2017-04-19,1716
23.21,2017-04-20,1716
23.22,2017-04-21,1716
23.22,2017-04-22,1716
23.23,2017-04-23,1716
23.23,2017-04-24,1717
23.23,2017-04-25,1717
23.24,2017-04-26,1717
23.27,2017-04-27,1717
23.3,2017-04-28,1717
23.34,2017-04-29,1717
23.34,2017-04-30,1717
23.33,2017-05-01,1718
23.33,2017-05-02,1718
23.33,2017-05-03,1718
23.33,2017-05-04,1718
23.33,2017-05-05,1718
23.3,2017-05-06,1718
23.31,2017-05-07,1718
23.31,2017-05-08,1719
23.31,2017-05-09,1719
23.31,2017-05-10,1719
23.3,2017-05-11,1719
23.28,2017-05-12,1719
23.26,2017-05-13,1719
23.24,2017-05-14,1719
23.22,2017-05-15,1720
23.2,2017-05-16,1720
23.19,2017-05-17,1720
23.17,2017-05-18,1720
23.15,2017-05-19,1720
23.16,2017-05-20,1720
23.17,2017-05-21,1720
23.18,2017-05-22,1721
23.19,2017-05-23,1721
23.2,2017-05-24,1721
23.21,2017-05-25,1721
23.23,2017-05-26,1721
23.2,2017-05-27,1721
23.17,2017-05-28,1721
23.15,2017-05-29,1722
23.12,2017-05-30,1722
23.09,2017-05-31,1722
23.06,2017-06-01,1722
23.05,2017-06-02,1722
23.03,2017-06-03,1722
23.01,2017-06-04,1722
22.99,2017-06-05,1723
22.97,2017-06-06,1723
22.95,2017-06-07,1723
22.93,2017-06-08,1723
22.93,2017-06-09,1723
22.99,2017-06-10,1723
23.05,2017-06-11,1723
23.11,2017-06-12,1724
23.12,2017-06-13,1724
23.13,2017-06-14,1724
23.14,2017-06-15,1724
23.15,2017-06-16,1724
23.14,2017-06-17,1724
23.13,2017-06-18,1724
23.12,2017-06-19,1725
23.12,2017-06-20,1725
23.12,2017-06-21,1725
23.13,2017-06-22,1725
23.12,2017-06-23,1725
23.11,2017-06-24,1725
23.1,2017-06-25,1725
23.09,2017-06-26,1726
23.07,2017-06-27,1726
23.06,2017-06-28,1726
23.05,2017-06-29,1726
23.03,2017-06-30,1726
23.01,2017-07-01,1726
23,2017-07-02,1726
22.98,2017-07-03,1727
22.96,2017-07-04,1727
22.95,2017-07-05,1727
22.93,2017-07-06,1727
22.91,2017-07-07,1727
22.89,2017-07-08,1727
22.92,2017-07-09,1727
22.94,2017-07-10,1728
22.96,2017-07-11,1728
22.98,2017-07-12,1728
23,2017-07-13,1728
23.02,2017-07-14,1728
23.05,2017-07-15,1728
23.07,2017-07-16,1728
23.09,2017-07-17,1729
23.11,2017-07-18,1729
23.13,2017-07-19,1729
23.16,2017-07-20,1729
23.18,2017-07-21,1729
23.2,2017-07-22,1729
23.22,2017-07-23,1729
23.24,2017-07-24,1730
23.26,2017-07-25,1730
23.29,2017-07-26,1730
23.31,2017-07-27,1730
23.33,2017-07-28,1730
23.35,2017-07-29,1730
23.37,2017-07-30,1730
23.4,2017-07-31,1731
23.42,2017-08-01,1731
23.44,2017-08-02,1731
23.46,2017-08-03,1731
23.48,2017-08-04,1731
23.52,2017-08-05,1731
23.51,2017-08-06,1731
23.5,2017-08-07,1732
23.49,2017-08-08,1732
23.47,2017-08-09,1732
23.46,2017-08-10,1732
23.45,2017-08-11,1732
23.44,2017-08-12,1732
23.43,2017-08-13,1732
23.42,2017-08-14,1733
23.44,2017-08-15,1733
23.46,2017-08-16,1733
23.48,2017-08-17,1733
23.54,2017-08-18,1733
23.59,2017-08-19,1733
23.64,2017-08-20,1733
23.68,2017-08-21,1734
23.74,2017-08-22,1734
23.81,2017-08-23,1734
23.89,2017-08-24,1734
23.98,2017-08-25,1734
24.05,2017-08-26,1734
24.13,2017-08-27,1734
24.21,2017-08-28,1735
24.27,2017-08-29,1735
24.3,2017-08-30,1735
24.34,2017-08-31,1735
24.38,2017-09-01,1735
24.42,2017-09-02,1735
24.46,2017-09-03,1735
24.49,2017-09-04,1736
24.54,2017-09-05,1736
24.58,2017-09-06,1736
24.63,2017-09-07,1736
24.71,2017-09-08,1736
24.79,2017-09-09,1736
24.9,2017-09-10,1736
25,2017-09-11,1737
25.07,2017-09-12,1737
25.13,2017-09-13,1737
25.2,2017-09-14,1737
25.27,2017-09-15,1737
25.33,2017-09-16,1737
25.4,2017-09-17,1737
25.47,2017-09-18,1738
25.49,2017-09-19,1738
25.51,2017-09-20,1738
25.54,2017-09-21,1738
25.56,2017-09-22,1738
25.58,2017-09-23,1738
25.61,2017-09-24,1738
25.63,2017-09-25,1739
25.67,2017-09-26,1739
25.71,2017-09-27,1739
25.8,2017-09-28,1739
25.88,2017-09-29,1739
25.96,2017-09-30,1739
26.04,2017-10-01,1739
26.14,2017-10-02,1740
26.23,2017-10-03,1740
26.33,2017-10-04,1740
26.39,2017-10-05,1740
26.44,2017-10-06,1740
26.42,2017-10-07,1740
26.39,2017-10-08,1740
26.36,2017-10-09,1741
26.33,2017-10-10,1741
26.29,2017-10-11,1741
26.26,2017-10-12,1741
26.22,2017-10-13,1741
26.19,2017-10-14,1741
26.15,2017-10-15,1741
26.12,2017-10-16,1742
26.11,2017-10-17,1742
26.11,2017-10-18,1742
26.1,2017-10-19,1742
26.09,2017-10-20,1742
26.09,2017-10-21,1742
26.08,2017-10-22,1742
26.08,2017-10-23,1743
26.09,2017-10-24,1743
26.1,2017-10-25,1743
26.12,2017-10-26,1743
26.14,2017-10-27,1743
26.15,2017-10-28,1743
26.17,2017-10-29,1743
26.19,2017-10-30,1744
26.21,2017-10-31,1744
26.24,2017-11-01,1744
26.27,2017-11-02,1744
26.3,2017-11-03,1744
26.32,2017-11-04,1744
26.35,2017-11-05,1744
26.38,2017-11-06,1745
26.43,2017-11-07,1745
26.48,2017-11-08,1745
26.51,2017-11-09,1745
26.55,2017-11-10,1745
26.57,2017-11-11,1745
26.59,2017-11-12,1745
26.61,2017-11-13,1746
26.59,2017-11-14,1746
26.56,2017-11-15,1746
26.53,2017-11-16,1746
26.51,2017-11-17,1746
26.48,2017-11-18,1746
26.45,2017-11-19,1746
26.43,2017-11-20,1747
26.41,2017-11-21,1747
26.39,2017-11-22,1747
26.42,2017-11-23,1747
26.45,2017-11-24,1747
26.47,2017-11-25,1747
26.5,2017-11-26,1747
26.52,2017-11-27,1748
26.54,2017-11-28,1748
26.56,2017-11-29,1748
26.58,2017-11-30,1748
26.6,2017-12-01,1748
26.61,2017-12-02,1748
26.63,2017-12-03,1748
26.65,2017-12-04,1749
26.69,2017-12-05,1749
26.74,2017-12-06,1749
26.76,2017-12-07,1749
26.78,2017-12-08,1749
26.8,2017-12-09,1749
26.83,2017-12-10,1749
26.86,2017-12-11,1750
26.89,2017-12-12,1750
26.93,2017-12-13,1750
26.97,2017-12-14,1750
27.01,2017-12-15,1750
27.04,2017-12-16,1750
27.08,2017-12-17,1750
27.12,2017-12-18,1751
27.18,2017-12-19,1751
27.23,2017-12-20,1751
27.31,2017-12-21,1751
27.39,2017-12-22,1751
27.47,2017-12-23,1751
27.54,2017-12-24,1751
27.62,2017-12-25,1752
27.7,2017-12-26,1752
27.78,2017-12-27,1752
27.86,2017-12-28,1752
27.94,2017-12-29,1752
28.01,2017-12-30,1752
28.09,2017-12-31,1752
28.17,2018-01-01,1801
28.25,2018-01-02,1801
28.33,2018-01-03,1801
28.38,2018-01-04,1801
28.44,2018-01-05,1801
28.49,2018-01-06,1801
28.55,2018-01-07,1801
28.6,2018-01-08,1802
28.65,2018-01-09,1802
28.65,2018-01-10,1802
28.7,2018-01-11,1802
28.75,2018-01-12,1802
28.78,2018-01-13,1802
28.8,2018-01-14,1802
28.83,2018-01-15,1803
28.83,2018-01-16,1803
28.82,2018-01-17,1803
28.81,2018-01-18,1803
28.8,2018-01-19,1803
28.79,2018-01-20,1803
28.79,2018-01-21,1803
28.73,2018-01-22,1804
28.67,2018-01-23,1804
28.61,2018-01-24,1804
28.62,2018-01-25,1804
28.63,2018-01-26,1804
28.64,2018-01-27,1804
28.66,2018-01-28,1804
28.63,2018-01-29,1805
28.61,2018-01-30,1805
28.58,2018-01-31,1805
28.58,2018-02-01,1805
28.58,2018-02-02,1805
28.58,2018-02-03,1805
28.58,2018-02-04,1805
28.57,2018-02-05,1806
28.55,2018-02-06,1806
28.52,2018-02-07,1806
28.51,2018-02-08,1806
28.5,2018-02-09,1806
28.49,2018-02-10,1806
28.48,2018-02-11,1806
28.48,2018-02-12,1807
28.45,2018-02-13,1807
28.42,2018-02-14,1807
28.39,2018-02-15,1807
28.36,2018-02-16,1807
28.33,2018-02-17,1807
28.3,2018-02-18,1807
28.27,2018-02-19,1808
28.23,2018-02-20,1808
28.19,2018-02-21,1808
28.17,2018-02-22,1808
28.16,2018-02-23,1808
28.14,2018-02-24,1808
28.13,2018-02-25,1808
28.09,2018-02-26,1809
28.06,2018-02-27,1809
28.03,2018-02-28,1809
27.99,2018-03-01,1809
27.96,2018-03-02,1809
27.92,2018-03-03,1809
27.85,2018-03-04,1809
27.77,2018-03-05,1810
27.7,2018-03-06,1810
27.63,2018-03-07,1810
27.53,2018-03-08,1810
27.44,2018-03-09,1810
27.34,2018-03-10,1810
27.25,2018-03-11,1810
27.15,2018-03-12,1811
27.05,2018-03-13,1811
26.95,2018-03-14,1811
26.85,2018-03-15,1811
26.75,2018-03-16,1811
26.65,2018-03-17,1811
26.55,2018-03-18,1811
26.44,2018-03-19,1812
26.33,2018-03-20,1812
26.23,2018-03-21,1812
26.2,2018-03-22,1812
26.17,2018-03-23,1812
26.15,2018-03-24,1812
26.14,2018-03-25,1812
26.14,2018-03-26,1813
26.14,2018-03-27,1813
26.14,2018-03-28,1813
26.14,2018-03-29,1813
26.14,2018-03-30,1813
26.14,2018-03-31,1813
26.13,2018-04-01,1813
26.13,2018-04-02,1814
26.13,2018-04-03,1814
26.13,2018-04-04,1814
26.12,2018-04-05,1814
26.1,2018-04-06,1814
26.08,2018-04-07,1814
26.06,2018-04-08,1814
26.04,2018-04-09,1815
26.05,2018-04-10,1815
26.06,2018-04-11,1815
26.08,2018-04-12,1815
26.09,2018-04-13,1815
26.11,2018-04-14,1815
26.12,2018-04-15,1815
26.13,2018-04-16,1816
26.12,2018-04-17,1816
26.11,2018-04-18,1816
26.1,2018-04-19,1816
26.09,2018-04-20,1816
26.07,2018-04-21,1816
26.06,2018-04-22,1816
26.05,2018-04-23,1817
26.07,2018-04-24,1817
26.08,2018-04-25,1817
26.13,2018-04-26,1817
26.19,2018-04-27,1817
26.24,2018-04-28,1817
26.29,2018-04-29,1817
26.35,2018-04-30,1818
26.4,2018-05-01,1818
26.45,2018-05-02,1818
26.45,2018-05-03,1818
26.45,2018-05-04,1818
26.46,2018-05-05,1818
26.46,2018-05-06,1818
26.46,2018-05-07,1819
26.49,2018-05-08,1819
26.52,2018-05-09,1819
26.55,2018-05-10,1819
26.57,2018-05-11,1819
26.6,2018-05-12,1819
26.63,2018-05-13,1819
26.65,2018-05-14,1820
26.68,2018-05-15,1820
26.71,2018-05-16,1820
26.75,2018-05-17,1820
26.78,2018-05-18,1820
26.81,2018-05-19,1820
26.84,2018-05-20,1820
26.87,2018-05-21,1821
26.9,2018-05-22,1821
26.88,2018-05-23,1821
26.87,2018-05-24,1821
26.85,2018-05-25,1821
26.84,2018-05-26,1821
26.82,2018-05-27,1821
26.81,2018-05-28,1822
26.81,2018-05-29,1822
26.8,2018-05-30,1822
26.79,2018-05-31,1822
26.78,2018-06-01,1822
26.85,2018-06-02,1822
26.92,2018-06-03,1822
26.98,2018-06-04,1823
27.05,2018-06-05,1823
27.12,2018-06-06,1823
27.12,2018-06-07,1823
27.11,2018-06-08,1823
27.11,2018-06-09,1823
27.11,2018-06-10,1823
27.11,2018-06-11,1824
27.11,2018-06-12,1824
27.11,2018-06-13,1824
27.11,2018-06-14,1824
27.1,2018-06-15,1824
27.1,2018-06-16,1824
27.1,2018-06-17,1824
27.1,2018-06-18,1825
27.1,2018-06-19,1825
27.1,2018-06-20,1825
27.1,2018-06-21,1825
27.09,2018-06-22,1825
27.09,2018-06-23,1825
27.09,2018-06-24,1825
27.09,2018-06-25,1826
27.07,2018-06-26,1826
27.05,2018-06-27,1826
27,2018-06-28,1826
26.95,2018-06-29,1826
26.91,2018-06-30,1826
26.86,2018-07-01,1826
26.81,2018-07-02,1827
26.76,2018-07-03,1827
26.72,2018-07-04,1827
26.68,2018-07-05,1827
26.65,2018-07-06,1827
26.62,2018-07-07,1827
26.58,2018-07-08,1827
26.55,2018-07-09,1828
26.52,2018-07-10,1828
26.48,2018-07-11,1828
26.45,2018-07-12,1828
26.42,2018-07-13,1828
26.38,2018-07-14,1828
26.35,2018-07-15,1828
26.31,2018-07-16,1829
26.28,2018-07-17,1829
26.25,2018-07-18,1829
26.21,2018-07-19,1829
26.18,2018-07-20,1829
26.15,2018-07-21,1829
26.11,2018-07-22,1829
26.08,2018-07-23,1830
26.05,2018-07-24,1830
26.01,2018-07-25,1830
25.98,2018-07-26,1830
25.95,2018-07-27,1830
25.91,2018-07-28,1830
25.88,2018-07-29,1830
25.84,2018-07-30,1831
25.81,2018-07-31,1831
25.78,2018-08-01,1831
25.74,2018-08-02,1831
25.71,2018-08-03,1831
25.68,2018-08-04,1831
25.64,2018-08-05,1831
25.61,2018-08-06,1832
25.64,2018-08-07,1832
25.66,2018-08-08,1832
25.71,2018-08-09,1832
25.77,2018-08-10,1832
25.82,2018-08-11,1832
25.88,2018-08-12,1832
25.88,2018-08-13,1833
25.89,2018-08-14,1833
25.9,2018-08-15,1833
25.9,2018-08-16,1833
25.91,2018-08-17,1833
25.91,2018-08-18,1833
25.92,2018-08-19,1833
25.93,2018-08-20,1834
25.92,2018-08-21,1834
25.92,2018-08-22,1834
25.91,2018-08-23,1834
25.91,2018-08-24,1834
25.9,2018-08-25,1834
25.93,2018-08-26,1834
25.92,2018-08-27,1835
25.91,2018-08-28,1835
25.9,2018-08-29,1835
25.88,2018-08-30,1835
25.87,2018-08-31,1835
25.86,2018-09-01,1835
25.85,2018-09-02,1835
25.82,2018-09-03,1836
25.79,2018-09-04,1836
25.76,2018-09-05,1836
25.78,2018-09-06,1836
25.81,2018-09-07,1836
25.84,2018-09-08,1836
25.86,2018-09-09,1836
25.89,2018-09-10,1837
25.9,2018-09-11,1837
25.9,2018-09-12,1837
25.91,2018-09-13,1837
25.92,2018-09-14,1837
25.93,2018-09-15,1837
25.93,2018-09-16,1837
25.94,2018-09-17,1838
25.9,2018-09-18,1838
25.87,2018-09-19,1838
25.83,2018-09-20,1838
25.79,2018-09-21,1838
25.75,2018-09-22,1838
25.71,2018-09-23,1838
25.67,2018-09-24,1839
25.68,2018-09-25,1839
25.68,2018-09-26,1839
25.69,2018-09-27,1839
25.69,2018-09-28,1839
25.67,2018-09-29,1839
25.67,2018-09-30,1839
25.67,2018-10-01,1840
25.68,2018-10-02,1840
25.68,2018-10-03,1840
25.68,2018-10-04,1840
25.68,2018-10-05,1840
25.68,2018-10-06,1840
25.68,2018-10-07,1840
25.67,2018-10-08,1841
25.67,2018-10-09,1841
25.67,2018-10-10,1841
25.68,2018-10-11,1841
25.68,2018-10-12,1841
25.69,2018-10-13,1841
25.7,2018-10-14,1841
25.7,2018-10-15,1842
25.71,2018-10-16,1842
25.71,2018-10-17,1842
25.72,2018-10-18,1842
25.72,2018-10-19,1842
25.73,2018-10-20,1842
25.74,2018-10-21,1842
25.74,2018-10-22,1843
25.76,2018-10-23,1843
25.78,2018-10-24,1843
25.78,2018-10-25,1843
25.78,2018-10-26,1843
25.78,2018-10-27,1843
25.78,2018-10-28,1843
25.82,2018-10-29,1844
25.85,2018-10-30,1844
25.86,2018-10-31,1844
25.87,2018-11-01,1844
25.87,2018-11-02,1844
25.88,2018-11-03,1844
25.88,2018-11-04,1844
25.89,2018-11-05,1845
25.86,2018-11-06,1845
25.83,2018-11-07,1845
25.77,2018-11-08,1845
25.72,2018-11-09,1845
25.66,2018-11-10,1845
25.61,2018-11-11,1845
25.55,2018-11-12,1846
25.48,2018-11-13,1846
25.4,2018-11-14,1846
25.33,2018-11-15,1846
25.25,2018-11-16,1846
25.18,2018-11-17,1846
25.11,2018-11-18,1846
25.03,2018-11-19,1847
24.97,2018-11-20,1847
24.91,2018-11-21,1847
24.91,2018-11-22,1847
24.9,2018-11-23,1847
24.9,2018-11-24,1847
24.9,2018-11-25,1847
24.9,2018-11-26,1848
24.91,2018-11-27,1848
24.91,2018-11-28,1848
24.91,2018-11-29,1848
24.92,2018-11-30,1848
24.92,2018-12-01,1848
24.92,2018-12-02,1848
24.93,2018-12-03,1849
24.93,2018-12-04,1849
24.93,2018-12-05,1849
24.9,2018-12-06,1849
24.87,2018-12-07,1849
24.83,2018-12-08,1849
24.8,2018-12-09,1849
24.77,2018-12-10,1850
24.8,2018-12-11,1850
24.83,2018-12-12,1850
24.86,2018-12-13,1850
24.89,2018-12-14,1850
24.92,2018-12-15,1850
24.95,2018-12-16,1850
24.98,2018-12-17,1851
24.97,2018-12-18,1851
24.95,2018-12-19,1851
24.94,2018-12-20,1851
24.94,2018-12-21,1851
24.93,2018-12-22,1851
24.92,2018-12-23,1851
24.92,2018-12-24,1852
24.91,2018-12-25,1852
24.9,2018-12-26,1852
24.89,2018-12-27,1852
24.89,2018-12-28,1852
24.88,2018-12-29,1852
24.87,2018-12-30,1852
24.87,2018-12-31,1801
24.86,2019-01-01,1901
24.85,2019-01-02,1901
24.85,2019-01-03,1901
24.84,2019-01-04,1901
24.83,2019-01-05,1901
24.82,2019-01-06,1901
24.82,2019-01-07,1902
24.71,2019-01-08,1902
24.6,2019-01-09,1902
24.48,2019-01-10,1902
24.38,2019-01-11,1902
24.28,2019-01-12,1902
24.17,2019-01-13,1902
24.07,2019-01-14,1903
24.01,2019-01-15,1903
23.94,2019-01-16,1903
23.88,2019-01-17,1903
23.82,2019-01-18,1903
23.75,2019-01-19,1903
23.69,2019-01-20,1903
23.62,2019-01-21,1904
23.56,2019-01-22,1904
23.5,2019-01-23,1904
23.46,2019-01-24,1904
23.42,2019-01-25,1904
23.38,2019-01-26,1904
23.34,2019-01-27,1904
23.3,2019-01-28,1905
23.28,2019-01-29,1905
23.26,2019-01-30,1905
23.24,2019-01-31,1905
23.22,2019-02-01,1905
23.2,2019-02-02,1905
23.16,2019-02-03,1905
23.13,2019-02-04,1906
23.11,2019-02-05,1906
23.09,2019-02-06,1906
23.08,2019-02-07,1906
23.07,2019-02-08,1906
23.06,2019-02-09,1906
23.05,2019-02-10,1906
23.03,2019-02-11,1907
23.05,2019-02-12,1907
23.07,2019-02-13,1907
23.09,2019-02-14,1907
23.12,2019-02-15,1907
23.14,2019-02-16,1907
23.16,2019-02-17,1907
23.18,2019-02-18,1908
23.2,2019-02-19,1908
23.3,2019-02-20,1908
23.34,2019-02-21,1908
23.38,2019-02-22,1908
23.43,2019-02-23,1908
23.47,2019-02-24,1908
23.51,2019-02-25,1909
23.58,2019-02-26,1909
23.65,2019-02-27,1909
23.72,2019-02-28,1909
23.79,2019-03-01,1909
23.83,2019-03-02,1909
23.86,2019-03-03,1909
23.9,2019-03-04,1910
23.91,2019-03-05,1910
23.93,2019-03-06,1910
23.92,2019-03-07,1910
23.91,2019-03-08,1910
23.9,2019-03-09,1910
23.89,2019-03-10,1910
23.88,2019-03-11,1911
23.81,2019-03-12,1911
23.73,2019-03-13,1911
23.65,2019-03-14,1911
23.57,2019-03-15,1911
23.5,2019-03-16,1911
23.42,2019-03-17,1911
23.34,2019-03-18,1912
23.22,2019-03-19,1912
23.1,2019-03-20,1912
23.04,2019-03-21,1912
22.98,2019-03-22,1912
22.92,2019-03-23,1912
22.86,2019-03-24,1912
22.8,2019-03-25,1913
22.74,2019-03-26,1913
22.68,2019-03-27,1913
22.62,2019-03-28,1913
22.56,2019-03-29,1913
22.53,2019-03-30,1913
22.5,2019-03-31,1913
22.48,2019-04-01,1914
22.46,2019-04-02,1914
22.44,2019-04-03,1914
22.41,2019-04-04,1914
22.39,2019-04-05,1914
22.37,2019-04-06,1914
22.34,2019-04-07,1914
22.32,2019-04-08,1915
22.33,2019-04-09,1915
22.33,2019-04-10,1915
22.34,2019-04-11,1915
22.34,2019-04-12,1915
22.35,2019-04-13,1915
22.36,2019-04-14,1915
22.36,2019-04-15,1916
22.37,2019-04-16,1916
22.36,2019-04-17,1916
22.34,2019-04-18,1916
22.33,2019-04-19,1916
22.32,2019-04-20,1916
22.31,2019-04-21,1916
22.3,2019-04-22,1917
22.29,2019-04-23,1917
22.27,2019-04-24,1917
22.26,2019-04-25,1917
22.2,2019-04-26,1917
22.14,2019-04-27,1917
22.08,2019-04-28,1917
22.02,2019-04-29,1918
21.95,2019-04-30,1918
21.89,2019-05-01,1918
21.83,2019-05-02,1918
21.81,2019-05-03,1918
21.82,2019-05-04,1918
21.83,2019-05-05,1918
21.84,2019-05-06,1919
21.91,2019-05-07,1919
21.99,2019-05-08,1919
21.98,2019-05-09,1919
21.97,2019-05-10,1919
21.96,2019-05-11,1919
21.95,2019-05-12,1919
21.94,2019-05-13,1920
21.96,2019-05-14,1920
21.98,2019-05-15,1920
22,2019-05-16,1920
22.02,2019-05-17,1920
22.03,2019-05-18,1920
22.03,2019-05-19,1920
22.03,2019-05-20,1921
22.03,2019-05-21,1921
22.02,2019-05-22,1921
22.02,2019-05-23,1921
22.02,2019-05-24,1921
22.02,2019-05-25,1921
22.01,2019-05-26,1921
22.01,2019-05-27,1922
21.98,2019-05-28,1922
21.95,2019-05-29,1922
21.95,2019-05-30,1922
21.95,2019-05-31,1922
21.96,2019-06-01,1922
21.96,2019-06-02,1922
21.96,2019-06-03,1923
22,2019-06-04,1923
22.04,2019-06-05,1923
22,2019-06-06,1923
21.93,2019-06-07,1923
21.86,2019-06-08,1923
21.78,2019-06-09,1923
21.71,2019-06-10,1924
21.74,2019-06-11,1924
21.76,2019-06-12,1924
21.79,2019-06-13,1924
21.82,2019-06-14,1924
21.84,2019-06-15,1924
21.87,2019-06-16,1924
21.9,2019-06-17,1925
21.89,2019-06-18,1925
21.89,2019-06-19,1925
21.89,2019-06-20,1925
21.89,2019-06-21,1925
21.89,2019-06-22,1925
21.89,2019-06-23,1925
21.88,2019-06-24,1926
21.85,2019-06-25,1926
21.81,2019-06-26,1926
21.8,2019-06-27,1926
21.8,2019-06-28,1926
21.8,2019-06-29,1926
21.79,2019-06-30,1926
21.79,2019-07-01,1927
21.79,2019-07-02,1927
21.79,2019-07-03,1927
21.8,2019-07-04,1927
21.82,2019-07-05,1927
21.84,2019-07-06,1927
21.86,2019-07-07,1927
21.88,2019-07-08,1928
21.9,2019-07-09,1928
21.92,2019-07-10,1928
21.94,2019-07-11,1928
21.95,2019-07-12,1928
21.97,2019-07-13,1928
21.99,2019-07-14,1928
22.01,2019-07-15,1929
22.03,2019-07-16,1929
22.05,2019-07-17,1929
22.07,2019-07-18,1929
22.09,2019-07-19,1929
22.11,2019-07-20,1929
22.12,2019-07-21,1929
22.14,2019-07-22,1930
22.16,2019-07-23,1930
22.18,2019-07-24,1930
22.2,2019-07-25,1930
22.22,2019-07-26,1930
22.24,2019-07-27,1930
22.26,2019-07-28,1930
22.28,2019-07-29,1931
22.29,2019-07-30,1931
22.31,2019-07-31,1931
22.33,2019-08-01,1931
22.35,2019-08-02,1931
22.37,2019-08-03,1931
22.39,2019-08-04,1931
22.41,2019-08-05,1932
22.44,2019-08-06,1932
22.47,2019-08-07,1932
22.44,2019-08-08,1932
22.41,2019-08-09,1932
22.36,2019-08-10,1932
22.32,2019-08-11,1932
22.28,2019-08-12,1933
22.22,2019-08-13,1933
22.16,2019-08-14,1933
22.1,2019-08-15,1933
22.04,2019-08-16,1933
21.97,2019-08-17,1933
21.91,2019-08-18,1933
21.89,2019-08-19,1934
21.87,2019-08-20,1934
21.85,2019-08-21,1934
21.85,2019-08-22,1934
21.85,2019-08-23,1934
21.86,2019-08-24,1934
21.86,2019-08-25,1934
21.86,2019-08-26,1935
21.84,2019-08-27,1935
21.81,2019-08-28,1935
21.78,2019-08-29,1935
21.75,2019-08-30,1935
21.72,2019-08-31,1935
21.7,2019-09-01,1935
21.67,2019-09-02,1936
21.65,2019-09-03,1936
21.64,2019-09-04,1936
21.61,2019-09-05,1936
21.57,2019-09-06,1936
21.54,2019-09-07,1936
21.51,2019-09-08,1936
21.48,2019-09-09,1937
21.45,2019-09-10,1937
21.42,2019-09-11,1937
21.38,2019-09-12,1937
21.35,2019-09-13,1937
21.32,2019-09-14,1937
21.29,2019-09-15,1937
21.26,2019-09-16,1938
21.23,2019-09-17,1938
21.21,2019-09-18,1938
21.18,2019-09-19,1938
21.16,2019-09-20,1938
21.13,2019-09-21,1938
21.11,2019-09-22,1938
21.09,2019-09-23,1939
21.06,2019-09-24,1939
21.04,2019-09-25,1939
21.02,2019-09-26,1939
21.01,2019-09-27,1939
20.99,2019-09-28,1939
20.98,2019-09-29,1939
20.96,2019-09-30,1940
20.97,2019-10-01,1940
20.99,2019-10-02,1940
20.99,2019-10-03,1940
20.98,2019-10-04,1940
21.01,2019-10-05,1940
21.04,2019-10-06,1940
21.07,2019-10-07,1941
21.06,2019-10-08,1941
21.05,2019-10-09,1941
21.04,2019-10-10,1941
21.04,2019-10-11,1941
21.03,2019-10-12,1941
21.02,2019-10-13,1941
21.01,2019-10-14,1942
21.01,2019-10-15,1942
21,2019-10-16,1942
21,2019-10-17,1942
20.99,2019-10-18,1942
20.99,2019-10-19,1942
20.98,2019-10-20,1942
20.98,2019-10-21,1943
21.01,2019-10-22,1943
21.03,2019-10-23,1943
21.06,2019-10-24,1943
21.08,2019-10-25,1943
21.11,2019-10-26,1943
21.14,2019-10-27,1943
21.16,2019-10-28,1944
21.16,2019-10-29,1944
21.17,2019-10-30,1944
21.17,2019-10-31,1944
21.17,2019-11-01,1944
21.18,2019-11-02,1944
21.2,2019-11-03,1944
21.22,2019-11-04,1945
21.24,2019-11-05,1945
21.25,2019-11-06,1945
21.21,2019-11-07,1945
21.17,2019-11-08,1945
21.13,2019-11-09,1945
21.09,2019-11-10,1945
21.05,2019-11-11,1946
21.02,2019-11-12,1946
21,2019-11-13,1946
20.97,2019-11-14,1946
20.95,2019-11-15,1946
20.92,2019-11-16,1946
20.9,2019-11-17,1946
20.87,2019-11-18,1947
20.85,2019-11-19,1947
20.83,2019-11-20,1947
20.8,2019-11-21,1947
20.78,2019-11-22,1947
20.75,2019-11-23,1947
20.73,2019-11-24,1947
20.7,2019-11-25,1948
20.72,2019-11-26,1948
20.73,2019-11-27,1948
20.75,2019-11-28,1948
20.76,2019-11-29,1948
20.84,2019-11-30,1948
20.92,2019-12-01,1948
21,2019-12-02,1949
21.05,2019-12-03,1949
21.09,2019-12-04,1949
21.09,2019-12-05,1949
21.09,2019-12-06,1949
21.08,2019-12-07,1949
21.08,2019-12-08,1949
21.09,2019-12-09,1950
21.1,2019-12-10,1950
21.12,2019-12-11,1950
21.13,2019-12-12,1950
21.14,2019-12-13,1950
21.15,2019-12-14,1950
21.17,2019-12-15,1950
21.19,2019-12-16,1951
21.21,2019-12-17,1951
21.24,2019-12-18,1951
21.24,2019-12-19,1951
21.24,2019-12-20,1951
21.25,2019-12-21,1951
21.25,2019-12-22,1951
21.26,2019-12-23,1952
21.26,2019-12-24,1952
21.26,2019-12-25,1952
21.27,2019-12-26,1952
21.27,2019-12-27,1952
21.28,2019-12-28,1952
21.28,2019-12-29,1952
21.29,2019-12-30,1901
21.29,2019-12-31,1901
21.29,2020-01-01,2001
21.3,2020-01-02,2001
21.3,2020-01-03,2001
21.31,2020-01-04,2001
21.31,2020-01-05,2001
21.28,2020-01-06,2002
21.2,2020-01-07,2002
21.13,2020-01-08,2002
21.06,2020-01-09,2002
20.98,2020-01-10,2002
20.86,2020-01-11,2002
20.73,2020-01-12,2002
20.61,2020-01-13,2003
20.49,2020-01-14,2003
20.36,2020-01-15,2003
20.3,2020-01-16,2003
20.25,2020-01-17,2003
20.19,2020-01-18,2003
20.11,2020-01-19,2003
20.04,2020-01-20,2004
19.97,2020-01-21,2004
19.84,2020-01-22,2004
19.72,2020-01-23,2004
19.6,2020-01-24,2004
19.48,2020-01-25,2004
19.36,2020-01-26,2004
19.23,2020-01-27,2005
19.2,2020-01-28,2005
19.16,2020-01-29,2005
19.12,2020-01-30,2005
19.09,2020-01-31,2005
19.1,2020-02-01,2005
19.12,2020-02-02,2005
19.17,2020-02-03,2006
19.19,2020-02-04,2006
19.21,2020-02-05,2006
19.22,2020-02-06,2006
19.24,2020-02-07,2006
19.25,2020-02-08,2006
19.26,2020-02-09,2006
19.28,2020-02-10,2007
19.29,2020-02-11,2007
19.3,2020-02-12,2007
19.3,2020-02-13,2007
19.31,2020-02-14,2007
19.32,2020-02-15,2007
19.33,2020-02-16,2007
19.34,2020-02-17,2008
19.34,2020-02-18,2008
19.34,2020-02-19,2008
19.36,2020-02-20,2008
19.38,2020-02-21,2008
19.41,2020-02-22,2008
19.43,2020-02-23,2008
19.46,2020-02-24,2009
19.5,2020-02-25,2009
19.53,2020-02-26,2009
19.57,2020-02-27,2009
19.6,2020-02-28,2009
19.63,2020-02-29,2009
19.66,2020-03-01,2009
19.69,2020-03-02,2010
19.78,2020-03-03,2010
19.87,2020-03-04,2010
19.93,2020-03-05,2010
20,2020-03-06,2010
20.06,2020-03-07,2010
20.13,2020-03-08,2010
20.19,2020-03-09,2011
20.31,2020-03-10,2011
20.43,2020-03-11,2011
20.55,2020-03-12,2011
20.67,2020-03-13,2011
20.79,2020-03-14,2011
20.91,2020-03-15,2011
21.03,2020-03-16,2012
21.24,2020-03-17,2012
21.45,2020-03-18,2012
21.66,2020-03-19,2012
21.87,2020-03-20,2012
22.12,2020-03-21,2012
22.37,2020-03-22,2012
22.62,2020-03-23,2013
22.85,2020-03-24,2013
23.08,2020-03-25,2013
23.31,2020-03-26,2013
23.54,2020-03-27,2013
23.77,2020-03-28,2013
24,2020-03-29,2013
24.2,2020-03-30,2014
24.4,2020-03-31,2014
24.59,2020-04-01,2014
24.72,2020-04-02,2014
24.85,2020-04-03,2014
24.98,2020-04-04,2014
25.11,2020-04-05,2014
25.17,2020-04-06,2015
25.23,2020-04-07,2015
25.29,2020-04-08,2015
25.35,2020-04-09,2015
25.41,2020-04-10,2015
25.47,2020-04-11,2015
25.53,2020-04-12,2015
25.6,2020-04-13,2016
25.66,2020-04-14,2016
25.72,2020-04-15,2016
25.78,2020-04-16,2016
25.84,2020-04-17,2016
25.9,2020-04-18,2016
25.96,2020-04-19,2016
26.02,2020-04-20,2017
26.06,2020-04-21,2017
26.1,2020-04-22,2017
26.17,2020-04-23,2017
26.23,2020-04-24,2017
26.3,2020-04-25,2017
26.36,2020-04-26,2017
26.42,2020-04-27,2018
26.47,2020-04-28,2018
26.52,2020-04-29,2018
26.53,2020-04-30,2018
26.53,2020-05-01,2018
26.54,2020-05-02,2018
26.55,2020-05-03,2018
26.56,2020-05-04,2019
26.56,2020-05-05,2019
26.58,2020-05-06,2019
26.58,2020-05-07,2019
26.58,2020-05-08,2019
26.58,2020-05-09,2019
26.58,2020-05-10,2019
26.53,2020-05-11,2020
26.48,2020-05-12,2020
26.43,2020-05-13,2020
26.38,2020-05-14,2020
26.32,2020-05-15,2020
26.27,2020-05-16,2020
26.23,2020-05-17,2020
26.19,2020-05-18,2021
26.15,2020-05-19,2021
26.11,2020-05-20,2021
26.06,2020-05-21,2021
26.02,2020-05-22,2021
25.98,2020-05-23,2021
25.94,2020-05-24,2021
25.9,2020-05-25,2022
25.84,2020-05-26,2022
25.79,2020-05-27,2022
25.74,2020-05-28,2022
25.7,2020-05-29,2022
25.61,2020-05-30,2022
25.52,2020-05-31,2022
25.43,2020-06-01,2023
25.33,2020-06-02,2023
25.22,2020-06-03,2023
25.16,2020-06-04,2023
25.13,2020-06-05,2023
25.1,2020-06-06,2023
25.07,2020-06-07,2023
25.04,2020-06-08,2024
25.03,2020-06-09,2024
25.02,2020-06-10,2024
25.01,2020-06-11,2024
25,2020-06-12,2024
24.99,2020-06-13,2024
25,2020-06-14,2024
25.02,2020-06-15,2025
25.04,2020-06-16,2025
25.05,2020-06-17,2025
25.07,2020-06-18,2025
25.08,2020-06-19,2025
25.1,2020-06-20,2025
25.12,2020-06-21,2025
25.15,2020-06-22,2026
25.17,2020-06-23,2026
25.2,2020-06-24,2026
25.23,2020-06-25,2026
25.25,2020-06-26,2026
25.28,2020-06-27,2026
25.31,2020-06-28,2026
25.34,2020-06-29,2027
25.36,2020-06-30,2027
25.32,2020-07-01,2027
25.27,2020-07-02,2027
25.23,2020-07-03,2027
25.18,2020-07-04,2027
25.14,2020-07-05,2027
25.09,2020-07-06,2028
25.05,2020-07-07,2028
25.01,2020-07-08,2028
25,2020-07-09,2028
24.99,2020-07-10,2028
24.99,2020-07-11,2028
24.98,2020-07-12,2028
24.97,2020-07-13,2029
24.97,2020-07-14,2029
24.96,2020-07-15,2029
24.95,2020-07-16,2029
24.95,2020-07-17,2029
24.94,2020-07-18,2029
24.93,2020-07-19,2029
24.95,2020-07-20,2030
24.96,2020-07-21,2030
24.98,2020-07-22,2030
24.99,2020-07-23,2030
25.01,2020-07-24,2030
25.02,2020-07-25,2030
25.04,2020-07-26,2030
25.05,2020-07-27,2031
25.06,2020-07-28,2031
25.08,2020-07-29,2031
25.09,2020-07-30,2031
25.11,2020-07-31,2031
25.12,2020-08-01,2031
25.14,2020-08-02,2031
25.15,2020-08-03,2032
25.09,2020-08-04,2032
25.03,2020-08-05,2032
25.02,2020-08-06,2032
25.01,2020-08-07,2032
25,2020-08-08,2032
24.99,2020-08-09,2032
24.98,2020-08-10,2033
24.98,2020-08-11,2033
25.05,2020-08-12,2033
25.12,2020-08-13,2033
25.19,2020-08-14,2033
25.26,2020-08-15,2033
25.33,2020-08-16,2033
25.3,2020-08-17,2034
25.27,2020-08-18,2034
25.23,2020-08-19,2034
25.23,2020-08-20,2034
25.23,2020-08-21,2034
25.23,2020-08-22,2034
25.23,2020-08-23,2034
25.18,2020-08-24,2035
25.13,2020-08-25,2035
25.08,2020-08-26,2035
25.03,2020-08-27,2035
24.98,2020-08-28,2035
24.93,2020-08-29,2035
24.88,2020-08-30,2035
24.83,2020-08-31,2036
24.68,2020-09-01,2036
24.75,2020-09-02,2036
24.8,2020-09-03,2036
24.84,2020-09-04,2036
24.88,2020-09-05,2036
24.93,2020-09-06,2036
24.97,2020-09-07,2037
24.95,2020-09-08,2037
24.93,2020-09-09,2037
24.91,2020-09-10,2037
24.89,2020-09-11,2037
24.87,2020-09-12,2037
24.85,2020-09-13,2037
24.84,2020-09-14,2038
24.82,2020-09-15,2038
24.8,2020-09-16,2038
24.78,2020-09-17,2038
24.76,2020-09-18,2038
24.74,2020-09-19,2038
24.73,2020-09-20,2038
24.69,2020-09-21,2039
24.65,2020-09-22,2039
24.62,2020-09-23,2039
24.58,2020-09-24,2039
24.55,2020-09-25,2039
24.56,2020-09-26,2039
24.57,2020-09-27,2039
24.59,2020-09-28,2040
24.62,2020-09-29,2040
24.65,2020-09-30,2040
24.61,2020-10-01,2040
24.58,2020-10-02,2040
24.57,2020-10-03,2040
24.55,2020-10-04,2040
24.45,2020-10-05,2041
24.35,2020-10-06,2041
24.25,2020-10-07,2041
24.2,2020-10-08,2041
24.15,2020-10-09,2041
24.1,2020-10-10,2041
24.05,2020-10-11,2041
24,2020-10-12,2042
23.96,2020-10-13,2042
23.92,2020-10-14,2042
23.88,2020-10-15,2042
23.84,2020-10-16,2042
23.81,2020-10-17,2042
23.77,2020-10-18,2042
23.71,2020-10-19,2043
23.66,2020-10-20,2043
23.6,2020-10-21,2043
23.6,2020-10-22,2043
23.59,2020-10-23,2043
23.58,2020-10-24,2043
23.57,2020-10-25,2043
23.51,2020-10-26,2044
23.45,2020-10-27,2044
23.39,2020-10-28,2044
23.34,2020-10-29,2044
23.28,2020-10-30,2044
23.26,2020-10-31,2044
23.3,2020-11-01,2044
23.35,2020-11-02,2045
23.39,2020-11-03,2045
23.38,2020-11-04,2045
23.33,2020-11-05,2045
23.28,2020-11-06,2045
23.22,2020-11-07,2045
23.17,2020-11-08,2045
23.11,2020-11-09,2046
23.01,2020-11-10,2046
22.91,2020-11-11,2046
22.81,2020-11-12,2046
22.71,2020-11-13,2046
22.6,2020-11-14,2046
22.5,2020-11-15,2046
22.42,2020-11-16,2047
22.34,2020-11-17,2047
22.26,2020-11-18,2047
22.25,2020-11-19,2047
22.24,2020-11-20,2047
22.23,2020-11-21,2047
22.22,2020-11-22,2047
22.21,2020-11-23,2048
22.2,2020-11-24,2048
22.19,2020-11-25,2048
22.18,2020-11-26,2048
22.17,2020-11-27,2048
22.16,2020-11-28,2048
22.15,2020-11-29,2048
22.15,2020-11-30,2049
22.18,2020-12-01,2049
22.21,2020-12-02,2049
22.22,2020-12-03,2049
22.22,2020-12-04,2049
22.23,2020-12-05,2049
22.23,2020-12-06,2049
22.24,2020-12-07,2050
22.22,2020-12-08,2050
22.21,2020-12-09,2050
22.19,2020-12-10,2050
22.17,2020-12-11,2050
22.16,2020-12-12,2050
22.14,2020-12-13,2050
22.13,2020-12-14,2051
22.13,2020-12-15,2051
22.12,2020-12-16,2051
22.25,2020-12-17,2051
22.38,2020-12-18,2051
22.5,2020-12-19,2051
22.63,2020-12-20,2051
22.75,2020-12-21,2052
22.88,2020-12-22,2052
23.01,2020-12-23,2052
23.13,2020-12-24,2052
23.26,2020-12-25,2052
23.39,2020-12-26,2052
23.51,2020-12-27,2052
23.64,2020-12-28,2053
23.76,2020-12-29,2053
23.89,2020-12-30,2053
24.02,2020-12-31,2053
24.14,2021-01-01,2153
24.27,2021-01-02,2153
24.31,2021-01-03,2153
24.36,2021-01-04,2101
24.4,2021-01-05,2101
24.45,2021-01-06,2101
24.43,2021-01-07,2101
24.41,2021-01-08,2101
24.4,2021-01-09,2101
24.39,2021-01-10,2101
24.38,2021-01-11,2102
24.37,2021-01-12,2102
24.36,2021-01-13,2102
24.36,2021-01-14,2102
24.37,2021-01-15,2102
24.38,2021-01-16,2102
24.44,2021-01-17,2102
24.49,2021-01-18,2103
24.55,2021-01-19,2103
24.61,2021-01-20,2103
24.66,2021-01-21,2103
24.72,2021-01-22,2103
24.78,2021-01-23,2103
24.83,2021-01-24,2103
24.87,2021-01-25,2104
24.9,2021-01-26,2104
24.93,2021-01-27,2104
24.95,2021-01-28,2104
24.97,2021-01-29,2104
24.97,2021-01-30,2104
24.98,2021-01-31,2104
25.06,2021-02-01,2105
25.14,2021-02-02,2105
25.22,2021-02-03,2105
25.23,2021-02-04,2105
25.24,2021-02-05,2105
25.26,2021-02-06,2105
25.27,2021-02-07,2105
25.29,2021-02-08,2106
25.31,2021-02-09,2106
25.33,2021-02-10,2106
25.35,2021-02-11,2106
25.37,2021-02-12,2106
25.39,2021-02-13,2106
25.41,2021-02-14,2106
25.38,2021-02-15,2107
25.35,2021-02-16,2107
25.32,2021-02-17,2107
25.3,2021-02-18,2107
25.27,2021-02-19,2107
25.24,2021-02-20,2107
25.21,2021-02-21,2107
25.11,2021-02-22,2108
25.01,2021-02-23,2108
24.91,2021-02-24,2108
24.88,2021-02-25,2108
24.84,2021-02-26,2108
24.78,2021-02-27,2108
24.72,2021-02-28,2108
24.67,2021-03-01,2109
24.61,2021-03-02,2109
24.56,2021-03-03,2109
24.52,2021-03-04,2109
24.49,2021-03-05,2109
24.46,2021-03-06,2109
24.42,2021-03-07,2109
24.39,2021-03-08,2110
24.41,2021-03-09,2110
24.43,2021-03-10,2110
24.35,2021-03-11,2110
24.26,2021-03-12,2110
24.18,2021-03-13,2110
24.1,2021-03-14,2110
24.06,2021-03-15,2111
24.03,2021-03-16,2111
24,2021-03-17,2111
23.96,2021-03-18,2111
23.93,2021-03-19,2111
23.9,2021-03-20,2111
23.86,2021-03-21,2111
23.83,2021-03-22,2112
23.8,2021-03-23,2112
23.77,2021-03-24,2112
23.85,2021-03-25,2112
23.92,2021-03-26,2112
24,2021-03-27,2112
24.08,2021-03-28,2112
24.08,2021-03-29,2113
24.09,2021-03-30,2113
24.09,2021-03-31,2113
24.1,2021-04-01,2113
24.1,2021-04-02,2113
24.11,2021-04-03,2113
24.11,2021-04-04,2113
24.12,2021-04-05,2114
24.12,2021-04-06,2114
24.13,2021-04-07,2114
24.13,2021-04-08,2114
24.13,2021-04-09,2114
24.13,2021-04-10,2114
24.13,2021-04-11,2114
24.13,2021-04-12,2115
24.05,2021-04-13,2115
23.97,2021-04-14,2115
23.89,2021-04-15,2115
23.81,2021-04-16,2115
23.73,2021-04-17,2115
23.65,2021-04-18,2115
23.57,2021-04-19,2116
23.47,2021-04-20,2116
23.35,2021-04-21,2116
23.23,2021-04-22,2116
23.11,2021-04-23,2116
22.99,2021-04-24,2116
22.91,2021-04-25,2116
22.83,2021-04-26,2117
22.75,2021-04-27,2117
22.67,2021-04-28,2117
22.67,2021-04-29,2117
22.68,2021-04-30,2117
22.63,2021-05-01,2117
22.59,2021-05-02,2117
22.54,2021-05-03,2118
22.55,2021-05-04,2118
22.55,2021-05-05,2118
22.51,2021-05-06,2118
22.47,2021-05-07,2118
22.43,2021-05-08,2118
22.39,2021-05-09,2118
22.34,2021-05-10,2119
22.32,2021-05-11,2119
22.29,2021-05-12,2119
22.26,2021-05-13,2119
22.24,2021-05-14,2119
22.21,2021-05-15,2119
22.19,2021-05-16,2119
22.17,2021-05-17,2120
22.15,2021-05-18,2120
22.13,2021-05-19,2120
22.11,2021-05-20,2120
22.09,2021-05-21,2120
22.07,2021-05-22,2120
22.05,2021-05-23,2120
22.03,2021-05-24,2121
21.99,2021-05-25,2121
21.88,2021-05-26,2121
21.81,2021-05-27,2121
21.73,2021-05-28,2121
21.66,2021-05-29,2121
21.58,2021-05-30,2121
21.51,2021-05-31,2122
21.59,2021-06-01,2122
21.67,2021-06-02,2122
21.75,2021-06-03,2122
21.84,2021-06-04,2122
21.91,2021-06-05,2122
21.98,2021-06-06,2122
22.05,2021-06-07,2123
22.1,2021-06-08,2123
22.15,2021-06-09,2123
22.19,2021-06-10,2123
22.24,2021-06-11,2123
22.15,2021-06-12,2123
22.06,2021-06-13,2123
21.98,2021-06-14,2124
21.92,2021-06-15,2124
21.86,2021-06-16,2124
21.8,2021-06-17,2124
21.74,2021-06-18,2124
21.68,2021-06-19,2124
21.62,2021-06-20,2124
21.54,2021-06-21,2125
21.47,2021-06-22,2125
21.39,2021-06-23,2125
21.31,2021-06-24,2125
21.24,2021-06-25,2125
21.16,2021-06-26,2125
21.09,2021-06-27,2125
21.01,2021-06-28,2126
20.93,2021-06-29,2126
20.86,2021-06-30,2126
20.79,2021-07-01,2126
20.71,2021-07-02,2126
20.68,2021-07-03,2126
20.65,2021-07-04,2126
20.62,2021-07-05,2127
20.59,2021-07-06,2127
20.56,2021-07-07,2127
20.54,2021-07-08,2127
20.52,2021-07-09,2127
20.51,2021-07-10,2127
20.49,2021-07-11,2127
20.47,2021-07-12,2128
20.45,2021-07-13,2128
20.44,2021-07-14,2128
20.42,2021-07-15,2128
20.4,2021-07-16,2128
20.38,2021-07-17,2128
20.37,2021-07-18,2128
20.35,2021-07-19,2129
20.33,2021-07-20,2129
20.32,2021-07-21,2129
20.3,2021-07-22,2129
20.28,2021-07-23,2129
20.26,2021-07-24,2129
20.25,2021-07-25,2129
20.23,2021-07-26,2130
20.21,2021-07-27,2130
20.19,2021-07-28,2130
20.2,2021-07-29,2130
20.21,2021-07-30,2130
20.22,2021-07-31,2130
20.24,2021-08-01,2130
20.25,2021-08-02,2131
20.26,2021-08-03,2131
20.27,2021-08-04,2131
20.26,2021-08-05,2131
20.25,2021-08-06,2131
20.32,2021-08-07,2131
20.39,2021-08-08,2131
20.44,2021-08-09,2132
20.48,2021-08-10,2132
20.53,2021-08-11,2132
20.53,2021-08-12,2132
20.52,2021-08-13,2132
20.45,2021-08-14,2132
20.37,2021-08-15,2132
20.3,2021-08-16,2133
20.23,2021-08-17,2133
20.15,2021-08-18,2133
20.07,2021-08-19,2133
19.99,2021-08-20,2133
19.92,2021-08-21,2133
19.88,2021-08-22,2133
19.87,2021-08-23,2134
19.86,2021-08-24,2134
19.85,2021-08-25,2134
19.82,2021-08-26,2134
19.79,2021-08-27,2134
19.79,2021-08-28,2134
19.81,2021-08-29,2134
19.84,2021-08-30,2135
19.87,2021-08-31,2135
19.84,2021-09-01,2135
19.79,2021-09-02,2135
19.75,2021-09-03,2135
19.67,2021-09-04,2135
19.59,2021-09-05,2135
19.52,2021-09-06,2136
19.44,2021-09-07,2136
19.36,2021-09-08,2136
19.54,2021-09-09,2136
19.75,2021-09-10,2136
19.96,2021-09-11,2136
20.23,2021-09-12,2136
20.5,2021-09-13,2137
20.49,2021-09-14,2137
20.48,2021-09-15,2137
20.47,2021-09-16,2137
20.45,2021-09-17,2137
20.44,2021-09-18,2137
20.43,2021-09-19,2137
20.42,2021-09-20,2138
20.41,2021-09-21,2138
20.41,2021-09-22,2138
20.42,2021-09-23,2138
20.42,2021-09-24,2138
20.42,2021-09-25,2138
20.41,2021-09-26,2138
20.4,2021-09-27,2139
20.4,2021-09-28,2139
20.39,2021-09-29,2139
20.38,2021-09-30,2139
20.37,2021-10-01,2139
20.42,2021-10-02,2139
20.46,2021-10-03,2139
20.51,2021-10-04,2140
20.56,2021-10-05,2140
20.61,2021-10-06,2140
20.66,2021-10-07,2140
20.7,2021-10-08,2140
20.75,2021-10-09,2140
20.8,2021-10-10,2140
20.85,2021-10-11,2141
20.87,2021-10-12,2141
20.9,2021-10-13,2141
20.92,2021-10-14,2141
20.95,2021-10-15,2141
20.97,2021-10-16,2141
20.99,2021-10-17,2141
21.02,2021-10-18,2142
21.04,2021-10-19,2142
21.06,2021-10-20,2142
21.07,2021-10-21,2142
21.09,2021-10-22,2142
21.11,2021-10-23,2142
21.13,2021-10-24,2142
21.15,2021-10-25,2143
21.17,2021-10-26,2143
21.19,2021-10-27,2143
21.21,2021-10-28,2143
21.23,2021-10-29,2143
21.25,2021-10-30,2143
21.27,2021-10-31,2143
21.3,2021-11-01,2144
21.32,2021-11-02,2144
21.34,2021-11-03,2144
21.35,2021-11-04,2144
21.35,2021-11-05,2144
21.36,2021-11-06,2144
21.37,2021-11-07,2144
21.38,2021-11-08,2145
21.4,2021-11-09,2145
21.43,2021-11-10,2145
21.45,2021-11-11,2145
21.48,2021-11-12,2145
21.5,2021-11-13,2145
21.53,2021-11-14,2145
21.58,2021-11-15,2146
21.64,2021-11-16,2146
21.69,2021-11-17,2146
21.74,2021-11-18,2146
21.79,2021-11-19,2146
21.84,2021-11-20,2146
21.9,2021-11-21,2146
21.95,2021-11-22,2147
22.06,2021-11-23,2147
22.16,2021-11-24,2147
22.26,2021-11-25,2147
22.36,2021-11-26,2147
22.46,2021-11-27,2147
22.58,2021-11-28,2147
22.69,2021-11-29,2148
22.81,2021-11-30,2148
22.92,2021-12-01,2148
23.04,2021-12-02,2148
23.15,2021-12-03,2148
23.26,2021-12-04,2148
23.38,2021-12-05,2148
23.49,2021-12-06,2149
23.61,2021-12-07,2149
23.7,2021-12-08,2149
23.76,2021-12-09,2149
23.83,2021-12-10,2149
23.9,2021-12-11,2149
23.97,2021-12-12,2149
24.04,2021-12-13,2150
24.07,2021-12-14,2150
24.1,2021-12-15,2150
24.13,2021-12-16,2150
24.17,2021-12-17,2150
24.2,2021-12-18,2150
24.23,2021-12-19,2150
24.26,2021-12-20,2151
24.29,2021-12-21,2151
24.32,2021-12-22,2151
24.35,2021-12-23,2151
24.38,2021-12-24,2151
24.41,2021-12-25,2151
24.44,2021-12-26,2151
24.47,2021-12-27,2152
24.5,2021-12-28,2152
24.53,2021-12-29,2152
24.56,2021-12-30,2152
24.6,2021-12-31,2152
24.63,2022-01-01,2252
24.66,2022-01-02,2252
24.69,2022-01-03,2201
24.72,2022-01-04,2201
24.75,2022-01-05,2201
24.78,2022-01-06,2201
24.81,2022-01-07,2201
24.88,2022-01-08,2201
24.95,2022-01-09,2201
25.01,2022-01-10,2202
25.06,2022-01-11,2202
25.11,2022-01-12,2202
25.16,2022-01-13,2202
25.21,2022-01-14,2202
25.26,2022-01-15,2202
25.29,2022-01-16,2202
25.33,2022-01-17,2203
25.37,2022-01-18,2203
25.41,2022-01-19,2203
25.44,2022-01-20,2203
25.48,2022-01-21,2203
25.52,2022-01-22,2203
25.56,2022-01-23,2203
25.59,2022-01-24,2204
25.59,2022-01-25,2204
25.58,2022-01-26,2204
25.59,2022-01-27,2204
25.61,2022-01-28,2204
25.63,2022-01-29,2204
25.65,2022-01-30,2204
25.66,2022-01-31,2205
25.66,2022-02-01,2205
25.67,2022-02-02,2205
25.68,2022-02-03,2205
25.68,2022-02-04,2205
25.69,2022-02-05,2205
25.7,2022-02-06,2205
25.7,2022-02-07,2206
25.7,2022-02-08,2206
25.71,2022-02-09,2206
25.71,2022-02-10,2206
25.71,2022-02-11,2206
25.71,2022-02-12,2206
25.73,2022-02-13,2206
25.75,2022-02-14,2207
25.78,2022-02-15,2207
25.82,2022-02-16,2207
25.85,2022-02-17,2207
25.88,2022-02-18,2207
25.92,2022-02-19,2207
25.95,2022-02-20,2207
26,2022-02-21,2208
26.05,2022-02-22,2208
26.1,2022-02-23,2208
26.13,2022-02-24,2208
26.16,2022-02-25,2208
26.19,2022-02-26,2208
26.22,2022-02-27,2208
26.25,2022-02-28,2209
26.31,2022-03-01,2209
26.33,2022-03-02,2209
26.37,2022-03-03,2209
26.41,2022-03-04,2209
26.45,2022-03-05,2209
26.49,2022-03-06,2209
26.53,2022-03-07,2210
26.56,2022-03-08,2210
26.59,2022-03-09,2210
26.62,2022-03-10,2210
26.65,2022-03-11,2210
26.68,2022-03-12,2210
26.71,2022-03-13,2210
26.73,2022-03-14,2211
26.78,2022-03-15,2211
26.82,2022-03-16,2211
26.87,2022-03-17,2211
26.91,2022-03-18,2211
26.95,2022-03-19,2211
27,2022-03-20,2211
26.99,2022-03-21,2212
26.99,2022-03-22,2212
26.99,2022-03-23,2212
27,2022-03-24,2212
27.02,2022-03-25,2212
27.03,2022-03-26,2212
27.04,2022-03-27,2212
27.06,2022-03-28,2213
27.07,2022-03-29,2213
27.08,2022-03-30,2213
27.09,2022-03-31,2213
27.1,2022-04-01,2213
27.1,2022-04-02,2213
27.11,2022-04-03,2213
27.12,2022-04-04,2214
27.13,2022-04-05,2214
27.13,2022-04-06,2214
27.16,2022-04-07,2214
27.18,2022-04-08,2214
27.2,2022-04-09,2214
27.22,2022-04-10,2214
27.23,2022-04-11,2215
27.24,2022-04-12,2215
27.25,2022-04-13,2215
27.26,2022-04-14,2215
27.27,2022-04-15,2215
27.28,2022-04-16,2215
27.29,2022-04-17,2215
27.3,2022-04-18,2216
27.31,2022-04-19,2216
27.33,2022-04-20,2216
27.34,2022-04-21,2216
27.35,2022-04-22,2216
27.36,2022-04-23,2216
27.37,2022-04-24,2216
27.38,2022-04-25,2217
27.36,2022-04-26,2217
27.34,2022-04-27,2217
27.36,2022-04-28,2217
27.38,2022-04-29,2217
27.4,2022-04-30,2217
27.41,2022-05-01,2217
27.43,2022-05-02,2218
27.45,2022-05-03,2218
27.45,2022-05-04,2218
27.48,2022-05-05,2218
27.47,2022-05-06,2218
27.46,2022-05-07,2218
27.45,2022-05-08,2218
27.44,2022-05-09,2219
27.44,2022-05-10,2219
27.44,2022-05-11,2219
27.44,2022-05-12,2219
27.44,2022-05-13,2219
27.44,2022-05-14,2219
27.44,2022-05-15,2219
27.4,2022-05-16,2220
27.36,2022-05-17,2220
27.32,2022-05-18,2220
27.28,2022-05-19,2220
27.24,2022-05-20,2220
27.2,2022-05-21,2220
27.16,2022-05-22,2220
27.12,2022-05-23,2221
27.09,2022-05-24,2221
27.06,2022-05-25,2221
27.06,2022-05-26,2221
27.06,2022-05-27,2221
27.05,2022-05-28,2221
27.05,2022-05-29,2221
27.05,2022-05-30,2222
27.05,2022-05-31,2222
27.06,2022-06-01,2222
27.07,2022-06-02,2222
27.08,2022-06-03,2222
27.11,2022-06-04,2222
27.14,2022-06-05,2222
27.14,2022-06-06,2223
27.15,2022-06-07,2223
27.16,2022-06-08,2223
27.14,2022-06-09,2223
27.14,2022-06-10,2223
27.14,2022-06-11,2223
27.13,2022-06-12,2223
27.13,2022-06-13,2224
27.21,2022-06-14,2224
27.29,2022-06-15,2224
27.37,2022-06-16,2224
27.46,2022-06-17,2224
27.54,2022-06-18,2224
27.62,2022-06-19,2224
27.7,2022-06-20,2225
27.74,2022-06-21,2225
27.79,2022-06-22,2225
27.83,2022-06-23,2225
27.87,2022-06-24,2225
27.91,2022-06-25,2225
27.95,2022-06-26,2225
27.99,2022-06-27,2226
28.04,2022-06-28,2226
28.08,2022-06-29,2226
28.14,2022-06-30,2226
28.17,2022-07-01,2226
28.2,2022-07-02,2226
28.22,2022-07-03,2226
28.25,2022-07-04,2227
28.28,2022-07-05,2227
28.3,2022-07-06,2227
28.31,2022-07-07,2227
28.32,2022-07-08,2227
28.33,2022-07-09,2227
28.33,2022-07-10,2227
28.34,2022-07-11,2228
28.35,2022-07-12,2228
28.36,2022-07-13,2228
28.37,2022-07-14,2228
28.37,2022-07-15,2228
28.38,2022-07-16,2228
28.39,2022-07-17,2228
28.4,2022-07-18,2229
28.41,2022-07-19,2229
28.42,2022-07-20,2229
28.42,2022-07-21,2229
28.43,2022-07-22,2229
28.44,2022-07-23,2229
28.45,2022-07-24,2229
28.46,2022-07-25,2230
28.46,2022-07-26,2230
28.47,2022-07-27,2230
28.48,2022-07-28,2230
28.49,2022-07-29,2230
28.5,2022-07-30,2230
28.5,2022-07-31,2230
28.51,2022-08-01,2231
28.52,2022-08-02,2231
28.53,2022-08-03,2231
28.53,2022-08-04,2231
28.54,2022-08-05,2231
28.58,2022-08-06,2231
28.62,2022-08-07,2231
28.67,2022-08-08,2232
28.7,2022-08-09,2232
28.73,2022-08-10,2232
28.76,2022-08-11,2232
28.79,2022-08-12,2232
28.83,2022-08-13,2232
28.86,2022-08-14,2232
28.86,2022-08-15,2233
28.85,2022-08-16,2233
28.85,2022-08-17,2233
28.85,2022-08-18,2233
28.85,2022-08-19,2233
28.84,2022-08-20,2233
28.84,2022-08-21,2233
28.84,2022-08-22,2234
28.83,2022-08-23,2234
28.83,2022-08-24,2234
28.83,2022-08-25,2234
28.82,2022-08-26,2234
28.85,2022-08-27,2234
28.87,2022-08-28,2234
28.9,2022-08-29,2235
28.92,2022-08-30,2235
28.93,2022-08-31,2235
28.95,2022-09-01,2235
28.96,2022-09-02,2235
29.02,2022-09-03,2235
29.07,2022-09-04,2235
29.03,2022-09-05,2236
29,2022-09-06,2236
28.96,2022-09-07,2236
28.93,2022-09-08,2236
28.91,2022-09-09,2236
28.88,2022-09-10,2236
28.85,2022-09-11,2236
28.82,2022-09-12,2237
28.77,2022-09-13,2237
28.71,2022-09-14,2237
28.66,2022-09-15,2237
28.61,2022-09-16,2237
28.55,2022-09-17,2237
28.5,2022-09-18,2237
28.44,2022-09-19,2238
28.45,2022-09-20,2238
28.45,2022-09-21,2238
28.46,2022-09-22,2238
28.46,2022-09-23,2238
28.47,2022-09-24,2238
28.47,2022-09-25,2238
28.48,2022-09-26,2239
28.5,2022-09-27,2239
28.51,2022-09-28,2239
28.52,2022-09-29,2239
28.54,2022-09-30,2239
28.64,2022-10-01,2239
28.73,2022-10-02,2239
28.82,2022-10-03,2240
28.9,2022-10-04,2240
28.98,2022-10-05,2240
29.07,2022-10-06,2240
29.15,2022-10-07,2240
29.23,2022-10-08,2240
29.31,2022-10-09,2240
29.4,2022-10-10,2241
29.44,2022-10-11,2241
29.48,2022-10-12,2241
29.49,2022-10-13,2241
29.51,2022-10-14,2241
29.52,2022-10-15,2241
29.53,2022-10-16,2241
29.54,2022-10-17,2242
29.56,2022-10-18,2242
29.58,2022-10-19,2242
29.6,2022-10-20,2242
29.62,2022-10-21,2242
29.67,2022-10-22,2242
29.71,2022-10-23,2242
29.79,2022-10-24,2243
29.86,2022-10-25,2243
29.93,2022-10-26,2243
30.01,2022-10-27,2243
30.09,2022-10-28,2243
30.17,2022-10-29,2243
30.26,2022-10-30,2243
30.28,2022-10-31,2244
30.36,2022-11-01,2244
30.44,2022-11-02,2244
30.53,2022-11-03,2244
30.61,2022-11-04,2244
30.73,2022-11-05,2244
30.84,2022-11-06,2244
30.96,2022-11-07,2245
31.04,2022-11-08,2245
31.12,2022-11-09,2245
31.2,2022-11-10,2245
31.26,2022-11-11,2245
31.32,2022-11-12,2245
31.38,2022-11-13,2245
31.44,2022-11-14,2246
31.49,2022-11-15,2246
31.54,2022-11-16,2246
31.6,2022-11-17,2246
31.65,2022-11-18,2246
31.71,2022-11-19,2246
31.66,2022-11-20,2246
31.61,2022-11-21,2247
31.56,2022-11-22,2247
31.51,2022-11-23,2247
31.52,2022-11-24,2247
31.51,2022-11-25,2247
31.51,2022-11-26,2247
31.51,2022-11-27,2247
31.55,2022-11-28,2248
31.59,2022-11-29,2248
31.62,2022-11-30,2248
31.66,2022-12-01,2248
31.7,2022-12-02,2248
31.76,2022-12-03,2248
31.82,2022-12-04,2248
31.88,2022-12-05,2249
31.92,2022-12-06,2249
31.96,2022-12-07,2249
31.98,2022-12-08,2249
31.99,2022-12-09,2249
32,2022-12-10,2249
32,2022-12-11,2249
31.99,2022-12-12,2250
31.96,2022-12-13,2250
31.93,2022-12-14,2250
31.97,2022-12-15,2250
32.02,2022-12-16,2250
32.06,2022-12-17,2250
32.02,2022-12-18,2250
31.97,2022-12-19,2251
31.93,2022-12-20,2251
31.88,2022-12-21,2251
31.84,2022-12-22,2251
31.79,2022-12-23,2251
31.74,2022-12-24,2251
31.7,2022-12-25,2251
31.65,2022-12-26,2252
31.61,2022-12-27,2252
31.56,2022-12-28,2252
31.52,2022-12-29,2252
31.47,2022-12-30,2252
31.42,2022-12-31,2252
31.38,2023-01-01,2352
31.33,2023-01-02,2301
31.3,2023-01-03,2301
31.26,2023-01-04,2301
31.24,2023-01-05,2301
31.21,2023-01-06,2301
31.21,2023-01-07,2301
31.2,2023-01-08,2301
31.2,2023-01-09,2302
31.13,2023-01-10,2302
31.06,2023-01-11,2302
31.06,2023-01-12,2302
31.08,2023-01-13,2302
31.1,2023-01-14,2302
31.12,2023-01-15,2302
31.14,2023-01-16,2303
31.16,2023-01-17,2303
31.18,2023-01-18,2303
31.2,2023-01-19,2303
31.22,2023-01-20,2303
31.24,2023-01-21,2303
31.27,2023-01-22,2303
31.29,2023-01-23,2304
31.31,2023-01-24,2304
31.33,2023-01-25,2304
31.35,2023-01-26,2304
31.37,2023-01-27,2304
31.38,2023-01-28,2304
31.38,2023-01-29,2304
31.39,2023-01-30,2305
31.39,2023-01-31,2305
31.41,2023-02-01,2305
31.43,2023-02-02,2305
31.45,2023-02-03,2305
31.46,2023-02-04,2305
31.48,2023-02-05,2305
31.57,2023-02-06,2306
31.68,2023-02-07,2306
31.78,2023-02-08,2306
31.81,2023-02-09,2306
31.83,2023-02-10,2306
31.86,2023-02-11,2306
31.89,2023-02-12,2306
31.91,2023-02-13,2307
31.92,2023-02-14,2307
31.94,2023-02-15,2307
31.95,2023-02-16,2307
31.96,2023-02-17,2307
31.97,2023-02-18,2307
31.99,2023-02-19,2307
32,2023-02-20,2308
32.01,2023-02-21,2308
32.02,2023-02-22,2308
32.04,2023-02-23,2308
32.05,2023-02-24,2308
32.06,2023-02-25,2308
32.07,2023-02-26,2308
32.09,2023-02-27,2309
32.09,2023-02-28,2309
32.13,2023-03-01,2309
32.17,2023-03-02,2309
32.22,2023-03-03,2309
32.33,2023-03-04,2309
32.44,2023-03-05,2309
32.55,2023-03-06,2310
32.55,2023-03-07,2310
32.55,2023-03-08,2310
32.53,2023-03-09,2310
32.52,2023-03-10,2310
32.5,2023-03-11,2310
32.49,2023-03-12,2310
32.47,2023-03-13,2311
32.5,2023-03-14,2311
32.54,2023-03-15,2311
32.57,2023-03-16,2311
32.6,2023-03-17,2311
32.63,2023-03-18,2311
32.66,2023-03-19,2311
32.69,2023-03-20,2312
32.67,2023-03-21,2312
32.65,2023-03-22,2312
32.63,2023-03-23,2312
32.61,2023-03-24,2312
32.59,2023-03-25,2312
32.57,2023-03-26,2312
32.55,2023-03-27,2313
32.5,2023-03-28,2313
32.45,2023-03-29,2313
32.37,2023-03-30,2313
32.28,2023-03-31,2313
32.25,2023-04-01,2313
32.21,2023-04-02,2313
32.17,2023-04-03,2314
32.14,2023-04-04,2314
32.1,2023-04-05,2314
32.06,2023-04-06,2314
32.02,2023-04-07,2314
31.98,2023-04-08,2314
31.94,2023-04-09,2314
31.9,2023-04-10,2315
31.87,2023-04-11,2315
31.82,2023-04-12,2315
31.8,2023-04-13,2315
31.78,2023-04-14,2315
31.76,2023-04-15,2315
31.75,2023-04-16,2315
31.73,2023-04-17,2316
31.72,2023-04-18,2316
31.7,2023-04-19,2316
31.69,2023-04-20,2316
31.67,2023-04-21,2316
31.66,2023-04-22,2316
31.64,2023-04-23,2316
31.62,2023-04-24,2317
31.61,2023-04-25,2317
31.59,2023-04-26,2317
31.58,2023-04-27,2317
31.56,2023-04-28,2317
31.55,2023-04-29,2317
31.55,2023-04-30,2317
31.57,2023-05-01,2318
31.59,2023-05-02,2318
31.6,2023-05-03,2318
31.6,2023-05-04,2318
31.6,2023-05-05,2318
31.6,2023-05-06,2318
31.61,2023-05-07,2318
31.61,2023-05-08,2319
31.64,2023-05-09,2319
31.66,2023-05-10,2319
31.69,2023-05-11,2319
31.72,2023-05-12,2319
31.75,2023-05-13,2319
31.78,2023-05-14,2319
31.8,2023-05-15,2320
31.83,2023-05-16,2320
31.86,2023-05-17,2320
31.89,2023-05-18,2320
31.92,2023-05-19,2320
31.88,2023-05-20,2320
31.85,2023-05-21,2320
31.82,2023-05-22,2321
31.78,2023-05-23,2321
31.75,2023-05-24,2321
31.72,2023-05-25,2321
31.69,2023-05-26,2321
31.65,2023-05-27,2321
31.62,2023-05-28,2321
31.59,2023-05-29,2322
31.55,2023-05-30,2322
31.52,2023-05-31,2322
31.49,2023-06-01,2322
31.46,2023-06-02,2322
31.42,2023-06-03,2322
31.38,2023-06-04,2322
31.34,2023-06-05,2323
31.33,2023-06-06,2323
31.32,2023-06-07,2323
31.31,2023-06-08,2323
31.29,2023-06-09,2323
31.27,2023-06-10,2323
31.26,2023-06-11,2323
31.24,2023-06-12,2324
31.2,2023-06-13,2324
31.16,2023-06-14,2324
31.12,2023-06-15,2324
31.08,2023-06-16,2324
31.04,2023-06-17,2324
31,2023-06-18,2324
30.96,2023-06-19,2325
30.93,2023-06-20,2325
30.89,2023-06-21,2325
30.85,2023-06-22,2325
30.82,2023-06-23,2325
30.78,2023-06-24,2325
30.74,2023-06-25,2325
30.71,2023-06-26,2326
30.67,2023-06-27,2326
30.63,2023-06-28,2326
30.6,2023-06-29,2326
30.56,2023-06-30,2326
30.52,2023-07-01,2326
30.49,2023-07-02,2326
30.45,2023-07-03,2327
30.41,2023-07-04,2327
30.38,2023-07-05,2327
30.34,2023-07-06,2327
