Con,date,firm,sample_size,week
30,2014-01-02,Opinium,1939,1401
31,2014-01-03,Survation,1001,1401
32,2014-01-06,YouGov,1729,1402
32,2014-01-07,YouGov,1972,1402
32,2014-01-08,YouGov,1958,1402
33,2014-01-09,Populus,2012,1402
32,2014-01-09,YouGov,1887,1402
31,2014-01-10,YouGov,1904,1402
33,2014-01-11,Populus,2079,1402
32,2014-01-12,ICM,1005,1402
33,2014-01-13,YouGov,1762,1403
30,2014-01-14,Ipsos MORI,1035,1403
34,2014-01-14,YouGov,2000,1403
30,2014-01-15,Survation,1005,1403
33,2014-01-15,YouGov,1893,1403
30,2014-01-16,ComRes,2029,1403
30,2014-01-16,Opinium,1930,1403
33,2014-01-16,Populus,2039,1403
32,2014-01-16,YouGov,1981,1403
33,2014-01-17,YouGov,1957,1403
32,2014-01-19,Populus,2027,1403
30,2014-01-20,Lord Ashcroft,20058,1404
32,2014-01-20,YouGov,1682,1404
34,2014-01-21,YouGov,1961,1404
32,2014-01-22,YouGov,1843,1404
32,2014-01-23,Populus,2051,1404
35,2014-01-23,YouGov,1840,1404
32,2014-01-24,YouGov,1859,1404
32,2014-01-26,ComRes,1002,1404
33,2014-01-26,Populus,2052,1404
35,2014-01-27,YouGov,1381,1405
34,2014-01-28,YouGov,1814,1405
35,2014-01-29,YouGov,1884,1405
32,2014-01-30,Populus,2044,1405
32,2014-01-30,YouGov,1942,1405
29,2014-01-31,Opinium,1972,1405
34,2014-01-31,YouGov,1885,1405
32,2014-02-02,Populus,2043,1405
31,2014-02-03,Ipsos MORI,1012,1406
33,2014-02-03,YouGov,1741,1406
33,2014-02-04,YouGov,1942,1406
35,2014-02-05,YouGov,1902,1406
33,2014-02-06,Populus,2015,1406
32,2014-02-06,YouGov,1911,1406
35,2014-02-07,YouGov,1521,1406
34,2014-02-09,ICM,1002,1406
34,2014-02-09,Populus,2013,1406
33,2014-02-10,YouGov,1685,1407
34,2014-02-11,YouGov,1899,1407
32,2014-02-12,YouGov,1826,1407
32,2014-02-13,ComRes,2031,1407
32,2014-02-13,Populus,2015,1407
33,2014-02-13,YouGov,1896,1407
28,2014-02-14,Opinium,1969,1407
32,2014-02-14,YouGov,1868,1407
33,2014-02-16,Populus,2031,1407
33,2014-02-17,YouGov,1645,1408
33,2014-02-18,YouGov,1758,1408
33,2014-02-19,YouGov,1766,1408
32,2014-02-20,Populus,2066,1408
34,2014-02-20,YouGov,1756,1408
32,2014-02-21,YouGov,2141,1408
32,2014-02-23,Populus,2052,1408
33,2014-02-24,YouGov,1773,1409
33,2014-02-25,YouGov,1936,1409
34,2014-02-26,YouGov,2062,1409
33,2014-02-27,Populus,1131,1409
33,2014-02-27,Populus,14203,1409
34,2014-02-27,YouGov,1868,1409
29,2014-02-28,Opinium,1946,1409
33,2014-02-28,YouGov,2098,1409
30,2014-03-02,ComRes,1004,1409
34,2014-03-02,Populus,2055,1409
32,2014-03-03,YouGov,1868,1410
34,2014-03-04,YouGov,2041,1410
34,2014-03-05,YouGov,1868,1410
34,2014-03-06,Populus,2025,1410
31,2014-03-06,YouGov,1833,1410
32,2014-03-07,YouGov,2029,1410
34,2014-03-09,Populus,2058,1410
32,2014-03-10,YouGov,3195,1411
35,2014-03-11,ICM,1003,1411
34,2014-03-11,YouGov,2040,1411
32,2014-03-12,Ipsos MORI,1000,1411
30,2014-03-12,Opinium,1971,1411
35,2014-03-12,YouGov,2095,1411
32,2014-03-13,ComRes,2001,1411
34,2014-03-13,Populus,2053,1411
33,2014-03-13,YouGov,2098,1411
33,2014-03-14,YouGov,1946,1411
32,2014-03-16,Populus,2053,1411
32,2014-03-17,YouGov,1919,1412
34,2014-03-18,YouGov,2284,1412
33,2014-03-19,YouGov,2088,1412
34,2014-03-20,Populus,2122,1412
34,2014-03-20,YouGov,1904,1412
34,2014-03-21,Survation,1000,1412
36,2014-03-21,YouGov,2103,1412
31,2014-03-23,ComRes,1024,1412
34,2014-03-23,Populus,2039,1412
36,2014-03-24,YouGov,1558,1413
35,2014-03-25,YouGov,1958,1413
35,2014-03-26,YouGov,2070,1413
35,2014-03-27,YouGov,2039,1413
32,2014-03-28,Opinium,1936,1413
35,2014-03-28,Populus,2066,1413
33,2014-03-28,YouGov,1916,1413
34,2014-03-30,Populus,2008,1413
34,2014-03-30,Populus,16424,1413
34,2014-03-31,YouGov,1696,1414
33,2014-04-01,YouGov,1981,1414
32,2014-04-02,YouGov,2148,1414
33,2014-04-03,Populus,2067,1414
32,2014-04-03,YouGov,2076,1414
29,2014-04-04,Survation,1001,1414
34,2014-04-04,YouGov,1998,1414
34,2014-04-06,Populus,2034,1414
31,2014-04-07,Ipsos MORI,1002,1415
33,2014-04-07,YouGov,1748,1415
33,2014-04-08,YouGov,2144,1415
33,2014-04-09,YouGov,2061,1415
29,2014-04-10,ComRes,2003,1415
30,2014-04-10,Opinium,1972,1415
34,2014-04-10,Populus,2051,1415
32,2014-04-10,YouGov,2111,1415
32,2014-04-11,YouGov,2036,1415
30,2014-04-13,ComRes,1000,1415
32,2014-04-13,ICM,1000,1415
33,2014-04-13,Populus,2011,1415
33,2014-04-14,YouGov,1541,1416
34,2014-04-15,YouGov,2162,1416
34,2014-04-16,Populus,2069,1416
33,2014-04-16,YouGov,2166,1416
33,2014-04-17,YouGov,1884,1416
33,2014-04-21,Populus,2049,1417
34,2014-04-22,YouGov,2190,1417
32,2014-04-23,YouGov,2143,1417
35,2014-04-24,Populus,2055,1417
32,2014-04-24,YouGov,2072,1417
32,2014-04-25,Opinium,1965,1417
31,2014-04-25,YouGov,1835,1417
32,2014-04-27,Populus,2052,1417
32,2014-04-28,YouGov,1629,1418
32,2014-04-29,YouGov,1804,1418
31,2014-04-30,YouGov,1898,1418
34,2014-05-01,Populus,2060,1418
34,2014-05-01,Populus,18448,1418
33,2014-05-01,YouGov,1813,1418
33,2014-05-01,YouGov,1844,1418
33,2014-05-02,YouGov,1945,1418
33,2014-05-03,Survation,1005,1418
33,2014-05-05,Populus,2034,1419
34,2014-05-06,YouGov,1933,1419
34,2014-05-07,YouGov,1858,1419
29,2014-05-08,Opinium,1997,1419
32,2014-05-08,Populus,2006,1419
34,2014-05-08,YouGov,1875,1419
28,2014-05-09,Survation,1005,1419
31,2014-05-09,YouGov,1905,1419
33,2014-05-11,ICM,1000,1419
34,2014-05-11,Lord Ashcroft,1001,1419
35,2014-05-11,Populus,2056,1419
31,2014-05-12,Ipsos MORI,1003,1420
35,2014-05-12,YouGov,1680,1420
34,2014-05-13,YouGov,1977,1420
32,2014-05-14,YouGov,1968,1420
29,2014-05-15,ComRes,2045,1420
32,2014-05-15,Populus,2043,1420
34,2014-05-15,YouGov,2083,1420
34,2014-05-16,YouGov,1892,1420
30,2014-05-18,ComRes,1008,1420
29,2014-05-18,Lord Ashcroft,1006,1420
35,2014-05-18,Populus,2026,1420
33,2014-05-19,YouGov,1740,1421
28,2014-05-20,Survation,1106,1421
33,2014-05-20,YouGov,1874,1421
33,2014-05-21,YouGov,6124,1421
34,2014-05-22,Populus,2045,1421
34,2014-05-22,YouGov,1922,1421
32,2014-05-23,Opinium,1968,1421
27,2014-05-23,Survation,1017,1421
34,2014-05-23,YouGov,1898,1421
29,2014-05-25,Lord Ashcroft,1000,1421
34,2014-05-26,Populus,2060,1422
32,2014-05-27,YouGov,2079,1422
32,2014-05-28,YouGov,2109,1422
34,2014-05-29,Populus,2010,1422
31,2014-05-29,YouGov,2123,1422
33,2014-05-30,YouGov,2090,1422
25,2014-06-01,Lord Ashcroft,1000,1422
32,2014-06-01,Populus,2062,1422
30,2014-06-02,YouGov,1740,1423
32,2014-06-03,YouGov,1962,1423
32,2014-06-04,YouGov,1951,1423
31,2014-06-05,Opinium,1950,1423
31,2014-06-05,YouGov,2107,1423
34,2014-06-06,Populus,2006,1423
33,2014-06-06,YouGov,2134,1423
28,2014-06-08,Lord Ashcroft,1003,1423
35,2014-06-08,Populus,2039,1423
31,2014-06-09,YouGov,1685,1424
35,2014-06-10,YouGov,1974,1424
34,2014-06-11,YouGov,2157,1424
32,2014-06-12,Populus,2051,1424
29,2014-06-12,TNS-BMRB,1195,1424
32,2014-06-12,YouGov,2183,1424
33,2014-06-12,YouGov,2337,1424
32,2014-06-13,ComRes,2034,1424
33,2014-06-13,YouGov,2106,1424
31,2014-06-15,ICM,1001,1424
29,2014-06-15,Lord Ashcroft,1001,1424
33,2014-06-15,Populus,2036,1424
32,2014-06-16,YouGov,1696,1425
31,2014-06-17,Ipsos MORI,1001,1425
34,2014-06-17,YouGov,1897,1425
34,2014-06-18,YouGov,2066,1425
31,2014-06-19,Opinium,1946,1425
34,2014-06-19,Populus,2032,1425
33,2014-06-19,YouGov,2097,1425
32,2014-06-20,YouGov,2016,1425
28,2014-06-22,Lord Ashcroft,1006,1425
32,2014-06-22,Populus,2062,1425
32,2014-06-23,YouGov,1652,1426
33,2014-06-24,YouGov,1984,1426
32,2014-06-25,YouGov,2044,1426
34,2014-06-26,Populus,2021,1426
33,2014-06-26,YouGov,1996,1426
27,2014-06-27,Survation,1000,1426
33,2014-06-27,YouGov,1936,1426
30,2014-06-29,ComRes,1005,1426
33,2014-06-29,Lord Ashcroft,1006,1426
33,2014-06-29,Populus,2049,1426
35,2014-06-30,YouGov,1729,1427
33,2014-07-01,YouGov,2073,1427
35,2014-07-02,YouGov,1991,1427
29,2014-07-03,Opinium,1946,1427
34,2014-07-03,Populus,2029,1427
35,2014-07-03,YouGov,1611,1427
34,2014-07-04,YouGov,2095,1427
27,2014-07-06,Lord Ashcroft,1005,1427
31,2014-07-06,Populus,2053,1427
34,2014-07-07,YouGov,1650,1428
31,2014-07-08,YouGov,2072,1428
32,2014-07-09,YouGov,2034,1428
34,2014-07-10,Populus,2052,1428
34,2014-07-10,YouGov,2022,1428
33,2014-07-11,YouGov,1963,1428
34,2014-07-13,ICM,1000,1428
32,2014-07-13,Lord Ashcroft,1000,1428
34,2014-07-13,Populus,2055,1428
35,2014-07-14,YouGov,1745,1429
32,2014-07-15,Ipsos MORI,1000,1429
34,2014-07-15,YouGov,2072,1429
33,2014-07-16,YouGov,2107,1429
32,2014-07-17,YouGov,2038,1429
30,2014-07-17,Opinium,1967,1429
35,2014-07-17,Populus,2007,1429
29,2014-07-17,TNS-BMRB,1191,1429
31,2014-07-18,ComRes,2054,1429
32,2014-07-18,YouGov,2078,1429
27,2014-07-20,Lord Ashcroft,1007,1429
32,2014-07-20,Populus,2035,1429
34,2014-07-21,YouGov,2107,1430
34,2014-07-22,YouGov,1904,1430
34,2014-07-23,YouGov,1897,1430
35,2014-07-24,Populus,2035,1430
35,2014-07-24,YouGov,2065,1430
35,2014-07-25,YouGov,1741,1430
27,2014-07-27,ComRes,1001,1430
32,2014-07-27,Lord Ashcroft,1000,1430
33,2014-07-27,Populus,2024,1430
33,2014-07-28,YouGov,1658,1431
34,2014-07-29,YouGov,2004,1431
35,2014-07-30,YouGov,2100,1431
35,2014-07-31,Populus,2027,1431
34,2014-07-31,YouGov,2023,1431
32,2014-08-01,Opinium,1979,1431
35,2014-08-01,YouGov,2083,1431
30,2014-08-03,Lord Ashcroft,1002,1431
35,2014-08-03,Populus,2021,1431
34,2014-08-04,YouGov,1617,1432
33,2014-08-05,YouGov,1977,1432
34,2014-08-06,YouGov,1944,1432
36,2014-08-07,Populus,2050,1432
33,2014-08-07,YouGov,2016,1432
33,2014-08-08,YouGov,1943,1432
31,2014-08-10,ICM,1002,1432
33,2014-08-11,Ipsos MORI,1003,1433
33,2014-08-11,Populus,2031,1433
33,2014-08-11,YouGov,1676,1433
35,2014-08-12,YouGov,1942,1433
34,2014-08-13,YouGov,2116,1433
32,2014-08-14,Populus,2018,1433
35,2014-08-14,YouGov,1984,1433
28,2014-08-15,Opinium,1963,1433
34,2014-08-15,YouGov,2019,1433
32,2014-08-17,Populus,2049,1433
33,2014-08-18,YouGov,1710,1434
36,2014-08-19,YouGov,2036,1434
34,2014-08-20,YouGov,2070,1434
33,2014-08-21,Populus,2065,1434
33,2014-08-21,YouGov,2028,1434
32,2014-08-22,ComRes,2058,1434
34,2014-08-22,YouGov,1866,1434
32,2014-08-25,Populus,2062,1435
33,2014-08-26,YouGov,2021,1435
34,2014-08-27,YouGov,2129,1435
35,2014-08-28,Populus,2006,1435
33,2014-08-28,YouGov,2046,1435
30,2014-08-29,Opinium,1974,1435
32,2014-08-29,YouGov,2010,1435
28,2014-08-31,ComRes,1001,1435
32,2014-08-31,Populus,2010,1435
34,2014-09-01,YouGov,1704,1436
32,2014-09-02,YouGov,2068,1436
33,2014-09-03,YouGov,2103,1436
32,2014-09-04,Populus,2026,1436
32,2014-09-04,YouGov,2043,1436
33,2014-09-05,YouGov,1961,1436
28,2014-09-07,Lord Ashcroft,1001,1436
34,2014-09-07,Populus,2058,1436
31,2014-09-08,YouGov,1724,1437
34,2014-09-09,Ipsos MORI,1010,1437
30,2014-09-09,YouGov,2099,1437
32,2014-09-10,YouGov,2122,1437
29,2014-09-11,Opinium,1960,1437
33,2014-09-11,Populus,2010,1437
31,2014-09-11,YouGov,2068,1437
31,2014-09-12,Survation,1090,1437
32,2014-09-12,YouGov,1900,1437
33,2014-09-14,ICM,1002,1437
33,2014-09-14,Lord Ashcroft,1004,1437
34,2014-09-14,Populus,2052,1437
31,2014-09-15,YouGov,1703,1438
29,2014-09-16,Survation,1052,1438
34,2014-09-16,YouGov,1977,1438
30,2014-09-17,Lord Ashcroft,8053,1438
33,2014-09-17,YouGov,2029,1438
32,2014-09-18,Populus,2268,1438
33,2014-09-18,YouGov,2072,1438
31,2014-09-19,YouGov,2126,1438
27,2014-09-21,Lord Ashcroft,1004,1438
33,2014-09-21,Populus,2048,1438
33,2014-09-22,YouGov,1671,1439
31,2014-09-23,YouGov,2141,1439
33,2014-09-24,YouGov,2117,1439
33,2014-09-25,Populus,2034,1439
31,2014-09-25,YouGov,1972,1439
29,2014-09-26,ComRes,2003,1439
32,2014-09-26,Opinium,1984,1439
31,2014-09-26,YouGov,1992,1439
29,2014-09-28,ComRes,1007,1439
32,2014-09-28,Lord Ashcroft,1000,1439
34,2014-09-28,Populus,2024,1439
31,2014-09-29,YouGov,1715,1440
31,2014-09-30,YouGov,2106,1440
31,2014-10-01,YouGov,2068,1440
33,2014-10-02,Populus,2014,1440
35,2014-10-02,YouGov,2133,1440
36,2014-10-03,YouGov,2130,1440
32,2014-10-05,Lord Ashcroft,1002,1440
31,2014-10-05,Populus,2037,1440
35,2014-10-06,YouGov,1739,1441
32,2014-10-07,YouGov,2155,1441
33,2014-10-08,YouGov,1862,1441
31,2014-10-09,Lord Ashcroft,5059,1441
28,2014-10-09,Opinium,1968,1441
34,2014-10-09,Populus,2055,1441
30,2014-10-09,YouGov,2049,1441
31,2014-10-10,Survation,1003,1441
32,2014-10-10,YouGov,2167,1441
31,2014-10-12,ICM,1001,1441
28,2014-10-12,Lord Ashcroft,1001,1441
35,2014-10-12,Populus,2067,1441
31,2014-10-13,YouGov,1782,1442
30,2014-10-14,Ipsos MORI,1002,1442
30,2014-10-14,YouGov,2144,1442
31,2014-10-15,YouGov,2133,1442
31,2014-10-16,ComRes,1004,1442
33,2014-10-16,Populus,2031,1442
31,2014-10-16,YouGov,2045,1442
32,2014-10-17,YouGov,1966,1442
28,2014-10-19,Lord Ashcroft,1000,1442
34,2014-10-19,Populus,2058,1442
31,2014-10-20,YouGov,1727,1443
32,2014-10-21,YouGov,2103,1443
31,2014-10-22,YouGov,2052,1443
33,2014-10-23,Populus,2029,1443
34,2014-10-23,YouGov,2020,1443
33,2014-10-24,Opinium,1972,1443
33,2014-10-24,YouGov,2069,1443
30,2014-10-26,ComRes,1002,1443
31,2014-10-26,Lord Ashcroft,1003,1443
34,2014-10-26,Populus,2004,1443
32,2014-10-27,YouGov,1629,1444
32,2014-10-28,YouGov,2052,1444
31,2014-10-29,YouGov,1972,1444
34,2014-10-30,Populus,2035,1444
33,2014-10-30,YouGov,1883,1444
31,2014-10-31,YouGov,1808,1444
27,2014-11-01,Survation,2012,1444
30,2014-11-02,Lord Ashcroft,1002,1444
34,2014-11-02,Populus,2019,1444
33,2014-11-03,YouGov,1652,1445
32,2014-11-04,YouGov,1988,1445
32,2014-11-05,YouGov,2047,1445
33,2014-11-06,Populus,2011,1445
32,2014-11-06,YouGov,2041,1445
29,2014-11-07,Opinium,1980,1445
29,2014-11-07,Survation,1020,1445
33,2014-11-07,YouGov,2022,1445
31,2014-11-09,ICM,1002,1445
30,2014-11-09,Lord Ashcroft,1005,1445
34,2014-11-09,Populus,2047,1445
32,2014-11-10,Ipsos MORI,1011,1446
32,2014-11-10,YouGov,1656,1446
33,2014-11-11,YouGov,2143,1446
32,2014-11-12,YouGov,1972,1446
33,2014-11-13,Populus,2052,1446
33,2014-11-13,YouGov,2003,1446
30,2014-11-14,ComRes,2000,1446
31,2014-11-14,YouGov,1975,1446
29,2014-11-16,Lord Ashcroft,1004,1446
35,2014-11-16,Populus,2054,1446
34,2014-11-17,Opinium,1947,1447
33,2014-11-17,YouGov,1589,1447
32,2014-11-18,YouGov,1975,1447
34,2014-11-19,YouGov,1906,1447
30,2014-11-20,Opinium,1948,1447
33,2014-11-20,Populus,2013,1447
34,2014-11-20,YouGov,1995,1447
33,2014-11-21,YouGov,1970,1447
33,2014-11-21,YouGov,2314,1447
27,2014-11-23,Lord Ashcroft,1004,1447
31,2014-11-23,Populus,2049,1447
30,2014-11-24,Lord Ashcroft,20011,1448
30,2014-11-24,YouGov,1641,1448
32,2014-11-25,YouGov,1890,1448
33,2014-11-26,YouGov,2067,1448
32,2014-11-27,Populus,2048,1448
30,2014-11-27,TNS,1194,1448
31,2014-11-27,YouGov,1970,1448
32,2014-11-28,YouGov,2018,1448
28,2014-11-30,ComRes,1005,1448
30,2014-11-30,Lord Ashcroft,1003,1448
32,2014-11-30,Populus,2053,1448
32,2014-12-01,YouGov,1763,1449
32,2014-12-02,YouGov,1912,1449
32,2014-12-03,YouGov,1925,1449
29,2014-12-04,Opinium,1940,1449
33,2014-12-04,Populus,1271,1449
31,2014-12-04,YouGov,1663,1449
32,2014-12-05,YouGov,1838,1449
30,2014-12-07,Lord Ashcroft,1001,1449
33,2014-12-07,Populus,1323,1449
34,2014-12-08,YouGov,1925,1450
32,2014-12-09,YouGov,1959,1450
33,2014-12-10,YouGov,1983,1450
34,2014-12-11,Populus,1140,1450
32,2014-12-11,YouGov,2088,1450
33,2014-12-12,ComRes,2014,1450
32,2014-12-12,YouGov,1941,1450
29,2014-12-14,ComRes,1002,1450
34,2014-12-14,Populus,2074,1450
32,2014-12-15,Ipsos MORI,1012,1451
28,2014-12-15,TNS,1180,1451
32,2014-12-15,YouGov,1648,1451
28,2014-12-16,ICM,1001,1451
33,2014-12-16,YouGov,2021,1451
33,2014-12-17,YouGov,2087,1451
34,2014-12-18,Populus,2069,1451
30,2014-12-18,YouGov,1981,1451
29,2014-12-19,Opinium,1427,1451
30,2014-12-19,Survation,1009,1451
32,2014-12-19,YouGov,2109,1451
35,2014-12-21,Populus,2051,1451
32,2014-12-22,YouGov,1642,1452
29,2014-12-23,Opinium,2003,1452
32,2015-01-02,Opinium,1970,1501
34,2015-01-04,Populus,2046,1501
31,2015-01-05,YouGov,1728,1502
33,2015-01-06,YouGov,1769,1502
32,2015-01-07,YouGov,1707,1502
33,2015-01-08,Populus,2046,1502
28,2015-01-08,TNS,1201,1502
33,2015-01-08,YouGov,1753,1502
32,2015-01-09,YouGov,1684,1502
34,2015-01-11,Lord Ashcroft,1002,1502
32,2015-01-11,Populus,2056,1502
32,2015-01-12,YouGov,1649,1503
33,2015-01-13,Ipsos MORI,1010,1503
32,2015-01-13,YouGov,1782,1503
32,2015-01-14,YouGov,1834,1503
33,2015-01-15,ComRes,2023,1503
28,2015-01-15,Opinium,1966,1503
32,2015-01-15,Populus,2070,1503
31,2015-01-15,YouGov,1763,1503
32,2015-01-15,YouGov,1660,1503
31,2015-01-16,YouGov,1647,1503
29,2015-01-18,Lord Ashcroft,1004,1503
35,2015-01-18,Populus,2036,1503
30,2015-01-19,ICM,1002,1504
31,2015-01-19,TNS,1188,1504
32,2015-01-19,YouGov,1747,1504
32,2015-01-20,YouGov,1570,1504
33,2015-01-21,YouGov,1645,1504
32,2015-01-22,Populus,2049,1504
31,2015-01-22,YouGov,1640,1504
32,2015-01-23,YouGov,1578,1504
34,2015-01-25,Populus,2039,1504
31,2015-01-25,Survation,1014,1504
31,2015-01-25,ComRes,1001,1504
32,2015-01-25,Lord Ashcroft,1001,1504
28,2015-01-26,TNS-BMRB,975,1505
34,2015-01-26,YouGov,1656,1505
34,2015-01-27,YouGov,1655,1505
33,2015-01-28,YouGov,1548,1505
34,2015-01-29,Populus,2020,1505
34,2015-01-29,YouGov,1593,1505
32,2015-01-30,Opinium,1975,1505
32,2015-01-30,YouGov,1550,1505
31,2015-02-01,Lord Ashcroft,1002,1505
31,2015-02-02,Populus,2040,1506
27,2015-02-02,TNS,1182,1506
33,2015-02-02,YouGov,1630,1506
33,2015-02-03,YouGov,1705,1506
34,2015-02-04,YouGov,1749,1506
31,2015-02-05,Populus,2056,1506
32,2015-02-05,YouGov,1719,1506
32,2015-02-06,Opinium,1947,1506
32,2015-02-06,YouGov,1668,1506
34,2015-02-08,Lord Ashcroft,1003,1506
33,2015-02-08,Populus,2003,1506
34,2015-02-09,YouGov,1552,1507
34,2015-02-10,Ipsos MORI,1010,1507
33,2015-02-10,YouGov,1677,1507
32,2015-02-11,YouGov,1764,1507
32,2015-02-12,ComRes,2017,1507
33,2015-02-12,Opinium,1969,1507
31,2015-02-12,Populus,2055,1507
31,2015-02-12,YouGov,1592,1507
32,2015-02-13,YouGov,1620,1507
36,2015-02-15,ICM,1000,1507
30,2015-02-15,Lord Ashcroft,1004,1507
31,2015-02-15,Populus,2012,1507
28,2015-02-16,TNS,1193,1508
32,2015-02-16,YouGov,1580,1508
33,2015-02-17,YouGov,1548,1508
32,2015-02-18,YouGov,1743,1508
31,2015-02-19,Populus,2011,1508
32,2015-02-19,YouGov,1564,1508
35,2015-02-20,Opinium,1975,1508
33,2015-02-20,YouGov,1568,1508
32,2015-02-22,Lord Ashcroft,1004,1508
32,2015-02-22,Populus,2059,1508
34,2015-02-23,ComRes,1004,1509
28,2015-02-23,Survation,1046,1509
33,2015-02-23,YouGov,1772,1509
35,2015-02-24,YouGov,1520,1509
33,2015-02-25,YouGov,1581,1509
34,2015-02-26,Opinium,1948,1509
33,2015-02-26,YouGov,1638,1509
31,2015-02-27,Populus,2005,1509
34,2015-02-27,YouGov,1959,1509
34,2015-03-01,Lord Ashcroft,1003,1509
32,2015-03-01,Populus,2056,1509
35,2015-03-02,YouGov,1866,1510
36,2015-03-03,YouGov,1701,1510
34,2015-03-04,YouGov,1544,1510
31,2015-03-05,Populus,2063,1510
31,2015-03-05,YouGov,1748,1510
34,2015-03-06,Opinium,1961,1510
34,2015-03-06,YouGov,1754,1510
34,2015-03-08,Lord Ashcroft,1003,1510
32,2015-03-08,Populus,2026,1510
35,2015-03-09,YouGov,1745,1511
33,2015-03-10,YouGov,1598,1511
33,2015-03-11,Ipsos MORI,1025,1511
34,2015-03-11,YouGov,1728,1511
33,2015-03-12,Opinium,1947,1511
29,2015-03-12,Populus,2041,1511
33,2015-03-12,YouGov,1619,1511
33,2015-03-13,ComRes,2002,1511
34,2015-03-13,YouGov,1669,1511
36,2015-03-15,ICM,1001,1511
31,2015-03-15,Lord Ashcroft,1002,1511
34,2015-03-15,Populus,2041,1511
33,2015-03-16,TNS,1188,1512
33,2015-03-16,YouGov,1683,1512
34,2015-03-17,YouGov,1830,1512
33,2015-03-18,YouGov,1752,1512
36,2015-03-19,Opinium,1979,1512
31,2015-03-19,Populus,2020,1512
35,2015-03-19,YouGov,2293,1512
33,2015-03-20,YouGov,1532,1512
30,2015-03-21,Survation,1008,1512
35,2015-03-22,ComRes,1001,1512
33,2015-03-22,Lord Ashcroft,1003,1512
31,2015-03-22,Populus,2035,1512
34,2015-03-23,YouGov,1641,1513
34,2015-03-23,YouGov,8271,1513
35,2015-03-24,YouGov,2006,1513
34,2015-03-25,Opinium,1959,1513
32,2015-03-25,Survation,1007,1513
34,2015-03-25,YouGov,1610,1513
34,2015-03-26,Panelbase,1007,1513
31,2015-03-26,Populus,2049,1513
36,2015-03-26,YouGov,1698,1513
32,2015-03-28,YouGov,1799,1513
36,2015-03-29,ComRes,1005,1513
36,2015-03-29,Lord Ashcroft,1004,1513
34,2015-03-29,Populus,2004,1513
33,2015-03-30,TNS,1197,1514
35,2015-03-30,YouGov,2001,1514
35,2015-03-31,YouGov,1566,1514
32,2015-04-01,Populus,2057,1514
36,2015-04-01,YouGov,1678,1514
33,2015-04-02,Panelbase,1006,1514
37,2015-04-02,YouGov,1583,1514
33,2015-04-03,Opinium,1974,1514
31,2015-04-03,Survation,1207,1514
34,2015-04-04,YouGov,1906,1514
31,2015-04-06,Populus,2008,1515
30,2015-04-07,TNS,1207,1515
33,2015-04-07,YouGov,1672,1515
34,2015-04-08,ComRes,1013,1515
34,2015-04-08,YouGov,1871,1515
36,2015-04-09,Opinium,1916,1515
31,2015-04-09,Panelbase,1013,1515
31,2015-04-09,Populus,2020,1515
31,2015-04-09,Survation,1111,1515
35,2015-04-09,YouGov,1938,1515
33,2015-04-10,YouGov,1782,1515
34,2015-04-11,YouGov,1887,1515
39,2015-04-12,ICM,1042,1515
33,2015-04-12,Lord Ashcroft,1003,1515
33,2015-04-12,Populus,2036,1515
33,2015-04-12,YouGov,1717,1515
34,2015-04-13,TNS,1192,1516
33,2015-04-13,YouGov,2444,1516
33,2015-04-14,YouGov,1842,1516
33,2015-04-15,Ipsos MORI,1000,1516
34,2015-04-15,YouGov,1894,1516
33,2015-04-16,Panelbase,1025,1516
33,2015-04-16,Populus,2048,1516
34,2015-04-16,YouGov,1939,1516
36,2015-04-17,Opinium,1955,1516
34,2015-04-17,Survation,1314,1516
34,2015-04-17,YouGov,1713,1516
33,2015-04-18,YouGov,1780,1516
34,2015-04-19,ICM,1003,1516
34,2015-04-19,Lord Ashcroft,1002,1516
32,2015-04-19,Populus,2048,1516
34,2015-04-19,YouGov,1675,1516
32,2015-04-20,TNS,1199,1517
34,2015-04-20,YouGov,2078,1517
35,2015-04-21,YouGov,1799,1517
36,2015-04-22,ComRes,1003,1517
33,2015-04-22,YouGov,2060,1517
31,2015-04-23,Panelbase,1012,1517
32,2015-04-23,Populus,2051,1517
33,2015-04-23,Survation,1205,1517
33,2015-04-23,YouGov,1834,1517
34,2015-04-24,Opinium,1964,1517
33,2015-04-24,YouGov,1594,1517
33,2015-04-25,Survation,1004,1517
32,2015-04-25,YouGov,2271,1517
35,2015-04-26,ICM,1004,1517
36,2015-04-26,Lord Ashcroft,1003,1517
33,2015-04-26,Populus,2072,1517
33,2015-04-26,YouGov,2096,1517
35,2015-04-27,BMG,1013,1518
34,2015-04-27,TNS,1186,1518
35,2015-04-27,YouGov,2127,1518
35,2015-04-28,ComRes,1005,1518
34,2015-04-28,YouGov,1749,1518
35,2015-04-29,Ipsos MORI,1010,1518
35,2015-04-29,YouGov,1823,1518
33,2015-04-30,ComRes,1002,1518
35,2015-04-30,Opinium,1956,1518
32,2015-04-30,Panelbase,1020,1518
33,2015-04-30,Populus,2016,1518
34,2015-04-30,YouGov,1970,1518
34,2015-04-30,YouGov,1729,1518
33,2015-05-01,Survation,1117,1518
33,2015-05-01,YouGov,1575,1518
31,2015-05-02,Survation,2128,1518
34,2015-05-02,YouGov,1967,1518
32,2015-05-03,Lord Ashcroft,1001,1518
34,2015-05-03,Populus,2054,1518
34,2015-05-03,YouGov,1789,1518
33,2015-05-04,TNS,1185,1519
33,2015-05-04,YouGov,1664,1519
34,2015-05-05,BMG,1009,1519
35,2015-05-05,ComRes,1011,1519
35,2015-05-05,Opinium,2960,1519
33,2015-05-05,Survation,1504,1519
34,2015-05-05,YouGov,2148,1519
35,2015-05-06,ComRes,1007,1519
34,2015-05-06,ICM,2023,1519
36,2015-05-06,Ipsos MORI,1186,1519
33,2015-05-06,Lord Ashcroft,3028,1519
31,2015-05-06,Panelbase,3019,1519
37,2015-05-06,Survation,1045,1519
31,2015-05-06,Survation,4088,1519
34,2015-05-06,SurveyMonkey,18131,1519
34,2015-05-06,YouGov,10307,1519
34,2015-05-07,Populus,3917,1519
40,2015-05-09,Survation,1027,1519
41,2015-05-26,YouGov,1709,1522
41,2015-05-31,ComRes,1000,1522
37,2015-06-14,ICM,1004,1524
39,2015-06-16,Ipsos MORI,1005,1525
39,2015-06-28,ComRes,1002,1526
38,2015-07-12,ICM,1005,1528
37,2015-07-20,Ipsos MORI,1026,1530
40,2015-07-26,ComRes,1001,1530
40,2015-08-09,ICM,1000,1532
40,2015-08-13,ComRes,2035,1533
38,2015-08-13,Survation,1007,1533
42,2015-08-23,ComRes,1001,1534
38,2015-09-04,Survation,1004,1536
38,2015-09-13,ICM,1006,1537
42,2015-09-17,ComRes,2015,1538
37,2015-09-18,Opinium,1942,1538
39,2015-09-18,YouGov,1601,1538
39,2015-09-22,Ipsos MORI,1255,1539
37,2015-09-22,Survation,1008,1539
39,2015-09-28,ComRes,1009,1540
37,2015-09-30,YouGov,2064,1540
38,2015-10-11,ICM,1002,1541
42,2015-10-15,ComRes,2051,1542
37,2015-10-16,Opinium,1934,1542
36,2015-10-19,Ipsos MORI,1021,1543
38,2015-10-25,ComRes,1002,1543
37,2015-10-27,BMG,1467,1544
36,2015-11-11,Survation,2007,1546
39,2015-11-15,ICM,1006,1546
37,2015-11-17,BMG,1334,1547
41,2015-11-17,Ipsos MORI,1021,1547
37,2015-11-17,Survation,1546,1547
42,2015-11-20,ComRes,2067,1547
40,2015-11-22,ComRes,1000,1547
38,2015-11-24,YouGov,4317,1548
41,2015-12-01,YouGov,1657,1549
40,2015-12-11,ComRes,2049,1550
37,2015-12-13,ComRes,1001,1550
38,2015-12-14,Ipsos MORI,1040,1551
38,2015-12-18,Opinium,1936,1551
39,2015-12-18,YouGov,1598,1551
39,2015-12-20,ICM,1003,1551
39,2016-01-14,Panelbase,2087,1602
40,2016-01-15,ComRes,2004,1602
37,2016-01-16,Survation,1017,1602
40,2016-01-17,ICM,1001,1602
37,2016-01-24,ComRes,1006,1603
40,2016-01-25,Ipsos MORI,1027,1604
39,2016-01-28,YouGov,1735,1604
39,2016-02-04,YouGov,1675,1605
41,2016-02-12,ComRes,2018,1606
39,2016-02-14,ICM,1004,1606
39,2016-02-16,Ipsos MORI,1001,1607
38,2016-02-22,ComRes,1000,1608
38,2016-02-23,BMG,1268,1608
37,2016-02-23,YouGov,3482,1608
38,2016-03-10,ComRes,2059,1610
36,2016-03-13,ICM,1001,1610
33,2016-03-17,YouGov,1691,1611
37,2016-03-20,ComRes,1002,1611
36,2016-03-22,Ipsos MORI,1023,1612
36,2016-03-29,BMG,1298,1613
33,2016-04-01,Opinium,1966,1613
31,2016-04-12,YouGov,1639,1615
35,2016-04-14,ComRes,2036,1615
36,2016-04-17,ICM,2008,1615
38,2016-04-18,Ipsos MORI,1026,1616
33,2016-04-26,BMG,1375,1617
30,2016-04-26,YouGov,1650,1617
38,2016-04-29,Opinium,2005,1617
36,2016-05-12,ComRes,2043,1619
34,2016-05-15,ICM,2048,1619
36,2016-05-16,Ipsos MORI,1002,1620
35,2016-05-19,Opinium,2008,1620
36,2016-05-29,ICM,2052,1621
34,2016-06-03,Opinium,2007,1622
35,2016-06-10,Opinium,2009,1623
34,2016-06-13,ICM,2001,1624
35,2016-06-14,Ipsos MORI,1257,1624
34,2016-06-16,ComRes,2046,1624
34,2016-06-17,Opinium,2006,1624
34,2016-06-22,Opinium,3011,1625
32,2016-06-25,Survation,1033,1625
36,2016-06-26,ICM,2001,1625
34,2016-06-30,Opinium,2006,1626
37,2016-07-03,ICM,1979,1626
36,2016-07-05,Survation,1008,1627
38,2016-07-10,ICM,2025,1627
36,2016-07-11,Ipsos MORI,1021,1628
39,2016-07-15,ICM,2027,1628
40,2016-07-18,YouGov,1891,1629
37,2016-07-22,Opinium,2231,1629
43,2016-07-24,ICM,2012,1629
40,2016-07-26,YouGov,1680,1630
42,2016-08-02,YouGov,1722,1631
39,2016-08-08,TNS,1199,1632
38,2016-08-09,YouGov,1692,1632
40,2016-08-15,ICM,2010,1633
45,2016-08-15,Ipsos MORI,1017,1633
38,2016-08-17,YouGov,1677,1633
40,2016-08-22,Lord Ashcroft,8011,1634
40,2016-08-23,YouGov,1660,1634
41,2016-08-28,ICM,2040,1634
38,2016-08-31,YouGov,1687,1635
40,2016-09-05,YouGov,1616,1636
41,2016-09-11,ICM,2013,1636
40,2016-09-14,Ipsos MORI,1000,1637
38,2016-09-14,YouGov,1732,1637
39,2016-09-21,YouGov,3285,1638
39,2016-09-23,BMG,2026,1638
41,2016-09-23,ICM,2015,1638
39,2016-09-29,YouGov,1658,1639
43,2016-10-09,ICM,2017,1640
42,2016-10-12,YouGov,1669,1641
47,2016-10-17,Ipsos MORI,1016,1642
42,2016-10-20,YouGov,1608,1642
42,2016-10-24,BMG,1546,1643
40,2016-10-25,YouGov,1655,1643
43,2016-10-30,ICM,2040,1643
41,2016-11-01,YouGov,1608,1644
40,2016-11-04,Opinium,2001,1644
42,2016-11-14,Ipsos MORI,1013,1646
42,2016-11-15,YouGov,1717,1646
41,2016-11-18,Opinium,2005,1646
42,2016-11-20,ICM,2031,1646
41,2016-11-22,YouGov,1693,1647
44,2016-11-27,ICM,2009,1647
39,2016-11-29,YouGov,1624,1648
42,2016-12-05,YouGov,1667,1649
41,2016-12-11,ICM,2049,1649
40,2016-12-12,Ipsos MORI,1003,1650
38,2016-12-16,Opinium,2000,1650
39,2016-12-19,YouGov,1595,1651
39,2017-01-04,YouGov,1740,1701
42,2017-01-08,ICM,2000,1701
39,2017-01-10,YouGov,1660,1702
38,2017-01-12,Opinium,2007,1702
38,2017-01-13,Survation,1177,1702
43,2017-01-16,Ipsos MORI,1132,1703
42,2017-01-18,YouGov,1654,1703
42,2017-01-22,ICM,2052,1703
40,2017-01-24,YouGov,1643,1704
40,2017-01-31,YouGov,1705,1705
37,2017-02-01,Opinium,2005,1705
42,2017-02-05,ICM,1984,1705
40,2017-02-06,YouGov,1984,1706
41,2017-02-10,ComRes,1218,1706
40,2017-02-13,YouGov,2052,1707
40,2017-02-14,Ipsos MORI,1014,1707
40,2017-02-16,Opinium,2004,1707
44,2017-02-19,ICM,2028,1707
41,2017-02-22,YouGov,2060,1708
42,2017-02-28,YouGov,1666,1709
44,2017-03-05,ICM,1787,1709
44,2017-03-09,YouGov,1598,1710
43,2017-03-14,Ipsos MORI,1032,1711
44,2017-03-14,YouGov,1631,1711
41,2017-03-15,GfK,1938,1711
42,2017-03-17,ComRes,2026,1711
41,2017-03-17,Opinium,2007,1711
45,2017-03-19,ICM,2012,1711
41,2017-03-21,YouGov,1627,1712
43,2017-03-27,YouGov,1957,1713
43,2017-04-02,ICM,2005,1713
42,2017-04-06,YouGov,1651,1714
46,2017-04-13,ComRes,2026,1715
38,2017-04-13,Opinium,2002,1715
44,2017-04-13,YouGov,2069,1715
44,2017-04-17,ICM,1000,1716
46,2017-04-18,ICM,1000,1716
48,2017-04-19,YouGov,1727,1716
50,2017-04-20,ComRes,2074,1716
45,2017-04-20,Opinium,2003,1716
48,2017-04-21,ICM,2027,1716
48,2017-04-21,YouGov,1590,1716
40,2017-04-22,Survation,2072,1716
48,2017-04-24,ICM,2024,1717
46,2017-04-24,Kantar Public,1196,1717
49,2017-04-24,Panelbase,1026,1717
49,2017-04-25,Ipsos MORI,1004,1717
45,2017-04-26,YouGov,1590,1717
42,2017-04-27,ORB,2093,1717
47,2017-04-28,ICM,2012,1717
47,2017-04-28,Opinium,2007,1717
44,2017-04-28,YouGov,1612,1717
47,2017-05-02,ICM,1970,1718
48,2017-05-02,Kantar TNS,1205,1718
47,2017-05-02,Panelbase,1034,1718
46,2017-05-03,Opinium,2005,1718
48,2017-05-03,YouGov,2066,1718
46,2017-05-04,ORB,1550,1718
46,2017-05-05,ICM,2020,1718
47,2017-05-05,YouGov,1644,1718
47,2017-05-06,Survation,1005,1718
49,2017-05-07,ICM,2038,1718
44,2017-05-08,Kantar TNS,1201,1719
48,2017-05-09,Panelbase,1027,1719
46,2017-05-10,YouGov,1651,1719
46,2017-05-11,ORB,1508,1719
48,2017-05-12,ComRes,2007,1719
47,2017-05-12,Opinium,2003,1719
49,2017-05-12,YouGov,1630,1719
48,2017-05-13,Survation,1016,1719
48,2017-05-14,GfK,1952,1719
48,2017-05-14,ICM,2030,1719
47,2017-05-15,Kantar TNS,1201,1720
47,2017-05-15,Panelbase,1026,1720
49,2017-05-17,Ipsos MORI,1053,1720
46,2017-05-17,Opinium,2003,1720
45,2017-05-17,YouGov,1861,1720
46,2017-05-18,ORB,1551,1720
44,2017-05-19,YouGov,1925,1720
43,2017-05-20,Survation,1034,1720
46,2017-05-20,Survation,1017,1720
47,2017-05-21,ICM,2004,1720
42,2017-05-22,Kantar Public,1200,1721
45,2017-05-24,Opinium,2002,1721
44,2017-05-25,ORB,1556,1721
44,2017-05-25,SurveyMonkey,6000,1721
43,2017-05-25,YouGov,2052,1721
46,2017-05-26,ComRes,2024,1721
46,2017-05-26,ICM,2044,1721
43,2017-05-26,YouGov,2003,1721
43,2017-05-27,Survation,1009,1721
45,2017-05-29,ICM,2002,1722
43,2017-05-30,Kantar Public,1199,1722
41,2017-05-30,YouGov,53464,1722
44,2017-05-31,SurveyMonkey,19000,1722
42,2017-05-31,YouGov,1875,1722
45,2017-06-01,Ipsos MORI,1046,1722
44,2017-06-01,Panelbase,1224,1722
47,2017-06-02,ComRes,2038,1722
45,2017-06-02,ICM,2051,1722
42,2017-06-02,YouGov,51945,1722
42,2017-06-02,YouGov,1989,1722
40,2017-06-03,Survation,1049,1722
45,2017-06-04,ICM,2000,1722
42,2017-06-05,YouGov,53241,1723
43,2017-06-06,Opinium,3002,1723
42,2017-06-06,SurveyMonkey,11000,1723
46,2017-06-07,BMG,1199,1723
44,2017-06-07,ComRes,2051,1723
46,2017-06-07,ICM,1532,1723
44,2017-06-07,Ipsos MORI,1291,1723
43,2017-06-07,Kantar Public,2159,1723
44,2017-06-07,Panelbase,3018,1723
39,2017-06-07,Qriously,2213,1723
41,2017-06-07,Survation,2798,1723
42,2017-06-07,YouGov,2130,1723
39,2017-06-10,Survation,1036,1723
41,2017-06-17,Survation,1005,1724
41,2017-06-21,Panelbase,5481,1725
39,2017-06-29,Opinium,2010,1726
41,2017-06-30,Survation,1017,1726
41,2017-07-03,ICM,2044,1727
38,2017-07-06,YouGov,1648,1727
40,2017-07-11,YouGov,1700,1728
41,2017-07-14,Opinium,2013,1728
39,2017-07-15,Survation,1024,1728
42,2017-07-16,ICM,2046,1728
41,2017-07-18,Ipsos MORI,1071,1729
41,2017-07-19,YouGov,1593,1729
41,2017-08-01,YouGov,1665,1731
42,2017-08-11,BMG,1512,1732
40,2017-08-18,Opinium,1256,1733
41,2017-08-22,YouGov,1664,1734
42,2017-08-28,ICM,1972,1735
41,2017-08-31,YouGov,1658,1735
38,2017-09-01,Survation,1046,1735
42,2017-09-10,ICM,2052,1736
41,2017-09-13,YouGov,1660,1737
41,2017-09-15,Opinium,2009,1737
40,2017-09-18,Ipsos MORI,1023,1738
42,2017-09-22,Opinium,2004,1738
38,2017-09-22,Survation,1174,1738
40,2017-09-24,ICM,1968,1738
39,2017-09-24,YouGov,1716,1738
40,2017-10-05,YouGov,1615,1740
40,2017-10-06,Opinium,1225,1740
41,2017-10-08,ICM,2052,1740
39,2017-10-11,YouGov,1680,1741
40,2017-10-19,YouGov,1648,1742
42,2017-10-23,ICM,2022,1743
41,2017-10-24,YouGov,1637,1743
38,2017-11-01,Ipsos MORI,1052,1744
40,2017-11-08,YouGov,2012,1745
41,2017-11-12,ICM,2010,1745
40,2017-11-16,Opinium,1236,1746
42,2017-11-20,Kantar Public,2437,1747
40,2017-11-20,YouGov,1677,1747
39,2017-11-23,YouGov,1644,1747
41,2017-11-26,ICM,2029,1747
37,2017-11-28,Ipsos MORI,1003,1748
40,2017-12-01,ICM,2050,1748
37,2017-12-01,Survation,1003,1748
40,2017-12-05,YouGov,1638,1749
37,2017-12-08,BMG,1509,1749
42,2017-12-10,ICM,2006,1749
42,2017-12-10,YouGov,1680,1749
41,2017-12-14,ICM,2004,1750
39,2017-12-14,Opinium,2005,1750
40,2017-12-20,YouGov,1610,1751
40,2018-01-08,YouGov,1663,1802
40,2018-01-12,Opinium,2008,1802
40,2018-01-14,ICM,2027,1802
41,2018-01-17,YouGov,1672,1803
41,2018-01-19,ICM,4117,1803
39,2018-01-23,Ipsos MORI,1031,1804
40,2018-01-29,Survation,1059,1805
42,2018-01-29,YouGov,1669,1805
41,2018-02-04,ICM,2021,1805
43,2018-02-06,YouGov,2000,1806
42,2018-02-08,Opinium,2002,1806
40,2018-02-09,BMG,1507,1806
39,2018-02-12,Kantar Public,2448,1807
40,2018-02-13,YouGov,1639,1807
42,2018-02-19,ICM,1662,1808
40,2018-02-20,YouGov,1650,1808
41,2018-02-27,YouGov,1622,1809
43,2018-03-04,ICM,2030,1809
41,2018-03-06,YouGov,1641,1810
43,2018-03-07,Ipsos MORI,1012,1810
38,2018-03-08,Survation,1038,1810
42,2018-03-15,Opinium,2001,1811
42,2018-03-15,YouGov,1986,1811
44,2018-03-18,ICM,2013,1811
43,2018-03-27,YouGov,1659,1813
43,2018-04-05,Number Cruncher Politics,1037,1814
42,2018-04-05,YouGov,1662,1814
40,2018-04-10,YouGov,1639,1815
40,2018-04-12,ComRes,2038,1815
40,2018-04-12,Opinium,2008,1815
40,2018-04-14,Survation,2060,1815
43,2018-04-17,YouGov,1631,1816
41,2018-04-24,Ipsos MORI,1004,1817
43,2018-04-25,YouGov,1668,1817
40,2018-04-29,ComRes,2030,1817
42,2018-04-29,ICM,2026,1817
42,2018-05-01,YouGov,1595,1818
39,2018-05-04,BMG,1441,1818
43,2018-05-09,YouGov,1648,1819
41,2018-05-10,Survation,1585,1819
43,2018-05-13,ICM,2050,1819
43,2018-05-14,YouGov,1634,1820
43,2018-05-16,Opinium,2009,1820
41,2018-05-17,ComRes,2045,1820
42,2018-05-21,YouGov,1660,1821
40,2018-05-22,Ipsos MORI,1015,1821
43,2018-05-29,ICM,2002,1822
42,2018-05-29,YouGov,1670,1822
41,2018-06-04,Survation,2012,1823
44,2018-06-05,YouGov,1619,1823
42,2018-06-07,Opinium,2005,1823
38,2018-06-08,BMG,1490,1823
42,2018-06-10,ICM,2021,1823
42,2018-06-12,YouGov,1638,1824
42,2018-06-19,YouGov,1606,1825
41,2018-06-20,Survation,1022,1825
41,2018-06-24,ICM,2013,1825
42,2018-06-26,YouGov,1645,1826
41,2018-06-27,Ipsos MORI,1026,1826
41,2018-07-04,YouGov,1641,1827
39,2018-07-05,BMG,1511,1827
38,2018-07-07,Survation,1007,1827
41,2018-07-09,ICM,2013,1828
40,2018-07-09,Kantar TNS,1086,1828
39,2018-07-09,YouGov,1669,1828
37,2018-07-11,YouGov,1732,1828
36,2018-07-13,Opinium,2005,1828
37,2018-07-14,Deltapoll,1484,1828
36,2018-07-17,YouGov,1657,1829
38,2018-07-20,YouGov,1668,1829
40,2018-07-22,ICM,2010,1829
38,2018-07-23,YouGov,1650,1830
38,2018-07-24,Ipsos MORI,1023,1830
38,2018-07-31,YouGov,1718,1831
39,2018-08-05,ICM,2049,1831
39,2018-08-09,YouGov,1675,1832
37,2018-08-10,BMG,1481,1832
40,2018-08-13,Kantar Public,1119,1833
38,2018-08-13,Number Cruncher Politics,1036,1833
41,2018-08-14,YouGov,1660,1833
37,2018-08-16,Deltapoll,1904,1833
39,2018-08-17,Opinium,2003,1833
40,2018-08-19,ICM,2021,1833
40,2018-08-21,YouGov,1697,1834
39,2018-08-29,YouGov,1664,1835
37,2018-09-01,Survation,1017,1835
39,2018-09-04,YouGov,1883,1836
37,2018-09-07,BMG,1553,1836
38,2018-09-07,Survation,1039,1836
42,2018-09-09,ICM,2051,1836
40,2018-09-10,Kantar Public,1119,1837
39,2018-09-13,Opinium,2011,1837
40,2018-09-13,YouGov,1620,1837
39,2018-09-18,Ipsos MORI,1070,1838
40,2018-09-19,YouGov,2509,1838
37,2018-09-20,Opinium,2003,1838
38,2018-09-22,BMG,1006,1838
41,2018-09-24,ICM,2006,1839
42,2018-09-25,YouGov,1625,1839
39,2018-09-27,ComRes,2036,1839
39,2018-09-28,Opinium,2008,1839
35,2018-09-29,BMG,1203,1839
42,2018-10-01,YouGov,1607,1840
38,2018-10-05,BMG,1503,1840
39,2018-10-05,Opinium,2007,1840
41,2018-10-09,YouGov,1647,1841
40,2018-10-10,Survation,1009,1841
41,2018-10-12,Opinium,2010,1841
41,2018-10-15,Kantar Public,1128,1842
41,2018-10-15,YouGov,1649,1842
39,2018-10-22,Ipsos MORI,1044,1843
41,2018-10-23,YouGov,1802,1843
43,2018-10-26,Deltapoll,1017,1843
41,2018-10-30,YouGov,1648,1844
39,2018-11-02,Survation,20090,1844
41,2018-11-05,YouGov,1637,1845
40,2018-11-07,Panelbase,2016,1845
40,2018-11-12,Kantar Public,1147,1846
36,2018-11-15,ComRes,2000,1846
36,2018-11-15,Opinium,1213,1846
39,2018-11-19,YouGov,1671,1847
40,2018-11-27,YouGov,1737,1848
37,2018-12-02,ComRes,2035,1848
40,2018-12-04,YouGov,1624,1849
38,2018-12-05,Ipsos MORI,1049,1849
38,2018-12-06,Kantar Public,1178,1849
38,2018-12-07,YouGov,1652,1849
38,2018-12-14,Opinium,2016,1850
40,2018-12-14,YouGov,5043,1850
39,2018-12-20,Opinium,1945,1851
40,2019-01-04,YouGov,25537,1901
41,2019-01-07,YouGov,1656,1902
36,2019-01-11,BMG,1514,1902
38,2019-01-11,Survation,1013,1902
35,2019-01-14,Kantar,1106,1903
39,2019-01-14,YouGov,1701,1903
37,2019-01-15,ComRes,2010,1903
38,2019-01-17,ComRes,2031,1903
41,2019-01-17,Number Cruncher Politics,1030,1903
39,2019-01-18,ICM,2046,1903
37,2019-01-18,Opinium,2006,1903
38,2019-01-30,Survation,1029,1905
41,2019-02-01,Opinium,2008,1905
41,2019-02-04,YouGov,1851,1906
38,2019-02-05,Ipsos MORI,1005,1906
40,2019-02-11,Kantar Public,1145,1907
37,2019-02-15,Opinium,2005,1907
40,2019-02-18,Survation,1023,1908
41,2019-02-19,YouGov,1861,1908
43,2019-02-23,Deltapoll,1027,1908
41,2019-02-23,YouGov,2005,1908
40,2019-03-01,Opinium,2003,1909
40,2019-03-04,YouGov,2172,1910
39,2019-03-08,BMG,1503,1910
41,2019-03-11,Kantar Public,1152,1911
38,2019-03-15,Opinium,1952,1911
35,2019-03-15,Survation,1007,1911
35,2019-03-15,YouGov,1756,1911
38,2019-03-19,Ipsos MORI,1050,1912
36,2019-03-22,Opinium,2002,1912
36,2019-03-25,YouGov,2110,1913
35,2019-03-29,Opinium,2008,1913
36,2019-03-30,Deltapoll,1010,1913
32,2019-04-03,YouGov,1771,1914
35,2019-04-05,BMG,1514,1914
32,2019-04-07,ComRes,2018,1914
31,2019-04-08,Hanbury Strategy,2000,1915
32,2019-04-08,Kantar Public,1172,1915
28,2019-04-11,YouGov,1843,1915
29,2019-04-12,Opinium,1951,1915
23,2019-04-16,ComRes,1061,1916
24,2019-04-17,OnePoll,2000,1916
26,2019-04-17,ORB,1547,1916
29,2019-04-17,YouGov,1755,1916
26,2019-04-23,Opinium,1218,1917
27,2019-04-24,Panelbase,2030,1917
27,2019-04-24,YouGov,1787,1917
29,2019-04-30,YouGov,1630,1918
25,2019-05-07,Opinium,1544,1919
22,2019-05-08,Opinium,1198,1919
19,2019-05-09,ComRes,2034,1919
24,2019-05-09,YouGov,2212,1919
20,2019-05-12,ComRes,2028,1919
21,2019-05-13,Hanbury Strategy,2000,1920
25,2019-05-13,Kantar Public,1152,1920
25,2019-05-14,Ipsos MORI,1072,1920
25,2019-05-14,YouGov,1655,1920
22,2019-05-16,Opinium,2009,1920
24,2019-05-17,YouGov,9260,1920
27,2019-05-17,Survation,1000,1920
22,2019-05-20,Opinium,2005,1921
21,2019-05-21,Panelbase,2033,1921
27,2019-05-21,Number Cruncher Politics,1005,1921
28,2019-05-22,Survation,2029,1921
19,2019-05-29,YouGov,1763,1922
20,2019-05-30,Deltapoll,2449,1922
17,2019-05-30,Opinium,2005,1922
18,2019-06-01,YouGov,1644,1922
18,2019-06-06,YouGov,1670,1923
26,2019-06-07,BMG,1520,1923
23,2019-06-09,ComRes,2017,1923
21,2019-06-10,YouGov,1702,1924
17,2019-06-14,YouGov,1672,1924
20,2019-06-19,YouGov,1641,1925
20,2019-06-20,Opinium,2009,1925
24,2019-06-20,Survation,2016,1925
22,2019-06-25,YouGov,2059,1926
26,2019-06-25,Ipsos MORI,1043,1926
24,2019-07-03,YouGov,1605,1927
23,2019-07-05,Opinium,2002,1927
28,2019-07-05,BMG,1532,1927
25,2019-07-07,ComRes,2010,1927
24,2019-07-10,YouGov,1671,1928
23,2019-07-11,Survation,1012,1928
24,2019-07-11,ComRes,1791,1928
25,2019-07-16,ComRes,2038,1929
25,2019-07-17,YouGov,1749,1929
25,2019-07-24,YouGov,1715,1930
28,2019-07-25,ComRes,2029,1930
31,2019-07-26,YouGov,1697,1930
30,2019-07-26,Opinium,2006,1930
30,2019-07-27,Deltapoll,2001,1930
29,2019-07-28,ComRes,2004,1930
32,2019-07-30,YouGov,2066,1931
34,2019-07-30,Ipsos MORI,1007,1931
31,2019-08-06,YouGov,1628,1932
31,2019-08-09,Opinium,2003,1932
31,2019-08-11,ComRes,2011,1932
28,2019-08-11,Survation,2040,1932
30,2019-08-14,YouGov,1625,1933
31,2019-08-14,BMG,1532,1933
42,2019-08-19,Kantar,1133,1934
32,2019-08-21,YouGov,1687,1934
33,2019-08-23,YouGov,2019,1934
32,2019-08-23,Opinium,2005,1934
34,2019-08-28,YouGov,2006,1935
33,2019-08-29,YouGov,1867,1935
31,2019-08-30,Survation,1020,1935
35,2019-08-31,Deltapoll,2028,1935
35,2019-09-03,YouGov,1639,1936
37,2019-09-03,ICM,2041,1936
33,2019-09-04,Hanbury Strategy,578,1936
29,2019-09-06,Survation,1006,1936
35,2019-09-06,YouGov,1676,1936
31,2019-09-06,Panelbase,1013,1936
35,2019-09-06,Opinium,2009,1936
31,2019-09-06,BMG,1504,1936
31,2019-09-07,Deltapoll,2049,1936
30,2019-09-08,ComRes,1488,1936
38,2019-09-09,Kantar Public,1144,1937
32,2019-09-10,YouGov,1676,1937
28,2019-09-12,ComRes,2057,1937
37,2019-09-13,Opinium,2002,1937
33,2019-09-16,Ipsos MORI,1006,1938
32,2019-09-18,YouGov,1608,1938
29,2019-09-19,ComRes,2050,1938
30,2019-09-20,YouGov,2006,1938
37,2019-09-20,Opinium,2004,1938
27,2019-09-24,ComRes,1027,1939
27,2019-09-25,Survation,1011,1939
33,2019-09-25,YouGov,1635,1939
36,2019-09-27,Opinium,2007,1939
33,2019-09-27,YouGov,1623,1939
34,2019-10-01,YouGov,1623,1940
38,2019-10-04,Opinium,2006,1940
31,2019-10-04,BMG,1514,1940
33,2019-10-06,ComRes,2006,1940
35,2019-10-09,YouGov,1616,1941
33,2019-10-10,ComRes,2018,1941
33,2019-10-11,Panelbase,2013,1941
37,2019-10-15,YouGov,1625,1942
39,2019-10-15,Kantar,1184,1942
33,2019-10-17,ComRes,2067,1942
37,2019-10-17,Opinium,2001,1942
36,2019-10-18,Panelbase,1008,1942
32,2019-10-18,Survation,1025,1942
37,2019-10-21,YouGov,1689,1943
37,2019-10-21,Deltapoll,2017,1943
36,2019-10-25,YouGov,1672,1943
40,2019-10-25,Opinium,2001,1943
41,2019-10-28,Ipsos MORI,1007,1944
36,2019-10-30,YouGov,1750,1944
34,2019-10-30,Survation,1010,1944
40,2019-10-31,Panelbase,1008,1944
36,2019-10-31,ComRes,1582,1944
36,2019-10-31,ORB,1510,1944
42,2019-11-01,Opinium,2004,1944
39,2019-11-01,YouGov,1834,1944
40,2019-11-02,Deltapoll,1500,1944
38,2019-11-04,YouGov,3284,1945
38,2019-11-04,ICM,2047,1945
36,2019-11-06,YouGov,1667,1945
41,2019-11-08,Opinium,2001,1945
40,2019-11-08,Panelbase,1046,1945
39,2019-11-08,YouGov,1598,1945
37,2019-11-08,BMG,1504,1945
35,2019-11-08,Survation,2037,1945
41,2019-11-09,Deltapoll,1518,1945
37,2019-11-10,ComRes,2014,1945
39,2019-11-11,ICM,2035,1946
37,2019-11-11,Kantar ,1165,1946
42,2019-11-12,YouGov,1619,1946
40,2019-11-12,SavantaComRes,2022,1946
43,2019-11-14,Panelbase,1021,1946
41,2019-11-14,SavantaComRes,2456,1946
45,2019-11-15,YouGov,1670,1946
37,2019-11-15,BMG,1598,1946
44,2019-11-15,Opinium,2008,1946
45,2019-11-16,Deltapoll,1567,1946
42,2019-11-16,Survation,1010,1946
42,2019-11-18,ICM,2010,1947
45,2019-11-18,Kantar,1176,1947
42,2019-11-19,YouGov,1606,1947
42,2019-11-19,SavantaComRes,1628,1947
44,2019-11-19,Ipsos MORI,1128,1947
43,2019-11-20,YouGov,11277,1947
42,2019-11-21,SavantaComRes,2038,1947
41,2019-11-21,BMG,1663,1947
42,2019-11-22,Panelbase,2028,1947
42,2019-11-22,YouGov,1677,1947
47,2019-11-22,Opinium,2003,1947
43,2019-11-23,Deltapoll,1519,1947
41,2019-11-23,Survation,1010,1947
41,2019-11-25,ICM,2004,1948
43,2019-11-25,Kantar,1097,1948
43,2019-11-26,YouGov,1678,1948
41,2019-11-26,SavantaComRes,2034,1948
39,2019-11-27,BMG,1663,1948
42,2019-11-28,Panelbase,2010,1948
43,2019-11-28,SavantaComRes,2025,1948
43,2019-11-29,YouGov,1680,1948
46,2019-11-29,Opinium,2018,1948
45,2019-11-30,Deltapoll,1528,1948
42,2019-11-30,Survation,1065,1948
42,2019-12-02,ICM,2029,1949
44,2019-12-02,Kantar,1096,1949
42,2019-12-03,YouGov,1699,1949
42,2019-12-03,SavantaComRes,2041,1949
44,2019-12-04,Ipsos MORI,1545,1949
41,2019-12-05,SavantaComRes,2034,1949
42,2019-12-05,SavantaComRes,2005,1949
43,2019-12-06,Panelbase,2033,1949
46,2019-12-06,Opinium,2002,1949
43,2019-12-06,YouGov,1680,1949
41,2019-12-06,BMG,1542,1949
44,2019-12-07,Deltapoll,1533,1949
45,2019-12-07,Survation,1012,1949
43,2019-12-08,SavantaComRes,4747,1949
43,2019-12-08,Qriously,2222,1949
42,2019-12-09,ICM,2011,1950
43,2019-12-10,Number Cruncher Politics,1009,1950
41,2019-12-10,SavantaComRes,2051,1950
43,2019-12-11,Panelbase,3174,1950
45,2019-12-11,Opinium,3005,1950
41,2019-12-11,BMG,1660,1950
44,2019-12-11,Kantar,2815,1950
45,2019-12-11,Deltapoll,1818,1950
45,2019-12-11,Survation,2395,1950
44,2019-12-11,Ipsos MORI,2213,1950
44,2020-01-10,BMG,1508,2002
47,2020-01-17,Opinium,1978,2003
49,2020-01-26,YouGov,1628,2004
43.96,2020-01-31,Survation,1015,2005
49,2020-02-02,YouGov,1575,2005
47,2020-02-03,Ipsos MORI,1001,2006
48,2020-02-10,YouGov,1576,2007
47,2020-02-14,Opinium,2007,2007
47,2020-02-20,Savanta ComRes,2005,2008
50,2020-03-09,Kantar Public,1171,2011
49,2020-03-13,Opinium,2005,2011
52,2020-03-16,Ipsos MORI,1003,2012
54,2020-03-26,Number Cruncher,1010,2013
54,2020-03-27,Opinium,2006,2013
49,2020-04-02,Redfield & Wilton,2000,2014
52,2020-04-02,YouGov,1631,2014
53,2020-04-03,Opinium,2000,2014
45,2020-04-06,BMG,1498,2015
55,2020-04-09,Opinium,2005,2015
46,2020-04-09,BMG,1541,2015
53,2020-04-17,YouGov,2015,2016
52,2020-04-17,Redfield & Wilton,1500,2016
51,2020-04-17,Opinium,2000,2016
54,2020-04-20,Kantar,1118,2017
50,2020-04-23,Opinium,2000,2017
50,2020-04-26,Redfield & Wilton,1500,2017
48,2020-04-28,Survation,1023,2018
51,2020-05-01,Opinium,1072,2018
50,2020-05-06,Redfield & Wilton,1500,2019
50,2020-05-06,YouGov,1667,2019
49,2020-05-07,Opinium,1053,2019
51,2020-05-11,Kantar,1130,2020
49,2020-05-14,Opinium,1062,2020
47,2020-05-15,Redfield & Wilton,1500,2020
46,2020-05-17,Savanta ComRes,2079,2020
48,2020-05-19,YouGov,1718,2021
47,2020-05-22,Opinium,2008,2021
45.66,2020-05-26,Survation,1040,2022
44,2020-05-26,YouGov,1629,2022
43,2020-05-27,YouGov,2029,2022
43,2020-05-27,Redfield & Wilton,1500,2022
43,2020-05-28,Deltapoll,1557,2022
43,2020-05-29,Opinium,2012,2022
45,2020-05-30,YouGov,1650,2022
41.43,2020-06-03,Survation,1018,2023
43,2020-06-03,Redfield & Wilton,1500,2023
43,2020-06-05,Opinium,2002,2023
41,2020-06-05,Deltapoll,1547,2023
43,2020-06-10,Ipsos MORI,1059,2024
42.01,2020-06-10,Survation,1062,2024
41,2020-06-11,Redfield & Wilton,1500,2024
44,2020-06-12,Opinium,2001,2024
45,2020-06-12,YouGov,1693,2024
40,2020-06-14,Savanta ComRes,2106,2024
43,2020-06-15,Kantar,1124,2025
43,2020-06-18,Redfield & Wilton,2000,2025
44,2020-06-19,Opinium,2001,2025
42.75,2020-06-25,Survation,2003,2026
44,2020-06-25,Redfield & Wilton,2000,2026
42.62,2020-06-26,Opinium,2001,2026
42,2020-07-01,Redfield & Wilton,2000,2027
41,2020-07-03,Opinium,2002,2027
44,2020-07-06,Survation,1012,2028
44,2020-07-08,Redfield & Wilton,2000,2028
46,2020-07-09,YouGov,1614,2028
44,2020-07-10,Deltapoll,1541,2028
42,2020-07-10,Opinium,2002,2028
42,2020-07-12,Survation,2022,2028
45,2020-07-13,Kantar,1131,2029
44,2020-07-15,Redfield & Wilton,2000,2029
44,2020-07-17,Opinium,2003,2029
43,2020-07-19,Savanta ComRes,2085,2029
44,2020-07-22,Redfield & Wilton,2000,2030
44,2020-07-23,YouGov,1648,2030
42,2020-07-24,Opinium,2002,2030
43,2020-07-29,Redfield & Wilton,2000,2031
43,2020-07-31,YouGov,1623,2031
41,2020-07-31,Opinium,2002,2031
44,2020-08-03,Survation,1019,2032
45,2020-08-04,Ipsos MORI,1019,2032
42,2020-08-05,YouGov,1606,2032
42,2020-08-10,Kantar,1634,2033
43,2020-08-12,Redfield & Wilton,2000,2033
41.8,2020-08-14,Opinium,2005,2033
42,2020-08-16,Savanta ComRes,2083,2033
44,2020-08-19,Redfield & Wilton,2000,2034
40,2020-08-19,YouGov,1652,2034
41,2020-08-21,Survation,1005,2034
42,2020-08-24,Redfield & Wilton,2000,2035
43,2020-08-25,YouGov,1669,2035
40.33,2020-08-28,Opinium,2002,2035
43,2020-09-02,Redfield & Wilton,2500,2036
40,2020-09-04,Survation,1047,2036
42,2020-09-08,Number Cruncher,1001,2037
42,2020-09-09,YouGov,1615,2037
42,2020-09-11,Opinium,2001,2037
41,2020-09-16,Redfield & Wilton,2500,2038
40,2020-09-17,YouGov,1618,2038
40,2020-09-18,Ipsos MORI,1013,2038
40,2020-09-20,Savanta ComRes,2109,2038
40,2020-09-21,Kantar,1125,2039
40,2020-09-23,Redfield & Wilton,2500,2039
41,2020-09-24,YouGov,1623,2039
42,2020-09-25,Deltapoll,1583,2039
39,2020-09-25,Opinium,2002,2039
41,2020-09-28,Savanta ComRes,2112,2040
39,2020-09-30,YouGov,1700,2040
39,2020-10-01,Redfield & Wilton,4000,2040
42,2020-10-04,Savanta ComRes,2081,2040
41,2020-10-06,Survation,1022,2041
41,2020-10-07,Redfield & Wilton,3000,2041
41,2020-10-07,YouGov,1673,2041
40,2020-10-09,Opinium,2001,2041
39,2020-10-12,Savanta ComRes,2123,2042
39,2020-10-15,YouGov,1675,2042
41,2020-10-17,Number Cruncher Politics,2088,2042
42,2020-10-18,Savanta ComRes,2274,2042
40,2020-10-21,Redfield & Wilton,3000,2043
40,2020-10-22,YouGov,1665,2043
38,2020-10-23,Opinium,2002,2043
42,2020-10-24,Deltapoll,1589,2043
42,2020-10-26,Savanta ComRes,2111,2044
39.1,2020-10-28,Redfield & Wilton,2013,2044
37,2020-10-28,Ipsos MORI,1007,2044
38,2020-10-29,YouGov,1658,2044
40,2020-11-02,Savanta ComRes,2126,2045
35,2020-11-05,YouGov,1640,2045
38,2020-11-06,Opinium,2003,2045
39,2020-11-06,Survation,1034,2045
40,2020-11-09,Kantar,1141,2046
40,2020-11-09,Savanta ComRes,2130,2046
40,2020-11-11,Redfield & Wilton,2500,2046
38,2020-11-12,YouGov,1632,2046
41,2020-11-15,Savanta ComRes,2075,2046
38,2020-11-18,YouGov,1700,2047
40,2020-11-19,Redfield & Wilton,2500,2047
41,2020-11-20,Opinium,2001,2047
39,2020-11-22,Savanta ComRes,1272,2047
37,2020-11-27,YouGov,1696,2048
37,2020-11-28,Deltapoll,1525,2048
39,2020-11-28,Number Cruncher Politics,1001,2048
39,2020-11-29,Savanta ComRes,1428,2048
40,2020-12-02,Redfield & Wilton,2000,2049
38,2020-12-03,YouGov,1706,2049
38.1,2020-12-04,Opinium,2002,2049
40,2020-12-08,Opinium,6949,2050
37,2020-12-09,YouGov,1699,2050
39,2020-12-10,Survation,3452,2050
41,2020-12-10,Ipsos MORI,1027,2050
38,2020-12-13,Savanta ComRes,1189,2050
38,2020-12-14,Kantar,1137,2051
39,2020-12-16,YouGov,1898,2051
39,2020-12-17,Opinium,2001,2051
41,2020-12-21,Savanta ComRes,1433,2052
39,2020-12-22,Survation,1011,2052
37,2020-12-22,YouGov,1713,2052
43,2020-12-30,Deltapoll,1608,2053
39,2021-01-05,YouGov,1704,2101
39,2021-01-07,Opinium,2003,2101
40,2021-01-10,Savanta ComRes,1550,2101
41,2021-01-11,Redfield & Wilton,2000,2102
40,2021-01-13,Survation,1033,2102
38,2021-01-14,YouGov,1702,2102
37.4,2021-01-15,Opinium,2003,2102
39,2021-01-17,Savanta ComRes,1914,2102
40,2021-01-18,Redfield & Wilton,2000,2103
39,2021-01-21,YouGov,1703,2103
43,2021-01-22,Redfield & Wilton,2000,2103
41,2021-01-23,Deltapoll,1632,2103
40,2021-01-24,Savanta ComRes,2070,2103
40,2021-01-25,Kantar,1100,2104
42,2021-01-25,Redfield & Wilton,2000,2104
37,2021-01-27,YouGov,1721,2104
41,2021-01-29,Opinium,2002,2104
41,2021-01-31,Savanta ComRes,2288,2104
43,2021-02-01,Number Cruncher Politics,2001,2105
40,2021-02-01,Redfield & Wilton,2000,2105
41,2021-02-03,YouGov,1684,2105
42,2021-02-04,Ipsos MORI,1056,2105
39,2021-02-06,Survation,1003,2105
41,2021-02-07,Savanta ComRes,2119,2105
43,2021-02-08,Redfield & Wilton,2000,2106
41,2021-02-10,YouGov,1660,2106
42,2021-02-12,Opinium,2006,2106
42,2021-02-14,Savanta ComRes,2170,2106
41,2021-02-15,Redfield & Wilton,2000,2107
40,2021-02-18,YouGov,1663,2107
40,2021-02-21,Savanta ComRes,2189,2107
40,2021-02-22,Kantar,1114,2108
43,2021-02-22,Redfield & Wilton,2000,2108
42,2021-02-25,Survation,1002,2108
41,2021-02-26,YouGov,1637,2108
42,2021-02-26,Deltapoll,1527,2108
43,2021-02-26,Opinium,2003,2108
43,2021-02-28,Savanta ComRes,2182,2108
44,2021-03-01,Redfield & Wilton,1500,2109
45,2021-03-04,YouGov,1715,2109
43,2021-03-07,Redfield & Wilton,2000,2109
42,2021-03-07,Savanta ComRes,2129,2109
45,2021-03-08,Redfield & Wilton,2000,2110
43,2021-03-10,Survation,1037,2110
42,2021-03-12,YouGov,1680,2110
45,2021-03-12,Ipsos MORI,1009,2110
43,2021-03-12,Opinium,2001,2110
39,2021-03-14,Savanta ComRes,2000,2110
43,2021-03-15,Redfield & Wilton,2000,2111
42,2021-03-16,Number Cruncher Politics,1001,2111
43,2021-03-19,YouGov,1692,2111
39,2021-03-19,BMG,1498,2111
42,2021-03-21,Savanta ComRes,2098,2111
42,2021-03-22,Redfield & Wilton,2000,2112
42,2021-03-26,YouGov,1742,2112
41,2021-03-26,Opinium,2002,2112
44,2021-03-27,Deltapoll,1610,2112
42,2021-03-29,Kantar,1102,2113
44,2021-03-29,Redfield & Wilton,2000,2113
42,2021-04-01,YouGov,1736,2113
42,2021-04-04,Savanta ComRes,2065,2113
44,2021-04-05,Redfield & Wilton,2000,2114
41,2021-04-08,YouGov,1708,2114
45,2021-04-09,Opinium,2006,2114
43,2021-04-10,Survation,1009,2114
45,2021-04-10,Deltapoll,1608,2114
42,2021-04-11,Savanta ComRes,2174,2114
43,2021-04-12,Redfield & Wilton,2000,2115
43,2021-04-14,YouGov,1689,2115
43,2021-04-18,Savanta ComRes,2094,2115
40,2021-04-19,Survation,1008,2116
44,2021-04-19,Redfield & Wilton,2000,2116
40,2021-04-22,Ipsos MORI,1090,2116
44,2021-04-22,YouGov,1730,2116
44,2021-04-23,Opinium,2000,2116
42,2021-04-25,Savanta ComRes,2144,2116
41,2021-04-26,Kantar,1115,2117
39,2021-04-26,BMG,1500,2117
44,2021-04-26,Redfield & Wilton,2000,2117
44,2021-04-28,YouGov,1803,2117
39,2021-04-29,Survation,1077,2117
43,2021-04-29,Number Cruncher Politics,1001,2117
42,2021-04-30,Opinium,2001,2117
40,2021-04-30,Focaldata,1555,2117
40,2021-05-02,Savanta ComRes,2000,2117
40,2021-05-03,Redfield & Wilton,2000,2118
43,2021-05-05,YouGov,1683,2118
45,2021-05-05,Panelbase,1003,2118
43,2021-05-05,YouGov,1683,2118
42,2021-05-09,Savanta ComRes,2152,2118
45,2021-05-10,Redfield & Wilton,2000,2119
45,2021-05-12,YouGov,1647,2119
44,2021-05-14,Opinium,2004,2119
43,2021-05-16,Savanta ComRes,2131,2119
42,2021-05-17,Redfield & Wilton,2000,2120
46,2021-05-20,YouGov,1699,2120
43,2021-05-23,Savanta ComRes,2215,2120
43,2021-05-24,Redfield & Wilton,2000,2121
44,2021-05-26,Survation,1041,2121
44,2021-05-28,Number Cruncher Politics,1001,2121
43,2021-05-28,Survation,1010,2121
43,2021-05-28,YouGov,1705,2121
42,2021-05-28,Opinium,2004,2121
42,2021-05-30,Savanta ComRes,2180,2121
45,2021-05-31,Redfield & Wilton,2000,2122
41,2021-06-02,Survation,1533,2122
44,2021-06-03,Ipsos MORI,1002,2122
46,2021-06-03,YouGov,1703,2122
44,2021-06-06,Savanta ComRes,2089,2122
43,2021-06-07,Redfield & Wilton,2000,2123
45,2021-06-07,Kantar,1122,2123
44,2021-06-10,YouGov,1630,2123
42,2021-06-10,Survation,2017,2123
43,2021-06-11,Opinium,2002,2123
41,2021-06-13,Savanta ComRes,2108,2123
44,2021-06-13,Redfield & Wilton,2000,2123
45,2021-06-14,Number Cruncher Politics,1517,2124
41,2021-06-17,Survation,2024,2124
45,2021-06-17,YouGov,1642,2124
44,2021-06-20,SavantaComRes,2191,2124
41,2021-06-20,Deltapoll,2343,2124
44,2021-06-21,Redfield & Wilton,2000,2125
42,2021-06-24,YouGov,1758,2125
43,2021-06-25,Opinium,2000,2125
41,2021-06-26,Survation,1001,2125
42,2021-06-27,Savanta ComRes,2148,2125
41,2021-06-28,Redfield & Wilton,2000,2126
42,2021-06-30,YouGov,1762,2126
41,2021-07-04,SavantaComRes,2176,2126
43,2021-07-05,Redfield & Wilton,2000,2127
40,2021-07-08,Ipsos MORI,1053,2127
42,2021-07-08,YouGov,2054,2127
43,2021-07-09,Opinium,2001,2127
40,2021-07-11,Savanta ComRes,2137,2127
41,2021-07-12,Redfield & Wilton,2000,2128
44,2021-07-12,Kantar,1057,2128
43,2021-07-13,Survation,2119,2128
44,2021-07-16,YouGov,1761,2128
41,2021-07-18,Savanta ComRes,2127,2128
42,2021-07-19,Redfield & Wilton,2000,2129
39,2021-07-20,Survation,1032,2129
38,2021-07-21,YouGov,1667,2129
39,2021-07-23,Survation,1013,2129
43,2021-07-23,Opinium,2000,2129
40,2021-07-25,Savanta ComRes,2161,2129
40,2021-07-25,Redfield & Wilton,2000,2129
42,2021-07-26,Deltapoll,1590,2130
39,2021-07-29,YouGov,1637,2130
40,2021-08-01,Savanta ComRes,2100,2130
41,2021-08-02,Redfield & Wilton,2000,2131
41,2021-08-06,YouGov,1730,2131
42,2021-08-06,Opinium,2000,2131
41,2021-08-08,SavantaComRes,2047,2131
41,2021-08-09,Ipsos MORI,1113,2132
40,2021-08-09,Redfield & Wilton,2000,2132
40,2021-08-12,YouGov,2169,2132
41,2021-08-15,SavantaComRes,2075,2132
40,2021-08-16,Redfield & Wilton,2000,2133
40,2021-08-18,YouGov,1703,2133
39,2021-08-20,Opinium,2003,2133
41,2021-08-22,SavantaComRes,2083,2133
43,2021-08-23,Redfield & Wilton,2000,2134
37,2021-08-23,Kantar,1094,2134
39,2021-08-26,YouGov,1703,2134
40,2021-08-29,SavantaComRes,2062,2134
41,2021-08-29,Redfield & Wilton,2000,2134
38,2021-09-03,YouGov,1653,2135
41,2021-09-03,Deltapoll,1589,2135
40,2021-09-03,Opinium,2014,2135
40,2021-09-05,Savanta ComRes,2087,2135
41,2021-09-06,Redfield & Wilton,2000,2136
33,2021-09-09,YouGov,1657,2136
38,2021-09-11,Opinium,2059,2136
39,2021-09-12,Savanta ComRes,2097,2136
39,2021-09-13,Redfield & Wilton,2000,2137
40,2021-09-14,Survation,2164,2137
39,2021-09-16,YouGov,1635,2137
41,2021-09-16,Panelbase,3938,2137
40,2021-09-17,Opinium,2000,2137
41,2021-09-20,Redfield & Wilton,2000,2138
40,2021-09-22,Survation,1060,2138
39,2021-09-23,Ipsos MORI,1008,2138
39,2021-09-23,YouGov,1690,2138
41,2021-09-27,Redfield & Wilton,2000,2139
41,2021-09-29,Survation,1001,2139
39,2021-09-29,YouGov,1833,2139
39,2021-10-01,Opinium,2004,2139
40,2021-10-04,Redfield & Wilton,2000,2140
39,2021-10-06,YouGov,1667,2140
39,2021-10-07,Survation,1040,2140
40,2021-10-10,Savanta ComRes,2103,2140
40,2021-10-11,Redfield & Wilton,2000,2141
41,2021-10-13,YouGov,1659,2141
38,2021-10-15,Deltapoll,3043,2141
41,2021-10-15,Opinium,2000,2141
40,2021-10-17,SavantaComRes,2092,2141
39,2021-10-18,Kantar Public,1075,2142
40,2021-10-18,Redfield & Wilton,2000,2142
40,2021-10-18,Number Cruncher Politics,1000,2142
37,2021-10-21,YouGov,1677,2142
37,2021-10-24,Savanta ComRes,2258,2142
39,2021-10-25,Redfield & Wilton,2000,2143
39,2021-10-28,YouGov,1699,2143
40,2021-10-29,Opinium,2001,2143
40,2021-10-31,Savanta ComRes,2242,2143
40,2021-11-01,Redfield & Wilton,2000,2144
35,2021-11-04,Ipsos MORI,1007,2144
36,2021-11-04,YouGov,1699,2144
40,2021-11-05,Deltapoll,1560,2144
37,2021-11-06,Opinium,1175,2144
38,2021-11-07,SavantaComRes,2231,2144
37,2021-11-08,Redfield & Wilton,2000,2145
32,2021-11-10,Redfield & Wilton,1500,2145
35,2021-11-11,YouGov,1696,2145
40,2021-11-12,SavantaComRes,2019,2145
36,2021-11-12,Opinium,1175,2145
37,2021-11-15,Survation,3108,2146
36,2021-11-15,Redfield & Wilton,2000,2146
36,2021-11-18,YouGov,1800,2146
38,2021-11-19,Panelbase,3888,2146
36,2021-11-21,Savanta ComRes,2184,2146
37,2021-11-21,Redfield & Wilton,2000,2146
39,2021-11-22,Kantar Public,1119,2147
36,2021-11-25,YouGov,1692,2147
36,2021-11-26,Opinium,1990,2147
37,2021-11-28,Savanta ComRes,2060,2147
38,2021-11-29,Redfield & Wilton,2000,2148
36,2021-12-01,Survation,1060,2148
36,2021-12-01,Find Out Now,10272,2148
36,2021-12-02,YouGov,1692,2148
37,2021-12-04,Deltapoll,1553,2148
38,2021-12-05,Savanta ComRes,2232,2148
38,2021-12-06,Redfield & Wilton,2000,2149
34,2021-12-08,Redfield & Wilton,1500,2149
33,2021-12-09,Focaldata,1001,2149
33,2021-12-09,YouGov,1686,2149
34.1,2021-12-09,Survation,942,2149
34,2021-12-10,Ipsos MORI,1005,2149
32,2021-12-10,Opinium,1325,2149
32,2021-12-10,YouGov,1741,2149
33,2021-12-10,Savanta ComRes,2118,2149
31.6,2021-12-11,Survation,985,2149
34,2021-12-13,Kantar Public,1074,2150
32,2021-12-13,Redfield & Wilton,2000,2150
30,2021-12-15,Find Out Now,1017,2150
32,2021-12-15,YouGov,1714,2150
34,2021-12-16,Savanta ComRes,2139,2150
30,2021-12-20,YouGov,1790,2151
31,2021-12-20,Redfield & Wilton,2000,2151
34,2021-12-21,Focaldata,1008,2151
32,2021-12-23,Opinium,1216,2151
35,2021-12-30,Deltapoll,1567,2152
35,2022-01-03,Redfield & Wilton,2000,2201
33,2022-01-07,YouGov,1744,2201
34,2022-01-07,Opinium,1326,2201
33,2022-01-10,Savanta ComRes ,2207,2202
35,2022-01-10,Redfield & Wilton,2000,2202
28,2022-01-12,YouGov,1666,2202
33,2022-01-13,Focaldata,1003,2202
31,2022-01-14,YouGov ,1683,2202
31,2022-01-14,Opinium,1271,2202
32,2022-01-14,Savanta ComRes,2151,2202
32,2022-01-16,Savanta ComRes,2166,2202
32,2022-01-16,Deltapoll,4292,2202
33,2022-01-17,Survation,2036,2203
30,2022-01-17,Redfield & Wilton,2000,2203
32,2022-01-21,YouGov ,1668,2203
32,2022-01-23,Savanta ComRes,2095,2203
34,2022-01-24,Kantar Public,1086,2204
34,2022-01-24,Redfield & Wilton,2000,2204
31,2022-01-25,Ipsos MORI,1059,2204
35,2022-01-25,Survation,1117,2204
32,2022-01-27,Deltapoll,1515,2204
32,2022-01-27,YouGov,1656,2204
34,2022-01-28,Opinium,1356,2204
33,2022-01-30,Savanta ComRes,2283,2204
33,2022-01-31,Redfield & Wilton,2000,2205
32,2022-02-02,Techne UK,1631,2205
32,2022-02-02,YouGov ,1661,2205
34,2022-02-04,Deltapoll,1587,2205
33,2022-02-06,Savanta ComRes,2232,2205
32,2022-02-07,Redfield & Wilton,2000,2206
33,2022-02-09,Techne UK ,1631,2206
34,2022-02-11,YouGov ,1720,2206
34,2022-02-11,Opinium,1526,2206
32,2022-02-13,Savanta ComRes ,2226,2206
33,2022-02-14,Redfield & Wilton,2000,2207
34,2022-02-17,YouGov ,1720,2207
34,2022-02-17,Techne UK ,1625,2207
33,2022-02-20,Savanta ComRes ,2201,2207
33,2022-02-21,Redfield & Wilton ,2000,2208
34,2022-02-21,Kantar Public ,1090,2208
35,2022-02-21,Survation,2050,2208
35,2022-02-24,Techne UK ,1635,2208
34,2022-02-25,YouGov ,1741,2208
34,2022-02-25,Opinium,2068,2208
34,2022-02-27,Savanta ComRes ,2208,2208
35,2022-02-28,Number Cruncher Politics ,2001,2209
35,2022-02-28,Redfield & Wilton,2000,2209
35,2022-03-03,Techne UK ,1631,2209
35,2022-03-04,YouGov,1658,2209
34,2022-03-06,Savanta ComRes ,2222,2209
37,2022-03-07,Redfield & Wilton ,2000,2210
33,2022-03-09,YouGov,1700,2210
36,2022-03-10,Techne UK ,1641,2210
35,2022-03-11,Opinium ,1427,2210
34,2022-03-11,Deltapoll,2003,2210
35,2022-03-13,Savanta ComRes,2192,2210
36,2022-03-13,Redfield & Wilton,2000,2210
35,2022-03-16,Ipsos MORI,1000,2211
35,2022-03-17,Techne UK,1636,2211
33,2022-03-17,YouGov,1761,2211
35,2022-03-20,Redfield & Wilton,2000,2211
36,2022-03-21,Kantar Public,1042,2212
35,2022-03-23,YouGov ,1810,2212
35,2022-03-24,Techne UK ,1641,2212
35,2022-03-24,YouGov ,1959,2212
36,2022-03-25,Opinium ,2002,2212
35,2022-03-27,Savanta ComRes ,2226,2212
35,2022-03-27,Redfield & Wilton ,2000,2212
33,2022-03-30,YouGov ,2006,2213
35,2022-03-30,Survation ,2033,2213
36,2022-04-01,TechneUK,1639,2213
36,2022-04-03,Redfield & Wilton,2000,2213
33,2022-04-03,Savanta ComRes ,2220,2213
34,2022-04-07,YouGov ,1826,2214
35,2022-04-07,TechneUK ,1635,2214
34,2022-04-08,Opinium,2004,2214
34,2022-04-10,Savanta ComRes ,2145,2214
34,2022-04-10,Redfield & Wilton,2000,2214
34,2022-04-11,Kantar Public ,1152,2215
34,2022-04-13,TechneUK ,1628,2215
33,2022-04-14,YouGov,1960,2215
32,2022-04-14,Deltapoll,1550,2215
34,2022-04-17,Redfield & Wilton,2000,2215
33,2022-04-20,YouGov,2079,2216
34,2022-04-21,TechneUK ,1631,2216
34,2022-04-22,Opinium ,2002,2216
34,2022-04-24,Savanta ComRes,2231,2216
34,2022-04-24,Redfield & Wilton,2000,2216
33,2022-04-26,Survation,2587,2217
33,2022-04-27,YouGov ,1779,2217
35,2022-04-28,Ipsos MORI,1006,2217
35,2022-04-28,Techne UK,1633,2217
35,2022-05-01,Savanta ComRes,2236,2217
33,2022-05-01,Redfield & Wilton,2000,2217
34,2022-05-05,TechneUK,1635,2218
35,2022-05-06,YouGov,1707,2218
33,2022-05-08,Redfield & Wilton,2000,2218
34,2022-05-08,Savanta ComRes,2161,2218
33,2022-05-11,YouGov,1990,2219
34,2022-05-12,TechneUK,1634,2219
34,2022-05-13,Opinium,1478,2219
33,2022-05-15,Redfield & Wilton,1500,2219
35,2022-05-15,Redfield & Wilton,2000,2219
33,2022-05-17,Ipsos MORI,1013,2220
35,2022-05-19,TechneUK,1635,2220
31,2022-05-19,YouGov,1692,2220
34,2022-05-19,Savanta ComRes,2021,2220
33,2022-05-22,Redfield & Wilton,2000,2220
32,2022-05-23,Kantar Public,1087,2221
31,2022-05-25,Redfield & Wilton,1500,2221
33,2022-05-26,Techne UK,1629,2221
33,2022-05-27,Opinium,1513,2221
31,2022-05-29,Savanta ComRes,2177,2221
36,2022-05-29,Redfield & Wilton,2000,2221
32,2022-06-01,Techne UK,1632,2222
33,2022-06-01,Redfield & Wilton,2000,2222
32,2022-06-03,YouGov,2000,2222
34,2022-06-05,Redfield & Wilton,2000,2222
32,2022-06-09,YouGov,1727,2223
32,2022-06-09,Redfield & Wilton,2000,2223
33,2022-06-10,Techne UK,1632,2223
34,2022-06-10,Opinium,2002,2223
34,2022-06-12,Savanta ComRes,2237,2223
32,2022-06-12,Redfield & Wilton,2000,2223
34,2022-06-15,Redfield & Wilton,2000,2224
33,2022-06-16,YouGov,1727,2224
33,2022-06-16,Techne UK,1612,2224
31,2022-06-19,Savanta ComRes,2050,2224
33,2022-06-19,Redfield & Wilton,2000,2224
34,2022-06-20,Kantar,1141,2225
32,2022-06-22,Redfield & Wilton,2000,2225
34,2022-06-23,YouGov,1671,2225
32,2022-06-23,Techne UK,1630,2225
34,2022-06-24,Opinium,1516,2225
34,2022-06-26,Savanta ComRes,2217,2225
33,2022-06-26,Redfield & Wilton,2000,2225
35,2022-06-27,Survation,1017,2226
30,2022-06-29,Ipsos MORI,1059,2226
33,2022-06-29,YouGov,1671,2226
33,2022-06-30,TechneUK,1632,2226
32,2022-06-30,Redfield & Wilton,1500,2226
32,2022-07-01,BMG,1521,2226
32,2022-07-03,Savanta ComRes,2106,2226
35,2022-07-03,Redfield & Wilton,2000,2226
31,2022-07-06,Survation,1052,2227
29,2022-07-07,YouGov,1687,2227
29,2022-07-07,Techne UK,1644,2227
31,2022-07-07,Redfield & Wilton,1500,2227
33,2022-07-08,Opinium,1444,2227
28,2022-07-10,Savanta ComRes,2168,2227
31,2022-07-10,Redfield & Wilton,2000,2227
29,2022-07-14,YouGov,1733,2228
31,2022-07-14,Techne UK,1645,2228
30,2022-07-17,Savanta ComRes,1980,2228
32,2022-07-17,Redfield & Wilton,2000,2228
33,2022-07-18,Kantar Public,1077,2229
32,2022-07-21,Techne UK,1645,2229
35,2022-07-21,Redfield & Wilton,1500,2229
32,2022-07-22,YouGov,1692,2229
34,2022-07-22,Opinium,2001,2229
31,2022-07-23,Deltapoll,1588,2229
29,2022-07-24,Savanta ComRes,2272,2229
34,2022-07-24,Redfield & Wilton,1500,2229
30,2022-07-27,Ipsos MORI,1052,2230
33,2022-07-27,Redfield & Wilton,1500,2230
34,2022-07-28,YouGov,1797,2230
33,2022-07-28,Techne UK,1645,2230
34,2022-07-31,Redfield & Wilton,2000,2230
34,2022-08-04,Techne UK,1630,2231
32,2022-08-04,Redfield & Wilton,2000,2231
33,2022-08-05,YouGov,1968,2231
34,2022-08-05,Opinium,1508,2231
35,2022-08-08,Redfield & Wilton,2000,2232
30,2022-08-10,YouGov,1809,2232
35,2022-08-12,Techne UK,1641,2232
34,2022-08-14,Redfield & Wilton,2000,2232
28,2022-08-17,YouGov,1696,2233
31,2022-08-19,Opinium,1527,2233
31,2022-08-21,Redfield & Wilton,2000,2233
31,2022-08-22,Deltapoll,1591,2234
33,2022-08-25,Redfield & Wilton,1500,2234
33,2022-08-26,Techne UK,1630,2234
33,2022-08-28,Redfield & Wilton,2000,2234
31,2022-08-30,Deltapoll,1600,2235
31,2022-08-31,Redfield & Wilton,2000,2235
28,2022-09-01,YouGov,1711,2235
34,2022-09-02,Opinium,1516,2235
32,2022-09-02,Techne UK,1628,2235
31,2022-09-04,Redfield & Wilton,2000,2235
30,2022-09-07,Redfield & Wilton,2000,2236
29,2022-09-07,YouGov,1688,2236
35,2022-09-11,SavantaComRes,2272,2236
32,2022-09-12,YouGov,1727,2237
32,2022-09-12,Deltapoll,2272,2237
30,2022-09-15,Ipsos MORI,1000,2237
35,2022-09-15,Techne UK,1647,2237
34,2022-09-18,Redfield & Wilton,2000,2237
32,2022-09-20,Deltapoll,2084,2238
32,2022-09-21,Redfield & Wilton,2000,2238
32,2022-09-22,YouGov,1713,2238
34,2022-09-22,Techne UK,1639,2238
31,2022-09-25,Deltapoll,2192,2238
28,2022-09-25,YouGov,1730,2238
31,2022-09-25,Redfield & Wilton,2000,2238
20,2022-09-29,PeoplePolling,2216,2239
27,2022-09-29,Techne UK,1625,2239
29,2022-09-29,Deltapoll,1613,2239
28.1,2022-09-29,Survation,1329,2239
29,2022-09-29,Redfield & Wilton,2500,2239
21,2022-09-29,YouGov,1712,2239
27,2022-09-30,Opinium,1468,2239
25,2022-10-02,Savanta ComRes,2113,2239
24,2022-10-02,Redfield & Wilton,2000,2239
24,2022-10-05,Redfield & Wilton,1500,2240
20,2022-10-06,PeoplePolling,1512,2240
26,2022-10-06,Techne UK,1636,2240
22,2022-10-07,YouGov,1737,2240
26,2022-10-07,Deltapoll,1034,2240
24,2022-10-07,Omnisis,1328,2240
26,2022-10-07,Opinium,2023,2240
25,2022-10-09,Redfield & Wilton,2000,2240
23,2022-10-09,Savanta ComRes,2036,2240
19,2022-10-12,PeoplePolling,1158,2241
26,2022-10-12,Ipsos MORI,1001,2241
23,2022-10-12,YouGov,1675,2241
25,2022-10-13,Techne UK,1626,2241
24,2022-10-13,Redfield & Wilton,1094,2241
28,2022-10-14,Omnisis,1328,2241
22,2022-10-16,Savanta ComRes,2195,2241
20,2022-10-16,Redfield & Wilton,2000,2241
23,2022-10-17,Deltapoll,1050,2242
23,2022-10-19,Survation,1252,2242
19,2022-10-19,Redfield & Wilton,2500,2242
14,2022-10-20,PeoplePolling,1237,2242
22,2022-10-20,Omnisis,1382,2242
22,2022-10-20,Techne UK,1632,2242
26,2022-10-21,J&L Partners,2000,2242
23,2022-10-21,Opinium,2023,2242
19,2022-10-21,YouGov,1700,2242
25,2022-10-23,Savanta ComRes,1996,2242
21,2022-10-23,Redfield & Wilton,2000,2242
20,2022-10-26,PeoplePolling,1185,2243
23,2022-10-26,Redfield & Wilton,1500,2243
23,2022-10-26,YouGov,1646,2243
26,2022-10-26,BMG,1568,2243
26,2022-10-27,Techne UK,1626,2243
25,2022-10-28,Omnisis,1383,2243
28,2022-10-28,Opinium,1499,2243
27,2022-10-30,Redfield & Wilton,2000,2243
26,2022-10-31,Deltapoll,1606,2244
24,2022-11-02,YouGov,1702,2244
30,2022-11-03,Redfield & Wilton,1500,2244
29,2022-11-03,Techne UK,1633,2244
27,2022-11-04,Omnisis,1352,2244
28,2022-11-04,Opinium,1445,2244
27,2022-11-06,Redfield & Wilton,2000,2244
29,2022-11-07,Deltapoll,1049,2245
30,2022-11-10,Techne UK,1628,2245
28,2022-11-10,Redfield & Wilton,1500,2245
26,2022-11-11,Omnisis,1181,2245
26,2022-11-13,Redfield & Wilton,2000,2245
27,2022-11-14,Deltapoll,1060,2246
26,2022-11-16,YouGov,1682,2246
27,2022-11-17,Redfield & Wilton,1500,2246
21,2022-11-17,Omnisis,1159,2246
28,2022-11-17,Techne,1628,2246
21,2022-11-18,PeoplePolling,1331,2246
28,2022-11-18,Opinium,1437,2246
25,2022-11-19,Deltapoll,1604,2246
28,2022-11-20,Redfield & Wilton,2000,2246
24,2022-11-23,PeoplePolling,1145,2247
25,2022-11-24,Omnisis,1174,2247
27,2022-11-24,Techne,1625,2247
27,2022-11-27,Redfield & Wilton,2000,2247
30,2022-11-28,Deltapoll,1062,2248
21,2022-11-30,PeoplePolling,1145,2248
22,2022-11-30,YouGov,1637,2248
26,2022-12-01,Techne,1632,2248
28,2022-12-01,BMG,1571,2248
25,2022-12-02,Omnisis,1189,2248
26,2022-12-04,Redfield & Wilton,2000,2248
28,2022-12-05,Deltapoll,1632,2249
24,2022-12-07,YouGov,1696,2249
27,2022-12-08,Techne,1625,2249
30,2022-12-09,Omnisis,1294,2249
29,2022-12-11,Redfield & Wilton,2000,2249
29,2022-12-11,Savanta,2194,2249
29,2022-12-12,Kantar,1097,2250
32,2022-12-12,Deltapoll,1088,2250
24,2022-12-14,PeoplePolling,1231,2250
26,2022-12-15,Omnisis,1216,2250
23,2022-12-15,YouGov,1690,2250
28,2022-12-15,Techne,1631,2250
29,2022-12-16,Opinium,1418,2250
28,2022-12-18,Savanta,2024,2250
22,2022-12-21,PeoplePolling,1690,2251
24,2022-12-21,YouGov,1672,2251
25,2022-12-22,Omnisis,1243,2251
28,2022-12-22,Techne UK,1633,2251
19,2022-12-28,PeoplePolling,1169,2252
27,2023-01-03,Redfield & Wilton,2000,2301
25,2023-01-05,YouGov,1709,2301
25,2023-01-05,Techne,1625,2301
27,2023-01-06,Omnisis,1285,2301
31,2023-01-07,Deltapoll,1593,2301
26,2023-01-08,Redfield & Wilton,2000,2301
21,2023-01-11,PeoplePolling,1160,2302
26,2023-01-12,Techne,1636,2302
29,2023-01-13,Opinium,2000,2302
27,2023-01-15,Redfield & Wilton,2000,2302
29,2023-01-16,Deltapoll,1059,2303
21,2023-01-18,PeoplePolling,1168,2303
27,2023-01-19,Techne UK,1625,2303
24,2023-01-20,Omnisis,1268,2303
30,2023-01-21,Deltapoll,1563,2303
26,2023-01-22,Redfield & Wilton,2000,2303
21,2023-01-24,PeoplePolling,1270,2304
26,2023-01-26,Omnisis,1268,2304
26,2023-01-26,Techne UK,1631,2304
28,2023-01-29,Redfield & Wilton,2000,2304
29,2023-01-30,Deltapoll,1057,2305
22,2023-02-01,PeoplePolling,1139,2305
24,2023-02-01,YouGov,2006,2305
27,2023-02-02,Techne UK,1634,2305
24,2023-02-03,Omnisis,1324,2305
24,2023-02-05,Redfield & Wilton,2000,2305
29,2023-02-06,Deltapoll,1831,2306
26,2023-02-09,Techne UK,1627,2306
21,2023-02-09,PeoplePolling,1229,2306
26,2023-02-10,Omnisis,1284,2306
27,2023-02-12,Redfield & Wilton,2000,2306
28,2023-02-13,Deltapoll,1004,2307
21,2023-02-15,PeoplePolling,1148,2307
27,2023-02-16,Techne UK,1631,2307
25,2023-02-16,Omnisis,1259,2307
28,2023-02-17,Opinium,1451,2307
24,2023-02-18,Redfield & Wilton,2000,2307
31,2023-02-19,Savanta,2103,2307
28,2023-02-20,Kantar Public,1120,2308
28,2023-02-20,Deltapoll,1079,2308
20,2023-02-22,PeoplePolling,1192,2308
29,2023-02-23,BMG,1500,2308
24,2023-02-23,Omnisis,1248,2308
27,2023-02-23,Techne UK,1633,2308
24,2023-02-26,Redfield & Wilton,2000,2308
29,2023-02-26,Savanta,2224,2308
31,2023-02-27,Deltapoll,1060,2309
24,2023-03-01,PeoplePolling,1158,2309
25,2023-03-01,YouGov,2073,2309
25,2023-03-01,Ipsos,1004,2309
29,2023-03-02,Techne UK,1625,2309
25,2023-03-03,Find Out Now / Electoral Calculus,1487,2309
27,2023-03-03,Opinium,1419,2309
26,2023-03-03,Omnisis,1284,2309
32,2023-03-05,Savanta,2138,2309
24,2023-03-05,Redfield & Wilton,2000,2309
31,2023-03-06,Deltapoll,1630,2310
23,2023-03-08,PeoplePolling,1231,2310
29,2023-03-09,Techne,1624,2310
26,2023-03-10,Omnisis,1323,2310
31,2023-03-12,Savanta,2175,2310
27,2023-03-12,Redfield & Wilton,2000,2310
27,2023-03-13,Deltapoll,1561,2311
27,2023-03-16,YouGov,2155,2311
30,2023-03-16,Techne,1632,2311
20,2023-03-17,PeoplePolling,1289,2311
29,2023-03-17,Opinium,1402,2311
31,2023-03-19,Savanta,2175,2311
26,2023-03-19,Redfield & Wilton,2000,2311
31,2023-03-20,Survation,1003,2312
35,2023-03-20,Deltapoll,1054,2312
22,2023-03-22,PeoplePolling,1175,2312
23,2023-03-22,YouGov,2026,2312
31,2023-03-23,Techne,1624,2312
29,2023-03-24,Omnisis,1382,2312
29,2023-03-26,Savanta,2097,2312
27,2023-03-26,Redfield & Wilton,2000,2312
30,2023-03-27,Deltapoll,1569,2313
29,2023-03-29,Ipsos,1004,2313
24,2023-03-29,PeoplePolling,1209,2313
27,2023-03-29,Omnisis,1344,2313
26,2023-03-30,YouGov,2002,2313
30,2023-03-30,Techne,1633,2313
29,2023-03-31,Opinium,2050,2313
29,2023-04-02,Redfield & Wilton,2000,2313
27,2023-04-03,Deltapoll,1587,2314
26,2023-04-06,Omnisis,1328,2314
30,2023-04-06,Opinium,2081,2314
30,2023-04-06,Techne,1629,2314
30,2023-04-09,Redfield & Wilton,2000,2314
30,2023-04-13,Techne,1630,2315
28,2023-04-14,Opinium,1370,2315
32,2023-04-16,Redfield & Wilton,2000,2315
29,2023-04-17,Deltapoll,1567,2316
31,2023-04-20,Techne,1626,2316
27,2023-04-21,Omnisis,1318,2316
29,2023-04-23,Redfield & Wilton,2000,2316
30,2023-04-26,Deltapoll,1576,2317
27,2023-04-27,YouGov,2111,2317
30,2023-04-27,Techne,1627,2317
28,2023-04-28,Omnisis,1352,2317
26,2023-04-28,Opinium,1425,2317
31,2023-04-30,Savanta,2241,2317
28,2023-04-30,Redfield & Wilton,2000,2317
29,2023-05-02,Deltapoll,1561,2318
29,2023-05-03,Techne UK,1632,2318
27,2023-05-05,Omnisis,1355,2318
29,2023-05-07,Redfield & Wilton,2000,2318
28,2023-05-09,Deltapoll,1550,2319
28,2023-05-11,Techne,1625,2319
24,2023-05-12,Omnisis,1355,2319
29,2023-05-12,Opinium,2050,2319
28,2023-05-14,Redfield & Wilton,2000,2319
29,2023-05-15,Deltapoll,1511,2320
25,2023-05-18,YouGov,2006,2320
25,2023-05-18,Omnisis,1389,2320
29,2023-05-18,Techne,1633,2320
30,2023-05-21,Redfield & Wilton,2000,2320
30,2023-05-21,Savanta,2043,2320
30,2023-05-22,Deltapoll,1575,2321
29,2023-05-22,Kantar Public,1143,2321
30,2023-05-25,Techne,1625,2321
28,2023-05-26,Opinium,2062,2321
25,2023-05-26,YouGov,2072,2321
28,2023-05-26,Omnisis,1361,2321
31,2023-05-28,Savanta,2223,2321
28,2023-05-28,Redfield & Wilton,2000,2321
25,2023-05-31,YouGov,2000,2322
27,2023-05-31,BMG,1529,2322
29,2023-06-01,Techne,1630,2322
25,2023-06-02,Omnisis,1351,2322
30,2023-06-04,Savanta,2109,2322
30,2023-06-04,Redfield & Wilton,2000,2322
29,2023-06-05,Deltapoll,1525,2323
26,2023-06-07,YouGov,2071,2323
29,2023-06-08,Techne,1632,2323
27,2023-06-09,Omnisis,1296,2323
29,2023-06-09,Opinium,1561,2323
28,2023-06-11,Savanta,2023,2323
30,2023-06-11,Redfield & Wilton,2000,2323
31,2023-06-12,Deltapoll,1084,2324
28,2023-06-15,Techne UK,1625,2324
26,2023-06-16,Omnisis,1306,2324
26,2023-06-18,Redfield & Wilton,2000,2324
28,2023-06-18,Savanta,2196,2324
27,2023-06-19,Deltapoll,1554,2325
