rep,date,week
39.54969,2017-04-15,1715
39.59254,2017-04-16,1715
39.58794,2017-04-17,1716
39.58223,2017-04-18,1716
38.84026,2017-04-19,1716
38.83375,2017-04-20,1716
39.77268,2017-04-21,1716
39.7694,2017-04-22,1716
39.76566,2017-04-23,1716
39.76336,2017-04-24,1717
40.03537,2017-04-25,1717
40.27968,2017-04-26,1717
40.2783,2017-04-27,1717
40.27708,2017-04-28,1717
40.27623,2017-04-29,1717
40.2748,2017-04-30,1717
40.26677,2017-05-01,1718
40.26557,2017-05-02,1718
40.2158,2017-05-03,1718
40.21423,2017-05-04,1718
40.21287,2017-05-05,1718
40.21222,2017-05-06,1718
40.03039,2017-05-07,1718
40.02834,2017-05-08,1719
40.0264,2017-05-09,1719
39.64114,2017-05-10,1719
39.63644,2017-05-11,1719
39.56344,2017-05-12,1719
39.55898,2017-05-13,1719
39.55384,2017-05-14,1719
39.27381,2017-05-15,1720
39.26698,2017-05-16,1720
39.1219,2017-05-17,1720
39.11496,2017-05-18,1720
39.10622,2017-05-19,1720
39.09966,2017-05-20,1720
39.09417,2017-05-21,1720
39.08649,2017-05-22,1721
39.02171,2017-05-23,1721
38.79729,2017-05-24,1721
38.65286,2017-05-25,1721
38.51482,2017-05-26,1721
38.51439,2017-05-27,1721
38.3661,2017-05-28,1721
38.41693,2017-05-29,1722
38.34029,2017-05-30,1722
38.25547,2017-05-31,1722
38.37668,2017-06-01,1722
38.33481,2017-06-02,1722
38.27157,2017-06-03,1722
38.29945,2017-06-04,1722
38.2037,2017-06-05,1723
38.35842,2017-06-06,1723
38.5397,2017-06-07,1723
38.51409,2017-06-08,1723
38.47421,2017-06-09,1723
38.44493,2017-06-10,1723
38.44344,2017-06-11,1723
38.51061,2017-06-12,1724
38.54833,2017-06-13,1724
38.57899,2017-06-14,1724
38.63037,2017-06-15,1724
38.58621,2017-06-16,1724
38.59926,2017-06-17,1724
38.51381,2017-06-18,1724
38.46207,2017-06-19,1725
38.36554,2017-06-20,1725
38.60004,2017-06-21,1725
38.62903,2017-06-22,1725
38.61768,2017-06-23,1725
38.60323,2017-06-24,1725
38.62662,2017-06-25,1725
38.60893,2017-06-26,1726
38.55878,2017-06-27,1726
38.9292,2017-06-28,1726
38.94157,2017-06-29,1726
38.92469,2017-06-30,1726
38.94341,2017-07-01,1726
38.96311,2017-07-02,1726
38.96517,2017-07-03,1727
38.97547,2017-07-04,1727
38.95946,2017-07-05,1727
38.96325,2017-07-06,1727
38.94911,2017-07-07,1727
38.92237,2017-07-08,1727
38.92398,2017-07-09,1727
38.91554,2017-07-10,1728
38.89559,2017-07-11,1728
38.76581,2017-07-12,1728
38.76704,2017-07-13,1728
38.65548,2017-07-14,1728
38.64195,2017-07-15,1728
38.66561,2017-07-16,1728
38.69371,2017-07-17,1729
38.74165,2017-07-18,1729
38.70926,2017-07-19,1729
38.72298,2017-07-20,1729
38.72415,2017-07-21,1729
38.69889,2017-07-22,1729
38.67142,2017-07-23,1729
38.6943,2017-07-24,1730
38.70665,2017-07-25,1730
38.66378,2017-07-26,1730
38.63931,2017-07-27,1730
38.63885,2017-07-28,1730
38.54149,2017-07-29,1730
38.46989,2017-07-30,1730
38.43682,2017-07-31,1731
38.51077,2017-08-01,1731
38.40768,2017-08-02,1731
38.42025,2017-08-03,1731
38.42327,2017-08-04,1731
38.43772,2017-08-05,1731
38.41124,2017-08-06,1731
38.6648,2017-08-07,1732
38.6642,2017-08-08,1732
38.63617,2017-08-09,1732
38.62631,2017-08-10,1732
38.62088,2017-08-11,1732
38.62895,2017-08-12,1732
38.83564,2017-08-13,1732
38.81948,2017-08-14,1733
38.78865,2017-08-15,1733
38.82664,2017-08-16,1733
38.78311,2017-08-17,1733
38.86123,2017-08-18,1733
38.85271,2017-08-19,1733
38.82054,2017-08-20,1733
38.80647,2017-08-21,1734
38.55369,2017-08-22,1734
38.45145,2017-08-23,1734
38.44606,2017-08-24,1734
38.43987,2017-08-25,1734
38.43272,2017-08-26,1734
38.42961,2017-08-27,1734
38.40829,2017-08-28,1735
38.57202,2017-08-29,1735
38.49239,2017-08-30,1735
38.51167,2017-08-31,1735
38.52526,2017-09-01,1735
38.52457,2017-09-02,1735
38.52496,2017-09-03,1735
38.5479,2017-09-04,1736
38.54284,2017-09-05,1736
38.49465,2017-09-06,1736
38.52722,2017-09-07,1736
38.52381,2017-09-08,1736
38.52408,2017-09-09,1736
38.52552,2017-09-10,1736
38.49796,2017-09-11,1737
38.44426,2017-09-12,1737
38.3179,2017-09-13,1737
38.30017,2017-09-14,1737
38.27617,2017-09-15,1737
38.27292,2017-09-16,1737
38.26887,2017-09-17,1737
38.23755,2017-09-18,1738
38.4682,2017-09-19,1738
38.46859,2017-09-20,1738
38.78325,2017-09-21,1738
38.77669,2017-09-22,1738
38.74265,2017-09-23,1738
38.73804,2017-09-24,1738
38.76467,2017-09-25,1739
38.70516,2017-09-26,1739
38.63993,2017-09-27,1739
38.65917,2017-09-28,1739
38.67527,2017-09-29,1739
38.652589999999996,2017-09-30,1739
38.62055,2017-10-01,1739
38.6601,2017-10-02,1740
38.65017,2017-10-03,1740
38.5905,2017-10-04,1740
38.59029,2017-10-05,1740
38.57064,2017-10-06,1740
38.87248,2017-10-07,1740
38.87548,2017-10-08,1740
38.86452,2017-10-09,1741
38.83503,2017-10-10,1741
38.998779999999996,2017-10-11,1741
38.99185,2017-10-12,1741
39.01051,2017-10-13,1741
39.01608,2017-10-14,1741
39.13071,2017-10-15,1741
38.92997,2017-10-16,1742
38.88166,2017-10-17,1742
38.88698,2017-10-18,1742
38.87792,2017-10-19,1742
38.85396,2017-10-20,1742
38.85003,2017-10-21,1742
38.84957,2017-10-22,1742
38.83587,2017-10-23,1743
38.77254,2017-10-24,1743
38.19822,2017-10-25,1743
38.18012,2017-10-26,1743
38.24512,2017-10-27,1743
38.25982,2017-10-28,1743
38.27192,2017-10-29,1743
38.34804,2017-10-30,1744
38.23504,2017-10-31,1744
38.28885,2017-11-01,1744
38.74829,2017-11-02,1744
38.72364,2017-11-03,1744
38.73275,2017-11-04,1744
38.72309,2017-11-05,1744
38.73233,2017-11-06,1745
38.76471,2017-11-07,1745
38.73701,2017-11-08,1745
38.74792,2017-11-09,1745
38.54235,2017-11-10,1745
38.52604,2017-11-11,1745
38.47592,2017-11-12,1745
38.60668,2017-11-13,1746
38.54471,2017-11-14,1746
38.51366,2017-11-15,1746
38.66628,2017-11-16,1746
38.67667,2017-11-17,1746
38.67415,2017-11-18,1746
38.6763,2017-11-19,1746
38.62109,2017-11-20,1747
38.61324,2017-11-21,1747
38.58498,2017-11-22,1747
38.57326,2017-11-23,1747
38.55476,2017-11-24,1747
38.56549,2017-11-25,1747
38.56412,2017-11-26,1747
38.54377,2017-11-27,1748
38.56044,2017-11-28,1748
38.57858,2017-11-29,1748
38.54681,2017-11-30,1748
38.53508,2017-12-01,1748
38.55525,2017-12-02,1748
38.55193,2017-12-03,1748
38.5934,2017-12-04,1749
38.41041,2017-12-05,1749
38.44319,2017-12-06,1749
38.41838,2017-12-07,1749
38.31927,2017-12-08,1749
38.30655,2017-12-09,1749
38.286,2017-12-10,1749
38.27531,2017-12-11,1750
38.24041,2017-12-12,1750
38.21791,2017-12-13,1750
38.19808,2017-12-14,1750
38.20153,2017-12-15,1750
38.15981,2017-12-16,1750
38.10561,2017-12-17,1750
37.99016,2017-12-18,1751
38.01693,2017-12-19,1751
38.00767,2017-12-20,1751
38.00803,2017-12-21,1751
38.00539,2017-12-22,1751
37.98666,2017-12-23,1751
37.96964,2017-12-24,1751
37.96045,2017-12-25,1752
37.94717,2017-12-26,1752
37.96007,2017-12-27,1752
37.94341,2017-12-28,1752
37.94307,2017-12-29,1752
37.95273,2017-12-30,1752
37.94475,2017-12-31,1752
37.96498,2018-01-01,1801
37.96014,2018-01-02,1801
37.97363,2018-01-03,1801
37.98395,2018-01-04,1801
37.97926,2018-01-05,1801
37.96519,2018-01-06,1801
37.97083,2018-01-07,1801
37.95904,2018-01-08,1802
37.94481,2018-01-09,1802
37.89214,2018-01-10,1802
38.14741,2018-01-11,1802
38.21721,2018-01-12,1802
38.25809,2018-01-13,1802
38.26104,2018-01-14,1802
38.25537,2018-01-15,1803
38.22751,2018-01-16,1803
38.34714,2018-01-17,1803
38.48107,2018-01-18,1803
38.72799,2018-01-19,1803
38.73733,2018-01-20,1803
38.73229,2018-01-21,1803
38.72936,2018-01-22,1804
38.74224,2018-01-23,1804
38.71713,2018-01-24,1804
38.71304,2018-01-25,1804
38.62988,2018-01-26,1804
38.63848,2018-01-27,1804
38.63324,2018-01-28,1804
38.62793,2018-01-29,1805
38.64938,2018-01-30,1805
39.06176,2018-01-31,1805
39.06191,2018-02-01,1805
39.08243,2018-02-02,1805
39.1833,2018-02-03,1805
39.18093,2018-02-04,1805
39.18943,2018-02-05,1806
39.26204,2018-02-06,1806
39.30711,2018-02-07,1806
39.37261,2018-02-08,1806
39.40509,2018-02-09,1806
39.41068,2018-02-10,1806
39.41037,2018-02-11,1806
39.46428,2018-02-12,1807
39.4793,2018-02-13,1807
39.42395,2018-02-14,1807
39.44693,2018-02-15,1807
39.46323,2018-02-16,1807
39.48278,2018-02-17,1807
39.48896,2018-02-18,1807
39.49736,2018-02-19,1808
39.29988,2018-02-20,1808
39.20171,2018-02-21,1808
39.20059,2018-02-22,1808
39.13171,2018-02-23,1808
39.0286,2018-02-24,1808
38.74041,2018-02-25,1808
38.74363,2018-02-26,1809
38.75236,2018-02-27,1809
38.77857,2018-02-28,1809
38.74345,2018-03-01,1809
38.7306,2018-03-02,1809
38.72554,2018-03-03,1809
38.72456,2018-03-04,1809
38.7655,2018-03-05,1810
38.80971,2018-03-06,1810
38.85964,2018-03-07,1810
38.87531,2018-03-08,1810
38.91505,2018-03-09,1810
38.9125,2018-03-10,1810
38.92477,2018-03-11,1810
38.87954,2018-03-12,1811
38.86286,2018-03-13,1811
38.89949,2018-03-14,1811
38.87471,2018-03-15,1811
38.8666,2018-03-16,1811
38.89455,2018-03-17,1811
38.903,2018-03-18,1811
38.9003,2018-03-19,1812
38.94453,2018-03-20,1812
39.15152,2018-03-21,1812
39.26216,2018-03-22,1812
39.23586,2018-03-23,1812
39.22908,2018-03-24,1812
39.22664,2018-03-25,1812
39.17179,2018-03-26,1813
39.18334,2018-03-27,1813
39.16816,2018-03-28,1813
39.18523,2018-03-29,1813
39.12246,2018-03-30,1813
39.11862,2018-03-31,1813
39.1049,2018-04-01,1813
39.09925,2018-04-02,1814
39.11213,2018-04-03,1814
39.10566,2018-04-04,1814
39.09278,2018-04-05,1814
39.0902,2018-04-06,1814
39.09188,2018-04-07,1814
39.06021,2018-04-08,1814
39.0522,2018-04-09,1815
39.20788,2018-04-10,1815
39.21338,2018-04-11,1815
39.38755,2018-04-12,1815
39.40103,2018-04-13,1815
39.40671,2018-04-14,1815
39.40228,2018-04-15,1815
39.41116,2018-04-16,1816
39.41985,2018-04-17,1816
39.42036,2018-04-18,1816
39.41296,2018-04-19,1816
39.44077,2018-04-20,1816
39.44967,2018-04-21,1816
39.45456,2018-04-22,1816
39.47554,2018-04-23,1817
39.44467,2018-04-24,1817
39.36832,2018-04-25,1817
39.37968,2018-04-26,1817
39.35692,2018-04-27,1817
39.36635,2018-04-28,1817
39.38965,2018-04-29,1817
39.401,2018-04-30,1818
39.35315,2018-05-01,1818
39.53321,2018-05-02,1818
39.54507,2018-05-03,1818
39.55251,2018-05-04,1818
39.56688,2018-05-05,1818
39.80382,2018-05-06,1818
39.80471,2018-05-07,1819
39.80046,2018-05-08,1819
39.78256,2018-05-09,1819
39.78874,2018-05-10,1819
39.78112,2018-05-11,1819
39.7961,2018-05-12,1819
39.61033,2018-05-13,1819
39.6066,2018-05-14,1820
39.62316,2018-05-15,1820
39.65336,2018-05-16,1820
39.64988,2018-05-17,1820
39.73747,2018-05-18,1820
39.78471,2018-05-19,1820
39.77643,2018-05-20,1820
39.7601,2018-05-21,1821
39.77067,2018-05-22,1821
39.79304,2018-05-23,1821
39.77745,2018-05-24,1821
39.76337,2018-05-25,1821
39.80996,2018-05-26,1821
39.81036,2018-05-27,1821
39.81301,2018-05-28,1822
39.80723,2018-05-29,1822
39.83806,2018-05-30,1822
39.88438,2018-05-31,1822
39.90821,2018-06-01,1822
39.89073,2018-06-02,1822
39.89201,2018-06-03,1822
39.91348,2018-06-04,1823
39.75983,2018-06-05,1823
39.77732,2018-06-06,1823
39.71898,2018-06-07,1823
39.69992,2018-06-08,1823
39.69417,2018-06-09,1823
39.69089,2018-06-10,1823
39.71624,2018-06-11,1824
39.70761,2018-06-12,1824
39.85603,2018-06-13,1824
39.89617,2018-06-14,1824
39.9239,2018-06-15,1824
39.92935,2018-06-16,1824
39.93852,2018-06-17,1824
40.204,2018-06-18,1825
40.345,2018-06-19,1825
40.37374,2018-06-20,1825
40.36769,2018-06-21,1825
40.36047,2018-06-22,1825
40.36151,2018-06-23,1825
40.37884,2018-06-24,1825
40.36627,2018-06-25,1826
40.32657,2018-06-26,1826
40.36032,2018-06-27,1826
40.35971,2018-06-28,1826
40.31274,2018-06-29,1826
40.2384,2018-06-30,1826
40.22647,2018-07-01,1826
40.23428,2018-07-02,1827
39.77711,2018-07-03,1827
39.82418,2018-07-04,1827
39.80405,2018-07-05,1827
39.78066,2018-07-06,1827
39.78559,2018-07-07,1827
39.84469,2018-07-08,1827
39.81425,2018-07-09,1828
39.80585,2018-07-10,1828
39.8094,2018-07-11,1828
39.80888,2018-07-12,1828
39.82067,2018-07-13,1828
39.81599,2018-07-14,1828
39.76714,2018-07-15,1828
39.75103,2018-07-16,1829
39.76511,2018-07-17,1829
39.78427,2018-07-18,1829
39.96711,2018-07-19,1829
39.98936,2018-07-20,1829
40.00333,2018-07-21,1829
40.00857,2018-07-22,1829
39.91171,2018-07-23,1830
39.82034,2018-07-24,1830
39.86083,2018-07-25,1830
39.81251,2018-07-26,1830
39.72698,2018-07-27,1830
39.76027,2018-07-28,1830
39.75898,2018-07-29,1830
39.75301,2018-07-30,1831
39.7508,2018-07-31,1831
39.79767,2018-08-01,1831
39.78497,2018-08-02,1831
40.06615,2018-08-03,1831
40.07356,2018-08-04,1831
40.08578,2018-08-05,1831
40.00779,2018-08-06,1832
39.97132,2018-08-07,1832
40.09,2018-08-08,1832
40.05372,2018-08-09,1832
40.04662,2018-08-10,1832
40.00117,2018-08-11,1832
40.006100000000004,2018-08-12,1832
39.83783,2018-08-13,1833
39.82879,2018-08-14,1833
39.91454,2018-08-15,1833
39.92498,2018-08-16,1833
39.99181,2018-08-17,1833
40.0119,2018-08-18,1833
40.00544,2018-08-19,1833
40.19828,2018-08-20,1834
40.20641,2018-08-21,1834
40.00755,2018-08-22,1834
40.0359,2018-08-23,1834
40.01119,2018-08-24,1834
39.96797,2018-08-25,1834
39.91088,2018-08-26,1834
39.89221,2018-08-27,1835
39.93839,2018-08-28,1835
39.99734,2018-08-29,1835
39.8229,2018-08-30,1835
39.72888,2018-08-31,1835
39.62589,2018-09-01,1835
39.61753,2018-09-02,1835
39.59993,2018-09-03,1836
39.58911,2018-09-04,1836
39.88828,2018-09-05,1836
39.85282,2018-09-06,1836
39.85139,2018-09-07,1836
39.88356,2018-09-08,1836
39.88341,2018-09-09,1836
39.88277,2018-09-10,1837
39.86387,2018-09-11,1837
39.64524,2018-09-12,1837
39.70305,2018-09-13,1837
39.81883,2018-09-14,1837
39.90475,2018-09-15,1837
39.90728,2018-09-16,1837
39.89773,2018-09-17,1838
40.18597,2018-09-18,1838
40.34584,2018-09-19,1838
40.35767,2018-09-20,1838
40.49044,2018-09-21,1838
40.50631,2018-09-22,1838
40.85016,2018-09-23,1838
40.88258,2018-09-24,1839
40.98256,2018-09-25,1839
40.90758,2018-09-26,1839
40.92422,2018-09-27,1839
40.94309,2018-09-28,1839
40.95899,2018-09-29,1839
40.93609,2018-09-30,1839
40.97352,2018-10-01,1840
41.08334,2018-10-02,1840
41.26046,2018-10-03,1840
41.34945,2018-10-04,1840
41.33501,2018-10-05,1840
41.39424,2018-10-06,1840
41.41088,2018-10-07,1840
41.42923,2018-10-08,1841
41.28965,2018-10-09,1841
41.39679,2018-10-10,1841
41.42537,2018-10-11,1841
41.46049,2018-10-12,1841
41.49424,2018-10-13,1841
41.58846,2018-10-14,1841
40.92458,2018-10-15,1842
40.89948,2018-10-16,1842
41.33665,2018-10-17,1842
41.29708,2018-10-18,1842
41.29103,2018-10-19,1842
41.35004,2018-10-20,1842
41.31881,2018-10-21,1842
41.30983,2018-10-22,1843
41.29852,2018-10-23,1843
41.74267,2018-10-24,1843
41.96029,2018-10-25,1843
41.94641,2018-10-26,1843
42.04225,2018-10-27,1843
42.06704,2018-10-28,1843
41.83323,2018-10-29,1844
41.92432,2018-10-30,1844
41.69167,2018-10-31,1844
41.84699,2018-11-01,1844
42.17579,2018-11-02,1844
42.19696,2018-11-03,1844
42.19392,2018-11-04,1844
42.04837,2018-11-05,1845
42.04514,2018-11-06,1845
41.28944,2019-04-01,1914
41.45313,2019-04-02,1914
41.43464,2019-04-03,1914
41.42752,2019-04-04,1914
41.40292,2019-04-05,1914
41.38871,2019-04-06,1914
41.37721,2019-04-07,1914
41.36514,2019-04-08,1915
40.4033,2019-04-09,1915
40.3871,2019-04-10,1915
40.353,2019-04-11,1915
40.34392,2019-04-12,1915
40.31652,2019-04-13,1915
40.28785,2019-04-14,1915
40.24153,2019-04-15,1916
40.40586,2019-04-16,1916
40.36037,2019-04-17,1916
40.34004,2019-04-18,1916
40.29153,2019-04-19,1916
40.26496,2019-04-20,1916
40.22665,2019-04-21,1916
40.20913,2019-04-22,1917
40.18821,2019-04-23,1917
40.19793,2019-04-24,1917
39.84409,2019-04-25,1917
39.79105,2019-04-26,1917
39.79044,2019-04-27,1917
39.76756,2019-04-28,1917
39.76272,2019-04-29,1918
39.78912,2019-04-30,1918
39.76313,2019-05-01,1918
39.72509,2019-05-02,1918
39.68132,2019-05-03,1918
39.69585,2019-05-04,1918
39.68107,2019-05-05,1918
39.66858,2019-05-06,1919
39.67912,2019-05-07,1919
39.67448,2019-05-08,1919
39.66973,2019-05-09,1919
39.66517,2019-05-10,1919
39.66537,2019-05-11,1919
39.65573,2019-05-12,1919
39.65493,2019-05-13,1920
39.57984,2019-05-14,1920
39.60784,2019-05-15,1920
39.61678,2019-05-16,1920
40.36371,2019-05-17,1920
40.39115,2019-05-18,1920
40.39439,2019-05-19,1920
40.40054,2019-05-20,1921
40.38334,2019-05-21,1921
40.36238,2019-05-22,1921
40.3856,2019-05-23,1921
40.36407,2019-05-24,1921
40.36996,2019-05-25,1921
40.37756,2019-05-26,1921
40.38145,2019-05-27,1922
40.40746,2019-05-28,1922
40.02679,2019-05-29,1922
40.04374,2019-05-30,1922
40.04514,2019-05-31,1922
40.0698,2019-06-01,1922
40.06861,2019-06-02,1922
40.09133,2019-06-03,1923
40.08778,2019-06-04,1923
40.16652,2019-06-05,1923
40.14805,2019-06-06,1923
40.14252,2019-06-07,1923
40.16334,2019-06-08,1923
40.16163,2019-06-09,1923
40.16044,2019-06-10,1924
40.14495,2019-06-11,1924
39.9311,2019-06-12,1924
39.92536,2019-06-13,1924
39.93633,2019-06-14,1924
39.95706,2019-06-15,1924
39.95296,2019-06-16,1924
39.94883,2019-06-17,1925
39.92918,2019-06-18,1925
39.83319,2019-06-19,1925
39.84422,2019-06-20,1925
39.84185,2019-06-21,1925
39.84573,2019-06-22,1925
39.84153,2019-06-23,1925
39.84026,2019-06-24,1926
39.92038,2019-06-25,1926
40.31006,2019-06-26,1926
40.3126,2019-06-27,1926
40.31369,2019-06-28,1926
40.31758,2019-06-29,1926
40.31923,2019-06-30,1926
40.30474,2019-07-01,1927
40.19974,2019-07-02,1927
40.11223,2019-07-03,1927
40.10896,2019-07-04,1927
40.10572,2019-07-05,1927
40.10244,2019-07-06,1927
40.1004,2019-07-07,1927
40.09652,2019-07-08,1928
40.09554,2019-07-09,1928
39.94491,2019-07-10,1928
39.93577,2019-07-11,1928
39.92553,2019-07-12,1928
39.92585,2019-07-13,1928
39.92063,2019-07-14,1928
39.91531,2019-07-15,1929
39.76233,2019-07-16,1929
39.81065,2019-07-17,1929
39.79322,2019-07-18,1929
39.78997,2019-07-19,1929
39.78404,2019-07-20,1929
39.77873,2019-07-21,1929
39.77521,2019-07-22,1930
39.78093,2019-07-23,1930
39.84141,2019-07-24,1930
39.84631,2019-07-25,1930
39.85066,2019-07-26,1930
39.83454,2019-07-27,1930
39.83081,2019-07-28,1930
40.1701,2019-07-29,1931
40.26167,2019-07-30,1931
40.02669,2019-07-31,1931
40.02567,2019-08-01,1931
40.00642,2019-08-02,1931
40.00154,2019-08-03,1931
39.99811,2019-08-04,1931
40.00048,2019-08-05,1932
40.00037,2019-08-06,1932
39.91631,2019-08-07,1932
39.9154,2019-08-08,1932
39.93319,2019-08-09,1932
39.93864,2019-08-10,1932
39.93604,2019-08-11,1932
39.92356,2019-08-12,1933
39.90766,2019-08-13,1933
39.86102,2019-08-14,1933
39.86505,2019-08-15,1933
39.86878,2019-08-16,1933
39.87407,2019-08-17,1933
39.87093,2019-08-18,1933
39.86655,2019-08-19,1934
39.85416,2019-08-20,1934
39.8539,2019-08-21,1934
39.852,2019-08-22,1934
39.85015,2019-08-23,1934
39.8542,2019-08-24,1934
39.8508,2019-08-25,1934
39.83502,2019-08-26,1935
39.8362,2019-08-27,1935
39.72646,2019-08-28,1935
39.72443,2019-08-29,1935
39.73793,2019-08-30,1935
39.73233,2019-08-31,1935
39.72641,2019-09-01,1935
39.7198,2019-09-02,1936
39.71645,2019-09-03,1936
39.84694,2019-09-04,1936
39.84674,2019-09-05,1936
39.82887,2019-09-06,1936
39.81862,2019-09-07,1936
39.81559,2019-09-08,1936
39.81292,2019-09-09,1937
39.82413,2019-09-10,1937
39.74813,2019-09-11,1937
39.77767,2019-09-12,1937
39.77914,2019-09-13,1937
39.82337,2019-09-14,1937
40.01473,2019-09-15,1937
40.00341,2019-09-16,1938
40.00705,2019-09-17,1938
40.00608,2019-09-18,1938
40.00001,2019-09-19,1938
39.99981,2019-09-20,1938
40.01879,2019-09-21,1938
40.01768,2019-09-22,1938
40.01696,2019-09-23,1939
40.0184,2019-09-24,1939
40.01021,2019-09-25,1939
40.02592,2019-09-26,1939
39.88061,2019-09-27,1939
39.88371,2019-09-28,1939
39.88213,2019-09-29,1939
39.88017,2019-09-30,1940
39.89654,2019-10-01,1940
40.01859,2019-10-02,1940
40.00826,2019-10-03,1940
40.02098,2019-10-04,1940
40.04895,2019-10-05,1940
40.04708,2019-10-06,1940
40.04539,2019-10-07,1941
40.03913,2019-10-08,1941
40.18811,2019-10-09,1941
40.08614,2019-10-10,1941
40.08596,2019-10-11,1941
40.08556,2019-10-12,1941
40.08598,2019-10-13,1941
39.9946,2019-10-14,1942
40.34586,2019-10-15,1942
40.30826,2019-10-16,1942
40.31409,2019-10-17,1942
40.32357,2019-10-18,1942
40.33614,2019-10-19,1942
40.33772,2019-10-20,1942
40.3403,2019-10-21,1943
40.3301,2019-10-22,1943
40.33887,2019-10-23,1943
40.3376,2019-10-24,1943
40.39457,2019-10-25,1943
40.397534,2019-10-26,1943
40.401616,2019-10-27,1943
40.405547,2019-10-28,1944
40.409524,2019-10-29,1944
40.905767,2019-10-30,1944
40.913607,2019-10-31,1944
40.92072,2019-11-01,1944
40.927774,2019-11-02,1944
41.033188,2019-11-03,1944
41.041145,2019-11-04,1945
41.262725,2019-11-05,1945
41.285764,2019-11-06,1945
41.295563,2019-11-07,1945
41.081455,2019-11-08,1945
41.089407,2019-11-09,1945
41.099199,2019-11-10,1945
41.10669,2019-11-11,1946
41.0655,2019-11-12,1946
41.053626,2019-11-13,1946
41.060438,2019-11-14,1946
41.068123,2019-11-15,1946
41.075547,2019-11-16,1946
41.082441,2019-11-17,1946
41.09013,2019-11-18,1947
41.074449,2019-11-19,1947
41.031253,2019-11-20,1947
41.037305,2019-11-21,1947
41.042789,2019-11-22,1947
41.047154,2019-11-23,1947
41.051889,2019-11-24,1947
41.056558,2019-11-25,1948
40.961857,2019-11-26,1948
40.989777,2019-11-27,1948
40.99381,2019-11-28,1948
40.996822,2019-11-29,1948
40.999649,2019-11-30,1948
41.00217,2019-12-01,1948
41.003698,2019-12-02,1949
41.067988,2019-12-03,1949
41.094136,2019-12-04,1949
41.09757,2019-12-05,1949
41.101034,2019-12-06,1949
41.10377,2019-12-07,1949
41.106265,2019-12-08,1949
40.74926,2019-12-09,1950
40.748641,2019-12-10,1950
40.741191,2019-12-11,1950
40.593352,2019-12-12,1950
40.591344,2019-12-13,1950
40.589284,2019-12-14,1950
40.587062,2019-12-15,1950
40.584695,2019-12-16,1951
40.582038,2019-12-17,1951
40.718726,2019-12-18,1951
40.719785,2019-12-19,1951
40.720003,2019-12-20,1951
40.720024,2019-12-21,1951
40.719407,2019-12-22,1951
40.861068,2019-12-23,1952
40.862741,2019-12-24,1952
40.892501,2019-12-25,1952
40.893228,2019-12-26,1952
40.893882,2019-12-27,1952
40.895744,2019-12-28,1952
40.89774,2019-12-29,1952
40.899572,2019-12-30,1901
40.901499,2019-12-31,1901
40.889573,2020-01-01,2001
40.891777,2020-01-02,2001
40.893956,2020-01-03,2001
40.89612,2020-01-04,2001
40.898045,2020-01-05,2001
40.90018,2020-01-06,2002
40.902419,2020-01-07,2002
40.890215,2020-01-08,2002
40.89229,2020-01-09,2002
40.894087,2020-01-10,2002
40.896185,2020-01-11,2002
40.898226,2020-01-12,2002
40.900834,2020-01-13,2003
40.903461,2020-01-14,2003
41.121264,2020-01-15,2003
41.125978,2020-01-16,2003
41.132387,2020-01-17,2003
41.137882,2020-01-18,2003
41.142957,2020-01-19,2003
41.150057,2020-01-20,2004
41.155448,2020-01-21,2004
41.282842,2020-01-22,2004
41.291846,2020-01-23,2004
41.300254,2020-01-24,2004
41.308893,2020-01-25,2004
41.31942,2020-01-26,2004
41.328872,2020-01-27,2005
41.359235,2020-01-28,2005
41.2351,2020-01-29,2005
41.242109,2020-01-30,2005
41.250409,2020-01-31,2005
41.270509,2020-02-01,2005
41.472159,2020-02-02,2005
41.483297,2020-02-03,2006
41.494024,2020-02-04,2006
41.499662,2020-02-05,2006
41.510539,2020-02-06,2006
41.51891,2020-02-07,2006
41.526627,2020-02-08,2006
41.536892,2020-02-09,2006
41.545854,2020-02-10,2007
41.718016,2020-02-11,2007
41.674636,2020-02-12,2007
41.730598,2020-02-13,2007
41.741848,2020-02-14,2007
41.754037,2020-02-15,2007
41.765729,2020-02-16,2007
41.776139,2020-02-17,2008
41.786666,2020-02-18,2008
41.280473,2020-02-19,2008
41.283519,2020-02-20,2008
41.285857,2020-02-21,2008
41.287654,2020-02-22,2008
41.288806,2020-02-23,2008
41.278723,2020-02-24,2009
41.279978,2020-02-25,2009
41.252823,2020-02-26,2009
41.252794,2020-02-27,2009
41.252726,2020-02-28,2009
41.252905,2020-02-29,2009
41.252616,2020-03-01,2009
41.219459,2020-03-02,2010
41.21943,2020-03-03,2010
41.129145,2020-03-04,2010
41.126441,2020-03-05,2010
41.125092,2020-03-06,2010
41.12371,2020-03-07,2010
41.121941,2020-03-08,2010
41.61671,2020-03-09,2011
41.621713,2020-03-10,2011
41.679304,2020-03-11,2011
41.685283,2020-03-12,2011
41.691434,2020-03-13,2011
41.696707,2020-03-14,2011
41.702091,2020-03-15,2011
41.449765,2020-03-16,2012
41.452881,2020-03-17,2012
41.3933,2020-03-18,2012
41.395337,2020-03-19,2012
41.39636,2020-03-20,2012
41.397299,2020-03-21,2012
41.397999,2020-03-22,2012
41.398215,2020-03-23,2013
41.324251,2020-03-24,2013
41.226284,2020-03-25,2013
41.224512,2020-03-26,2013
41.320849,2020-03-27,2013
41.32235,2020-03-28,2013
41.323422,2020-03-29,2013
41.323836,2020-03-30,2014
41.32518,2020-03-31,2014
41.219422,2020-04-01,2014
41.21904,2020-04-02,2014
41.218924,2020-04-03,2014
41.218628,2020-04-04,2014
41.217676,2020-04-05,2014
41.216959,2020-04-06,2015
41.187228,2020-04-07,2015
41.150993,2020-04-08,2015
41.14995,2020-04-09,2015
41.148443,2020-04-10,2015
41.147059,2020-04-11,2015
41.145872,2020-04-12,2015
40.808949,2020-04-13,2016
40.805204,2020-04-14,2016
40.811231,2020-04-15,2016
40.758145,2020-04-16,2016
40.753265,2020-04-17,2016
40.748348,2020-04-18,2016
40.743244,2020-04-19,2016
40.783164,2020-04-20,2017
40.425107,2020-04-21,2017
40.51965,2020-04-22,2017
40.517005,2020-04-23,2017
40.509531,2020-04-24,2017
40.501335,2020-04-25,2017
40.493549,2020-04-26,2017
40.417437,2020-04-27,2018
40.408972,2020-04-28,2018
40.308299,2020-04-29,2018
40.317583,2020-04-30,2018
40.305093,2020-05-01,2018
40.291258,2020-05-02,2018
40.278457,2020-05-03,2018
40.259022,2020-05-04,2019
40.30781,2020-05-05,2019
40.574865,2020-05-06,2019
40.561489,2020-05-07,2019
40.553005,2020-05-08,2019
40.544441,2020-05-09,2019
40.535741,2020-05-10,2019
40.555033,2020-05-11,2020
40.547724,2020-05-12,2020
40.609729,2020-05-13,2020
40.587435,2020-05-14,2020
40.581033,2020-05-15,2020
40.575847,2020-05-16,2020
40.571151,2020-05-17,2020
40.527259,2020-05-18,2021
40.385476,2020-05-19,2021
40.294743,2020-05-20,2021
40.287662,2020-05-21,2021
40.263432,2020-05-22,2021
40.25638,2020-05-23,2021
40.249761,2020-05-24,2021
40.243287,2020-05-25,2022
40.271519,2020-05-26,2022
40.478305,2020-05-27,2022
40.494459,2020-05-28,2022
40.501704,2020-05-29,2022
40.503553,2020-05-30,2022
40.503586,2020-05-31,2022
40.461502,2020-06-01,2023
40.459069,2020-06-02,2023
40.915374,2020-06-03,2023
40.890045,2020-06-04,2023
40.893158,2020-06-05,2023
40.896836,2020-06-06,2023
40.602917,2020-06-07,2023
40.604624,2020-06-08,2024
40.60264,2020-06-09,2024
40.573652,2020-06-10,2024
40.608859,2020-06-11,2024
40.608041,2020-06-12,2024
40.607167,2020-06-13,2024
40.60604,2020-06-14,2024
40.595917,2020-06-15,2025
40.594035,2020-06-16,2025
40.730403,2020-06-17,2025
40.412644,2020-06-18,2025
40.410742,2020-06-19,2025
40.409175,2020-06-20,2025
40.408266,2020-06-21,2025
40.407552,2020-06-22,2026
40.527627,2020-06-23,2026
40.592799,2020-06-24,2026
40.593687,2020-06-25,2026
40.717432,2020-06-26,2026
40.720938,2020-06-27,2026
40.725793,2020-06-28,2026
40.759681,2020-06-29,2027
39.95465,2020-06-30,2027
40.264892,2020-07-01,2027
40.39281,2020-07-02,2027
40.391628,2020-07-03,2027
40.389912,2020-07-04,2027
40.389521,2020-07-05,2027
40.388789,2020-07-06,2028
40.389393,2020-07-07,2028
40.425462,2020-07-08,2028
40.425854,2020-07-09,2028
40.4264,2020-07-10,2028
40.427519,2020-07-11,2028
40.428088,2020-07-12,2028
40.428529,2020-07-13,2029
40.428702,2020-07-14,2029
40.677764,2020-07-15,2029
40.699742,2020-07-16,2029
40.704005,2020-07-17,2029
40.707314,2020-07-18,2029
40.710472,2020-07-19,2029
40.713831,2020-07-20,2030
40.717528,2020-07-21,2030
40.592595,2020-07-22,2030
41.247581,2020-07-23,2030
40.987855,2020-07-24,2030
40.996097,2020-07-25,2030
41.004967,2020-07-26,2030
41.011581,2020-07-27,2031
41.018374,2020-07-28,2031
40.780685,2020-07-29,2031
40.783661,2020-07-30,2031
40.420418,2020-07-31,2031
40.413806,2020-08-01,2031
40.405973,2020-08-02,2031
40.472521,2020-08-03,2032
40.471739,2020-08-04,2032
40.452426,2020-08-05,2032
40.447426,2020-08-06,2032
40.443875,2020-08-07,2032
40.438891,2020-08-08,2032
40.43358,2020-08-09,2032
40.886481,2020-08-10,2033
40.890414,2020-08-11,2033
40.870825,2020-08-12,2033
40.87273,2020-08-13,2033
41.27248,2020-08-14,2033
41.280376,2020-08-15,2033
41.29224,2020-08-16,2033
41.233845,2020-08-17,2034
41.239123,2020-08-18,2034
41.181013,2020-08-19,2034
40.963756,2020-08-20,2034
40.960206,2020-08-21,2034
40.955208,2020-08-22,2034
40.955735,2020-08-23,2034
40.95653,2020-08-24,2035
40.943746,2020-08-25,2035
40.890335,2020-08-26,2035
41.050488,2020-08-27,2035
41.234603,2020-08-28,2035
41.181087,2020-08-29,2035
41.156039,2020-08-30,2035
41.165857,2020-08-31,2036
41.189758,2020-09-01,2036
41.315908,2020-09-02,2036
41.341277,2020-09-03,2036
41.349757,2020-09-04,2036
41.372076,2020-09-05,2036
41.40405,2020-09-06,2036
41.4105,2020-09-07,2037
41.417875,2020-09-08,2037
41.458666,2020-09-09,2037
41.952299,2020-09-10,2037
42.125638,2020-09-11,2037
42.016824,2020-09-12,2037
42.041262,2020-09-13,2037
42.076779,2020-09-14,2038
42.105197,2020-09-15,2038
42.168782,2020-09-16,2038
42.206511,2020-09-17,2038
42.250991,2020-09-18,2038
42.290144,2020-09-19,2038
42.142497,2020-09-20,2038
42.167232,2020-09-21,2039
42.341781,2020-09-22,2039
42.371548,2020-09-23,2039
42.349459,2020-09-24,2039
42.368094,2020-09-25,2039
42.392654,2020-09-26,2039
42.400064,2020-09-27,2039
42.645213,2020-09-28,2040
42.661144,2020-09-29,2040
42.715919,2020-09-30,2040
42.823329,2020-10-01,2040
42.84763,2020-10-02,2040
42.865012,2020-10-03,2040
42.759551,2020-10-04,2040
42.70496,2020-10-05,2041
42.71677,2020-10-06,2041
42.7253,2020-10-07,2041
42.75487,2020-10-08,2041
42.762201,2020-10-09,2041
42.768394,2020-10-10,2041
42.754806,2020-10-11,2041
42.751875,2020-10-12,2042
42.451027,2020-10-13,2042
42.45376,2020-10-14,2042
41.868716,2020-10-15,2042
41.851316,2020-10-16,2042
41.826812,2020-10-17,2042
41.816689,2020-10-18,2042
41.829172,2020-10-19,2043
41.786048,2020-10-20,2043
41.942279,2020-10-21,2043
41.992761,2020-10-22,2043
42.326281,2020-10-23,2043
42.182087,2020-10-24,2043
42.201052,2020-10-25,2043
42.314169,2020-10-26,2044
42.344553,2020-10-27,2044
41.996759,2020-10-28,2044
41.729253,2020-10-29,2044
41.901984,2020-10-30,2044
41.907671,2020-10-31,2044
42.052662,2020-11-01,2044
42.613349,2020-11-02,2045
40.59062,2021-04-01,2113
40.58844,2021-04-02,2113
40.58643,2021-04-03,2113
40.58413,2021-04-04,2113
40.58204,2021-04-05,2114
40.57986,2021-04-06,2114
40.57767,2021-04-07,2114
40.57537,2021-04-08,2114
40.57294,2021-04-09,2114
40.57046,2021-04-10,2114
40.56784,2021-04-11,2114
40.5652,2021-04-12,2115
40.56251,2021-04-13,2115
40.56,2021-04-14,2115
40.55711,2021-04-15,2115
41.38512,2021-04-16,2115
41.38996,2021-04-17,2115
41.39515,2021-04-18,2115
40.61264,2021-04-19,2116
40.9599,2021-04-20,2116
40.93224,2021-04-21,2116
40.9332,2021-04-22,2116
40.93423,2021-04-23,2116
40.93238,2021-04-24,2116
40.93354,2021-04-25,2116
41.18991,2021-04-26,2117
41.18826,2021-04-27,2117
41.20649,2021-04-28,2117
40.57322,2021-04-29,2117
40.74773,2021-04-30,2117
40.74887,2021-05-01,2117
40.75003,2021-05-02,2117
40.75126,2021-05-03,2118
40.75123,2021-05-04,2118
40.75264,2021-05-05,2118
40.75417,2021-05-06,2118
40.75583,2021-05-07,2118
40.75755,2021-05-08,2118
40.75944,2021-05-09,2118
40.76135,2021-05-10,2119
40.76326,2021-05-11,2119
40.76357,2021-05-12,2119
40.7258,2021-05-13,2119
40.21684,2021-05-14,2119
40.21505,2021-05-15,2119
40.21593,2021-05-16,2119
40.21361,2021-05-17,2120
40.21468,2021-05-18,2120
39.33588,2021-05-19,2120
39.32685,2021-05-20,2120
39.23697,2021-05-21,2120
39.23885,2021-05-22,2120
39.24126,2021-05-23,2120
39.24482,2021-05-24,2121
39.54823,2021-05-25,2121
39.79377,2021-05-26,2121
39.79784,2021-05-27,2121
39.80165,2021-05-28,2121
39.8058,2021-05-29,2121
39.80834,2021-05-30,2121
39.81084,2021-05-31,2122
39.81394,2021-06-01,2122
39.81686,2021-06-02,2122
39.82119,2021-06-03,2122
39.82419,2021-06-04,2122
39.82738,2021-06-05,2122
39.82867,2021-06-06,2122
39.82805,2021-06-07,2123
39.82926,2021-06-08,2123
39.83072,2021-06-09,2123
39.83205,2021-06-10,2123
39.83369,2021-06-11,2123
39.83541,2021-06-12,2123
39.83725,2021-06-13,2123
39.83915,2021-06-14,2124
39.84118,2021-06-15,2124
39.84333,2021-06-16,2124
39.84503,2021-06-17,2124
39.8474,2021-06-18,2124
39.8493,2021-06-19,2124
39.85194,2021-06-20,2124
39.85404,2021-06-21,2125
39.85624,2021-06-22,2125
39.86283,2021-06-23,2125
40.37494,2021-06-24,2125
40.3819,2021-06-25,2125
40.38723,2021-06-26,2125
40.3925,2021-06-27,2125
40.39816,2021-06-28,2126
40.40337,2021-06-29,2126
39.9905,2021-06-30,2126
39.99374,2021-07-01,2126
39.99732,2021-07-02,2126
40.00159,2021-07-03,2126
40.00539,2021-07-04,2126
40.00993,2021-07-05,2127
40.01522,2021-07-06,2127
39.81369,2021-07-07,2127
38.73066,2021-07-08,2127
38.72896,2021-07-09,2127
38.72691,2021-07-10,2127
38.7249,2021-07-11,2127
38.72311,2021-07-12,2128
38.72133,2021-07-13,2128
38.71949,2021-07-14,2128
38.71764,2021-07-15,2128
38.71571,2021-07-16,2128
38.71373,2021-07-17,2128
38.71148,2021-07-18,2128
38.70919,2021-07-19,2129
38.95777,2021-07-20,2129
38.95845,2021-07-21,2129
38.95856,2021-07-22,2129
38.95827,2021-07-23,2129
38.95789,2021-07-24,2129
38.96498,2021-07-25,2129
39.04085,2021-07-26,2130
38.92598,2021-07-27,2130
38.92618,2021-07-28,2130
38.92647,2021-07-29,2130
38.92688,2021-07-30,2130
38.92715,2021-07-31,2130
38.92627,2021-08-01,2130
38.9267,2021-08-02,2131
38.92726,2021-08-03,2131
39.84661,2021-08-04,2131
39.85169,2021-08-05,2131
40.08573,2021-08-06,2131
40.09052,2021-08-07,2131
40.09588,2021-08-08,2131
40.10152,2021-08-09,2132
40.42468,2021-08-10,2132
40.47997,2021-08-11,2132
40.48807,2021-08-12,2132
40.49486,2021-08-13,2132
40.50196,2021-08-14,2132
40.50956,2021-08-15,2132
40.51719,2021-08-16,2133
40.52409,2021-08-17,2133
40.63669,2021-08-18,2133
40.64285,2021-08-19,2133
40.26482,2021-08-20,2133
40.26908,2021-08-21,2133
40.89026,2021-08-22,2133
40.89748,2021-08-23,2134
40.90397,2021-08-24,2134
40.91094,2021-08-25,2134
40.19169,2021-08-26,2134
40.19799,2021-08-27,2134
40.20427,2021-08-28,2134
40.21031,2021-08-29,2134
40.39709,2021-08-30,2135
40.40146,2021-08-31,2135
40.9105,2021-09-01,2135
41.04028,2021-09-02,2135
41.04595,2021-09-03,2135
41.05142,2021-09-04,2135
41.05585,2021-09-05,2135
41.06144,2021-09-06,2136
41.06641,2021-09-07,2136
41.00732,2021-09-08,2136
41.01186,2021-09-09,2136
41.10349,2021-09-10,2136
41.10859,2021-09-11,2136
41.29055,2021-09-12,2136
41.27015,2021-09-13,2137
41.35109,2021-09-14,2137
41.14745,2021-09-15,2137
41.187737,2021-09-16,2137
41.171979,2021-09-17,2137
41.173632,2021-09-18,2137
41.174335,2021-09-19,2137
41.174913,2021-09-20,2138
41.175946,2021-09-21,2138
41.785702,2021-09-22,2138
41.792682,2021-09-23,2138
41.681311,2021-09-24,2138
41.688447,2021-09-25,2138
41.696639,2021-09-26,2138
41.7021,2021-09-27,2139
41.706695,2021-09-28,2139
42.059518,2021-09-29,2139
41.701796,2021-09-30,2139
41.707829,2021-10-01,2139
41.713648,2021-10-02,2139
41.719959,2021-10-03,2139
41.685,2021-10-04,2140
42.018014,2021-10-05,2140
41.887312,2021-10-06,2140
41.894078,2021-10-07,2140
41.580539,2021-10-08,2140
41.583853,2021-10-09,2140
41.586997,2021-10-10,2140
41.59,2021-10-11,2141
41.593183,2021-10-12,2141
41.529658,2021-10-13,2141
41.531357,2021-10-14,2141
41.54813,2021-10-15,2141
41.538007,2021-10-16,2141
41.53966,2021-10-17,2141
41.540681,2021-10-18,2142
41.541818,2021-10-19,2142
41.712436,2021-10-20,2142
41.553944,2021-10-21,2142
41.555895,2021-10-22,2142
41.557723,2021-10-23,2142
41.559489,2021-10-24,2142
41.340226,2021-10-25,2143
41.338263,2021-10-26,2143
41.37037,2021-10-27,2143
41.36929,2021-10-28,2143
41.36715,2021-10-29,2143
41.36609,2021-10-30,2143
41.54601,2021-10-31,2143
40.86164,2021-11-01,2144
40.88869,2021-11-02,2144
41.165447,2021-11-03,2144
41.168903,2021-11-04,2144
41.726908,2021-11-05,2144
41.737129,2021-11-06,2144
42.027297,2021-11-07,2144
42.063757,2021-11-08,2145
42.058914,2021-11-09,2145
41.195708,2021-11-10,2145
41.196489,2021-11-11,2145
41.151,2021-11-12,2145
41.151824,2021-11-13,2145
41.809331,2021-11-14,2145
41.817185,2021-11-15,2146
42.384735,2021-11-16,2146
42.40987,2021-11-17,2146
42.5273,2021-11-18,2146
42.579445,2021-11-19,2146
42.593352,2021-11-20,2146
42.609673,2021-11-21,2146
42.624675,2021-11-22,2147
42.636889,2021-11-23,2147
42.628082,2021-11-24,2147
42.64084,2021-11-25,2147
42.651119,2021-11-26,2147
42.663164,2021-11-27,2147
42.672996,2021-11-28,2147
42.683312,2021-11-29,2148
42.695397,2021-11-30,2148
42.670843,2021-12-01,2148
42.680881,2021-12-02,2148
42.692461,2021-12-03,2148
42.702068,2021-12-04,2148
42.712523,2021-12-05,2148
43.117825,2021-12-06,2149
43.162717,2021-12-07,2149
42.946408,2021-12-08,2149
42.959628,2021-12-09,2149
42.957941,2021-12-10,2149
42.969151,2021-12-11,2149
42.9821,2021-12-12,2149
42.993197,2021-12-13,2150
43.046523,2021-12-14,2150
42.978948,2021-12-15,2150
43.05734,2021-12-16,2150
43.130386,2021-12-17,2150
43.14058,2021-12-18,2150
43.151192,2021-12-19,2150
43.385513,2021-12-20,2151
43.493889,2021-12-21,2151
43.216357,2021-12-22,2151
43.223667,2021-12-23,2151
43.230646,2021-12-24,2151
43.237797,2021-12-25,2151
43.24435,2021-12-26,2151
43.187876,2021-12-27,2152
43.193231,2021-12-28,2152
43.197898,2021-12-29,2152
42.791771,2021-12-30,2152
42.795738,2021-12-31,2152
42.799454,2022-01-01,2252
42.802601,2022-01-02,2252
42.800848,2022-01-03,2201
42.425206,2022-01-04,2201
42.420283,2022-01-05,2201
42.418229,2022-01-06,2201
42.43187,2022-01-07,2201
42.430448,2022-01-08,2201
42.427981,2022-01-09,2201
42.362274,2022-01-10,2202
42.3593,2022-01-11,2202
42.319656,2022-01-12,2202
42.414899,2022-01-13,2202
42.413122,2022-01-14,2202
42.411319,2022-01-15,2202
42.40749,2022-01-16,2202
42.404285,2022-01-17,2203
42.527195,2022-01-18,2203
42.601588,2022-01-19,2203
43.343354,2022-01-20,2203
43.351811,2022-01-21,2203
43.360859,2022-01-22,2203
43.457979,2022-01-23,2203
43.822972,2022-01-24,2204
43.962524,2022-01-25,2204
44.147606,2022-01-26,2204
44.163041,2022-01-27,2204
44.179767,2022-01-28,2204
44.196466,2022-01-29,2204
44.211109,2022-01-30,2204
44.291425,2022-01-31,2205
44.306167,2022-02-01,2205
44.330344,2022-02-02,2205
44.284388,2022-02-03,2205
44.12486,2022-02-04,2205
44.14042,2022-02-05,2205
44.15861,2022-02-06,2205
44.17403,2022-02-07,2206
44.18969,2022-02-08,2206
44.37385,2022-02-09,2206
44.38879,2022-02-10,2206
44.40093,2022-02-11,2206
44.81229,2022-02-12,2206
44.83274,2022-02-13,2206
45.10263,2022-02-14,2207
45.09212,2022-02-15,2207
45.01346,2022-02-16,2207
44.76359,2022-02-17,2207
44.87454,2022-02-18,2207
44.89221,2022-02-19,2207
44.90671,2022-02-20,2207
44.92205,2022-02-21,2208
45.11537,2022-02-22,2208
45.036371,2022-02-23,2208
44.983148,2022-02-24,2208
45.1716,2022-02-25,2208
45.186342,2022-02-26,2208
45.28699,2022-02-27,2208
44.962792,2022-02-28,2209
44.80392,2022-03-01,2209
44.7588,2022-03-02,2209
44.766144,2022-03-03,2209
44.772192,2022-03-04,2209
44.778988,2022-03-05,2209
44.784326,2022-03-06,2209
44.789816,2022-03-07,2210
44.79461,2022-03-08,2210
44.76657,2022-03-09,2210
44.770388,2022-03-10,2210
44.80905,2022-03-11,2210
44.81271,2022-03-12,2210
44.815232,2022-03-13,2210
44.816563,2022-03-14,2211
44.840419,2022-03-15,2211
44.848419,2022-03-16,2211
44.827938,2022-03-17,2211
44.917618,2022-03-18,2211
44.9194,2022-03-19,2211
44.921404,2022-03-20,2211
44.920975,2022-03-21,2212
44.930398,2022-03-22,2212
44.796675,2022-03-23,2212
44.510421,2022-03-24,2212
44.508269,2022-03-25,2212
44.512724,2022-03-26,2212
44.537636,2022-03-27,2212
44.445769,2022-03-28,2213
44.579204,2022-03-29,2213
44.665487,2022-03-30,2213
44.665707,2022-03-31,2213
44.666104,2022-04-01,2213
44.667275,2022-04-02,2213
44.668158,2022-04-03,2213
44.669373,2022-04-04,2214
44.670185,2022-04-05,2214
44.719288,2022-04-06,2214
44.720006,2022-04-07,2214
44.720465,2022-04-08,2214
44.721863,2022-04-09,2214
44.723216,2022-04-10,2214
44.745785,2022-04-11,2215
44.747357,2022-04-12,2215
44.736912,2022-04-13,2215
44.73819,2022-04-14,2215
44.702296,2022-04-15,2215
44.703239,2022-04-16,2215
44.704193,2022-04-17,2215
44.704866,2022-04-18,2216
44.6945,2022-04-19,2216
44.600781,2022-04-20,2216
45.002012,2022-04-21,2216
45.121106,2022-04-22,2216
45.127953,2022-04-23,2216
45.134662,2022-04-24,2216
45.220179,2022-04-25,2217
45.165887,2022-04-26,2217
45.004529,2022-04-27,2217
45.155043,2022-04-28,2217
45.290638,2022-04-29,2217
45.300515,2022-04-30,2217
45.197254,2022-05-01,2217
45.203996,2022-05-02,2218
45.234578,2022-05-03,2218
45.381439,2022-05-04,2218
45.389155,2022-05-05,2218
45.410207,2022-05-06,2218
45.418078,2022-05-07,2218
45.425835,2022-05-08,2218
45.383383,2022-05-09,2219
45.389957,2022-05-10,2219
45.498847,2022-05-11,2219
45.514894,2022-05-12,2219
45.480955,2022-05-13,2219
45.48589,2022-05-14,2219
45.482041,2022-05-15,2219
45.427127,2022-05-16,2220
45.092857,2022-05-17,2220
45.108971,2022-05-18,2220
44.996008,2022-05-19,2220
45.00588,2022-05-20,2220
45.004672,2022-05-21,2220
45.003779,2022-05-22,2220
45.030299,2022-05-23,2221
45.107322,2022-05-24,2221
45.083329,2022-05-25,2221
45.02285,2022-05-26,2221
44.999384,2022-05-27,2221
44.996336,2022-05-28,2221
44.992934,2022-05-29,2221
44.989822,2022-05-30,2222
44.987581,2022-05-31,2222
45.002493,2022-06-01,2222
45.001246,2022-06-02,2222
45.011479,2022-06-03,2222
45.010098,2022-06-04,2222
45.009001,2022-06-05,2222
45.016132,2022-06-06,2223
45.016095,2022-06-07,2223
45.038911,2022-06-08,2223
45.037051,2022-06-09,2223
45.041101,2022-06-10,2223
45.039044,2022-06-11,2223
45.037345,2022-06-12,2223
45.037729,2022-06-13,2224
44.781688,2022-06-14,2224
44.992378,2022-06-15,2224
44.991831,2022-06-16,2224
44.705827,2022-06-17,2224
44.701415,2022-06-18,2224
44.698385,2022-06-19,2224
44.692653,2022-06-20,2225
44.699576,2022-06-21,2225
44.795059,2022-06-22,2225
44.776147,2022-06-23,2225
44.793751,2022-06-24,2225
44.790271,2022-06-25,2225
44.786657,2022-06-26,2225
44.687375,2022-06-27,2226
44.6057,2022-06-28,2226
44.814119,2022-06-29,2226
44.811498,2022-06-30,2226
44.764518,2022-07-01,2226
44.760021,2022-07-02,2226
44.755991,2022-07-03,2226
44.751546,2022-07-04,2227
44.846794,2022-07-05,2227
44.819819,2022-07-06,2227
44.816574,2022-07-07,2227
44.961355,2022-07-08,2227
44.960009,2022-07-09,2227
44.95903,2022-07-10,2227
45.111811,2022-07-11,2228
44.847328,2022-07-12,2228
44.740053,2022-07-13,2228
44.813589,2022-07-14,2228
44.664756,2022-07-15,2228
44.657065,2022-07-16,2228
44.590437,2022-07-17,2228
44.582749,2022-07-18,2229
44.589565,2022-07-19,2229
44.436166,2022-07-20,2229
44.320991,2022-07-21,2229
44.162699,2022-07-22,2229
44.152266,2022-07-23,2229
44.176484,2022-07-24,2229
44.166649,2022-07-25,2230
44.074088,2022-07-26,2230
44.122414,2022-07-27,2230
44.124779,2022-07-28,2230
44.20581,2022-07-29,2230
44.198987,2022-07-30,2230
44.285857,2022-07-31,2230
44.356067,2022-08-01,2231
44.327895,2022-08-02,2231
44.19666,2022-08-03,2231
44.189758,2022-08-04,2231
44.161327,2022-08-05,2231
44.154267,2022-08-06,2231
44.148259,2022-08-07,2231
44.141219,2022-08-08,2232
44.165088,2022-08-09,2232
43.688091,2022-08-10,2232
43.514243,2022-08-11,2232
43.483914,2022-08-12,2232
43.460964,2022-08-13,2232
43.441171,2022-08-14,2232
43.420517,2022-08-15,2233
43.396656,2022-08-16,2233
43.387893,2022-08-17,2233
43.366626,2022-08-18,2233
43.341726,2022-08-19,2233
43.321776,2022-08-20,2233
43.468323,2022-08-21,2233
43.540272,2022-08-22,2234
43.541373,2022-08-23,2234
43.601974,2022-08-24,2234
43.685635,2022-08-25,2234
43.591522,2022-08-26,2234
43.585057,2022-08-27,2234
43.76977,2022-08-28,2234
43.769712,2022-08-29,2235
43.772434,2022-08-30,2235
43.616533,2022-08-31,2235
43.6156,2022-09-01,2235
43.648565,2022-09-02,2235
43.647607,2022-09-03,2235
43.647183,2022-09-04,2235
43.646788,2022-09-05,2236
43.85728,2022-09-06,2236
43.8041,2022-09-07,2236
43.747709,2022-09-08,2236
43.635091,2022-09-09,2236
43.632027,2022-09-10,2236
43.628792,2022-09-11,2236
43.704726,2022-09-12,2237
43.807741,2022-09-13,2237
43.533591,2022-09-14,2237
43.385735,2022-09-15,2237
43.392384,2022-09-16,2237
43.386637,2022-09-17,2237
43.451963,2022-09-18,2237
43.447473,2022-09-19,2238
43.530205,2022-09-20,2238
43.5758,2022-09-21,2238
43.272986,2022-09-22,2238
43.23732,2022-09-23,2238
43.286055,2022-09-24,2238
43.810851,2022-09-25,2238
43.918329,2022-09-26,2239
43.949278,2022-09-27,2239
44.107651,2022-09-28,2239
44.070343,2022-09-29,2239
44.08638,2022-09-30,2239
44.100147,2022-10-01,2239
44.116823,2022-10-02,2239
44.172831,2022-10-03,2240
44.243611,2022-10-04,2240
44.299729,2022-10-05,2240
44.349344,2022-10-06,2240
44.246497,2022-10-07,2240
44.345743,2022-10-08,2240
44.505968,2022-10-09,2240
44.525864,2022-10-10,2241
44.574623,2022-10-11,2241
44.592024,2022-10-12,2241
44.7556,2022-10-13,2241
44.890582,2022-10-14,2241
44.890594,2022-10-15,2241
44.812696,2022-10-16,2241
44.646964,2022-10-17,2242
44.869066,2022-10-18,2242
44.978455,2022-10-19,2242
45.00577,2022-10-20,2242
45.091721,2022-10-21,2242
45.107169,2022-10-22,2242
45.167503,2022-10-23,2242
45.063925,2022-10-24,2243
45.217033,2022-10-25,2243
45.303723,2022-10-26,2243
45.619823,2022-10-27,2243
45.76245,2022-10-28,2243
45.792287,2022-10-29,2243
45.939497,2022-10-30,2243
46.019489,2022-10-31,2244
46.119525,2022-11-01,2244
46.41421,2022-11-02,2244
46.43209,2022-11-03,2244
46.464413,2022-11-04,2244
46.493154,2022-11-05,2244
46.566844,2022-11-06,2244
46.889239,2022-11-07,2245
46.93476,2022-11-08,2245
