date,mean_sentiment,mean_informativeness,mean_persuasion,mean_anger,mean_surprise,mean_happiness,mean_fear,sd_sentiment,sd_informativeness,sd_fear,sd_persuasion,sd_anger,sd_surprise,sd_happiness,week,support,diff0,diff1,diff2,cases,country
2020-03-11,3.611111111111111,4.677777777777778,4.655555555555556,2.9444444444444446,4.166666666666667,3.6333333333333333,3.1666666666666665,0.7817359599705717,0.12018504251546643,0.49999999999999994,0.08819171036881977,0.5270462766947299,0.5,0.7810249675906655,2011,41.670463142857145,0.5182891428571423,-0.258614428571434,-0.10615114285713645,2694,USA
2020-03-13,3.18,4.1450000000000005,3.835,1.16,3.775,3.12,2.015,1.0018929452213,0.585324921012163,1.1966070453798237,0.5993636976871917,1.3635866019628646,0.5437443284640696,0.6917559654888953,2011,41.670463142857145,0.5182891428571423,-0.258614428571434,-0.10615114285713645,2694,USA
2020-04-13,2.8666666666666667,4.083333333333334,3.816666666666667,1.4833333333333334,3.8333333333333335,3.5,2.6666666666666665,1.5832456116050557,0.9495613022162743,0.408248290463863,0.7494442385305703,1.4441837371562758,0.5163977794943222,0.8944271909999159,2016,40.77548371428571,-0.38830257142857505,-0.23986357142857173,-0.20317742857142918,197338,USA
2020-04-15,2.402884615384615,4.1596153846153845,4.071153846153846,1.9442307692307694,4.070192307692308,3.2230769230769227,2.0365384615384614,2.4567109092059467,0.6428877857011549,1.3290669544383886,0.7628094567870172,1.607496209243861,0.5875537253174627,1.1518858129451144,2016,40.77548371428571,-0.38830257142857505,-0.23986357142857173,-0.20317742857142918,197338,USA
2020-04-23,4.05,4.331818181818182,4.181818181818182,0.9363636363636363,4.136363636363637,3.8045454545454547,1.6590909090909092,0.6322672732016935,0.4302672078254048,1.2105327795601448,0.4717105283018628,1.21166766406409,0.58108720314797635,0.5576116353975553,2017,40.53562014285714,-0.23986357142857173,-0.20317742857142918,0.1441820000000007,206650,USA
2020-06-01,1.4166666666666663,4.608333333333333,4.55,3.1416666666666666,4,1.7666666666666666,3.225,3.5280263174995867,0.15642792899510297,1.2785823114968888,0.2844452335847639,1.2191340692425419,0.5222329678670935,1.8946495638236034,2023,40.73127157142857,0.30321257142857405,-0.12969685714285362,-0.09283442857143598,148696,USA
2020-06-13,4.326190476190476,4.5285714285714285,4.630952380952381,1.6523809523809523,4.285714285714286,4.15952380952381,2.2642857142857142,0.5618174010318715,0.5042675027063656,1.4653429513792302,0.21918707372214208,1.6417180315870614,0.41529973223663286,0.5780790408482739,2024,40.60157471428572,-0.12969685714285362,-0.09283442857143598,0.10352085714286119,149930,USA
2020-07-04,3.8790697674418606,4.416279069767442,4.290697674418605,1.5116279069767442,4.1976744186046515,3.7372093023255815,1.8837209302325582,1.4469274736710998,0.5013934072534354,1.3194389559055086,1.0143761755239782,1.401055605831271,0.4647008111181006,1.0433515719873863,2027,40.363299142857144,-0.2489619999999988,0.05263014285714007,0.20643185714286005,347621,USA
2020-08-08,1.1712328767123288,3.9794520547945207,3.8246575342465756,2.236986301369863,3.9383561643835616,2.76027397260274,2.0356164383561643,2.911589841194765,0.7228337184130842,1.277624734399053,0.9048911570394972,1.4360929683340946,0.6059038558188868,1.373129002399203,2032,40.451494,-0.23914857142857215,0.6007268571428597,0.017620000000000857,396062,USA
2020-09-07,1.1953846153846157,3.9676923076923076,4.049230769230769,2.9599999999999995,4.061538461538461,2.8246153846153845,2.4061538461538463,2.942385871259005,0.6939712918025891,1.3014267318837194,0.5126899272839885,1.2475976915656748,0.6873164090532439,1.3416443699373604,2037,41.77472342857143,0.4691972857142872,0.40254814285714247,0.16427585714286153,256027,USA
2020-03-04,3.5,4.7,4.2,0,4.5,3.5,0.2,0,0,0,0,0,0,0,2010,49.34285714285714,0.6628571428571419,0.6600000000000037,0.7342857142857113,404,UK
2020-03-09,3.3,4.46,3.38,0.58,3.7,2.7800000000000002,2.7800000000000002,0.8366600265340756,0.25099800796022265,0.6685805860178711,0.5019960159204454,1.0779610382569493,0.44721359549995787,0.3834057902536164,2011,50.002857142857145,0.6600000000000037,0.7342857142857113,0.53857142857143,2606,UK
2020-03-12,1.74,4.2,3.54,1.74,3.4,1.97,2.94,1.9523205565571335,0.4714045207910317,0.6703233050799692,0.4033195589934446,1.1596934460834418,0.5676462121975467,1.3241768931847606,2011,50.002857142857145,0.6600000000000037,0.7342857142857113,0.53857142857143,2606,UK
2020-03-16,2.0555555555555554,4.344444444444445,3.7333333333333334,1.8222222222222222,4.022222222222222,2.7333333333333334,3.011111111111111,1.6287350238076719,0.418661889569349,0.5775907817054485,0.4716990566028302,1.3084129487453282,0.5044248650140518,1.2932517156377563,2012,50.73714285714286,0.7342857142857113,0.53857142857143,-0.34428571428571786,7339,UK
2020-03-18,3.19,4.55,3.7600000000000002,1.27,3.7,2.9,2.04,0.4433458644845529,0.3374742788552765,0.9697651491183029,0.24585451886114373,1.2979042936809924,0.6324555320336759,0.5163977794943223,2012,50.73714285714286,0.7342857142857113,0.53857142857143,-0.34428571428571786,7339,UK
2020-03-22,2.5923076923076924,4.507692307692308,4.061538461538461,2.0076923076923077,4.346153846153846,3.169230769230769,3.0153846153846153,1.9198357301522524,0.32522181779399545,0.7977532553429391,0.41940128266069454,1.109400392450458,0.3755338080994054,1.299605462813372,2012,50.73714285714286,0.7342857142857113,0.53857142857143,-0.34428571428571786,7339,UK
2020-03-23,1.488888888888889,4.5888888888888895,4.022222222222222,2.466666666666667,4.055555555555555,2.7222222222222223,3.2444444444444445,2.3110844015550605,0.33333333333333337,0.8293236869749818,0.5847601597616278,0.9539392014169457,0.5270462766947298,0.4409585518440984,2013,51.27571428571429,0.53857142857143,-0.34428571428571786,-0.2328571428571422,19566,UK
2020-03-25,3.95,4.45,3.916666666666667,0.9,4,3.3333333333333335,2.4,0.6123724356957945,0.4183300132670378,1.159310139695155,0.3188521078284833,1.2425779653607254,0.8366600265340756,0.752772652709081,2013,51.27571428571429,0.53857142857143,-0.34428571428571786,-0.2328571428571422,19566,UK
2020-03-27,3.125,4.075,3.1500000000000004,0.675,4.5,3.675,3,2.1360009363293826,0.47871355387816905,0.5773502691896257,0.6658328118479393,1.2203141671990319,0,0.8883505314157619,2013,51.27571428571429,0.53857142857143,-0.34428571428571786,-0.2328571428571422,19566,UK
2020-04-30,3.5,4.7,3.7,3.5,4.5,4.5,3.7,0,0,0,0,0,0,0,2018,49.761428571428574,-0.7457142857142856,-0.7471428571428618,-1.2942857142857136,30797,UK
2020-05-11,2.9,4.46,3.74,0.74,4.1,3.1,2.7,0.5477225575051661,0.25099800796022265,0.44721359549995793,0.433589667773576,1.5453155017665485,0.5477225575051661,0.8944271909999159,2020,47.72,-1.2942857142857136,-1.6485714285714295,-1.8242857142857147,19331,UK
2020-05-17,3.5642857142857145,4.628571428571429,3.8785714285714286,1.3714285714285714,3.857142857142857,3.6214285714285714,2.3642857142857143,0.7375710060807631,0.19778998741311232,0.6912721192534405,0.42094869307054766,1.3070392680985712,0.6333236937766509,0.5025757829247423,2020,47.72,-1.2942857142857136,-1.6485714285714295,-1.8242857142857147,19331,UK
2020-05-24,3.107142857142857,4.357142857142858,3.6214285714285714,1.4857142857142858,3.7857142857142856,3.0357142857142856,2.157142857142857,1.112491511265305,0.45693676673168765,0.8724098240499707,0.314223270519966,1.2170943600718398,0.6112498455021267,1.1063503012206346,2021,46.07142857142857,-1.6485714285714295,-1.8242857142857147,-1.0542857142857116,15825,UK
2020-05-25,3.178571428571429,4.457142857142857,3.585714285714286,0.6357142857142857,3.7857142857142856,3.4285714285714284,2.4714285714285715,1.1702587297283855,0.36734868305882756,1.143832001804307,0.22138425646596696,1.014212193589869,0.726273039202563,0.7300459115473716,2022,44.247142857142855,-1.8242857142857147,-1.0542857142857116,-0.3228571428571456,10517,UK
2020-05-28,2.977777777777778,4.394444444444445,3.6277777777777778,1.7666666666666666,3.9444444444444446,3.3444444444444446,2.55,0.9884959195699978,0.34890116959361267,0.6981066832343541,0.3610532884827155,1.212192956878517,0.5113099925649135,0.6232950601650424,2022,44.247142857142855,-1.8242857142857147,-1.0542857142857116,-0.3228571428571456,10517,UK
2020-06-03,2.4583333333333335,4.591666666666667,3.6833333333333336,1.2416666666666667,3.75,2.5,2.8916666666666666,1.6439743048939406,0.3232177237864548,0.5434876152027641,0.6562058065927645,1.5023970745768143,0.7537783614444091,1.3314380468978917,2023,43.19285714285714,-1.0542857142857116,-0.3228571428571456,0.05857142857143316,8136,UK
2020-06-10,2.5842105263157893,4.136842105263158,3.4,1.4736842105263157,3.6578947368421053,2.721052631578947,2.278947368421053,1.284204534546467,0.6567686268692849,1.0008768085858082,0.590668171555645,1.2073120305792064,0.6882472016116854,0.8567243478430706,2024,42.87,-0.3228571428571456,0.05857142857143316,0.04142857142856826,7212,UK
2020-06-16,2.888888888888889,4.366666666666667,3.6,0.8999999999999999,4.055555555555555,3.6555555555555554,2.3333333333333335,1.2692955176439846,0.43301270189221935,0.9354143466934853,0.6363961030678927,1.2031209415515967,0.5270462766947299,0.7715424666068471,2025,42.92857142857143,0.05857142857143316,0.04142857142856826,-0.027142857142855803,6422,UK
2020-06-23,3.3266666666666667,4.6066666666666665,3.62,1.68,3.966666666666667,3.18,2.36,0.47278304699281426,0.17915143899851346,0.9905265554960438,0.4262795863213319,1.201308810066278,0.5163977794943223,1.075838543383054,2026,42.97,0.04142857142856826,-0.027142857142855803,0.3914285714285697,4944,UK
2020-06-29,2.51875,4.5125,3.6375,0.8687499999999999,3.88125,3.16875,2.19375,1.7889359034539685,0.25,1.088404796020304,0.2753785273643051,1.138840784891959,0.45784822812805565,1.0499007889637317,2027,42.94285714285714,-0.027142857142855803,0.3914285714285697,0.05285714285714249,2754,UK
2020-07-03,2.69375,4.54375,3.6500000000000004,1.60625,3.6375,2.84375,2.50625,1.2428294331886416,0.3010398644698074,0.7514153312250156,0.3847076812334269,1.1549711396105675,1.0781929326423914,0.9784128303873916,2027,42.94285714285714,-0.027142857142855803,0.3914285714285697,0.05285714285714249,2754,UK
2020-07-31,1.575,4.383333333333334,3.666666666666667,2.1416666666666666,3.7666666666666666,2.2666666666666666,2.8666666666666667,2.09246483624196,0.4086192567289224,1.1105554165971787,0.3773913650631694,1.0202123961868594,0.4849242365066065,1.139643750822106,2031,42.82714285714286,-0.31857142857142406,-0.18285714285714505,-0.3414285714285725,5304,UK
2020-08-13,3.75,4.75,3.75,1.25,4.25,4.1,0.625,0.5,0.10000000000000009,1.25,0.5,1.4433756729740645,0.5,0.5887840577551898,2033,42.30285714285714,-0.3414285714285725,-0.2928571428571445,-0.2314285714285731,7785,UK
2020-09-09,2.966666666666667,4.455555555555556,3.6222222222222222,1.1611111111111112,3.7777777777777777,2.5611111111111113,2.338888888888889,1.2261849011322499,0.29748400297519156,0.8472369547631522,0.3135293504518696,1.202027154870368,0.5745131499601417,1.2296048570883102,2037,41.30428571428571,-0.28999999999999915,-0.5742857142857076,-0.3214285714285765,21448,UK
2020-09-22,1.8217391304347827,4.4739130434782615,3.856521739130435,2.382608695652174,3.9956521739130433,2.6695652173913045,3.1478260869565218,1.770966998752923,0.32782671601201957,0.9213969459553305,0.37637757511757175,0.9651435003586695,0.6512074525410926,0.819331647030729,2039,40.40857142857143,-0.3214285714285765,-0.12142857142856656,0.044285714285713595,40789,UK
2020-09-25,3.7857142857142856,4.728571428571429,3.9,1.457142857142857,4.214285714285714,3.1,2.2857142857142856,0.4879500364742666,0.07559289460184553,1.07459848537112,0.41633319989322654,1.3023787760058423,0.48795003647426666,0.8082903768654761,2039,40.40857142857143,-0.3214285714285765,-0.12142857142856656,0.044285714285713595,40789,UK
2020-09-26,2.7823529411764705,4.541176470588235,3.9529411764705884,2.2470588235294118,4.347058823529411,3.3411764705882354,2.9705882352941178,1.6752743410101698,0.2916736693837219,0.5324057497369288,0.6226130891842295,1.1096833146549197,0.37768645570569437,0.8580929608217076,2039,40.40857142857143,-0.3214285714285765,-0.12142857142856656,0.044285714285713595,40789,UK
2020-09-27,4.5,4.7,4.5,0,4.5,4.5,0.2,0,0,0,0,0,0,0,2039,40.40857142857143,-0.3214285714285765,-0.12142857142856656,0.044285714285713595,40789,UK
2020-09-30,1.7,4.25,3.6333333333333333,2.2333333333333334,3.8666666666666667,3.1166666666666667,2.6166666666666667,2.4698178070456938,0.4636809247747852,1.4620761494076382,0.7146094504459528,1.6219330031375114,0.496655480858378,0.8727351641057363,2040,40.28714285714286,-0.12142857142856656,0.044285714285713595,-0.17142857142857082,68114,UK
2020-10-12,2.24,4.453333333333333,3.66,2.06,3.8333333333333335,2.36,2.6533333333333333,1.132506701336212,0.3661901665736508,0.8433493316758452,0.3480558247506529,1.0682428830293498,0.7237468644557459,1.0601886624558858,2042,40.160000000000004,-0.17142857142857082,-0.2142857142857153,-0.5971428571428632,118847,UK
2020-10-16,2.2625,4.4875,3.7,1.475,3.85625,2.6375,2.63125,1.8856917386819438,0.3518996068956789,0.930747907151376,0.43969686527576396,1.5342750731208534,0.6032895932579422,1.1026483271348728,2042,40.160000000000004,-0.17142857142857082,-0.2142857142857153,-0.5971428571428632,118847,UK
2020-10-20,2.0285714285714285,4.128571428571429,3.4,1.4285714285714286,3.7857142857142856,2.642857142857143,1.5142857142857142,1.4738999126063317,0.34503277967117707,1.2294017127971522,0.19999999999999996,1.3363062095621219,0.7559289460184545,0.3779644730092273,2043,39.94571428571429,-0.2142857142857153,-0.5971428571428632,-0.38142857142857167,151569,UK
2020-10-22,1.0833333333333335,4.533333333333333,3.5833333333333335,1.2833333333333332,3.783333333333333,2.4833333333333334,2.1166666666666667,3.1688588903052572,0.408248290463863,0.938971068066885,0.3763863263545405,1.3347908700117284,0.5671566509057852,1.3731957859921748,2043,39.94571428571429,-0.2142857142857153,-0.5971428571428632,-0.38142857142857167,151569,UK
2020-10-31,2.7,4.481818181818182,3.7636363636363637,1.5727272727272728,3.8636363636363638,2.8636363636363638,2.5090909090909093,1.0148891565092222,0.3250174820472949,1.0231857558181168,0.5065031634111029,1.174811396855605,0.67419986246324215,0.504524979109513,2044,39.348571428571425,-0.5971428571428632,-0.38142857142857167,0.2857142857142918,161225,UK
2020-11-02,2.223076923076923,4.676923076923077,3.853846153846154,2.476923076923077,4.115384615384615,3.0153846153846153,3.246153846153846,2.1521902975627123,0.15358952955766092,0.7985563898011885,0.4647855860777537,0.7790526791707202,0.5063696835418332,1.0968486327096019,2045,38.96714285714285,-0.38142857142857167,0.2857142857142918,0.005714285714283562,157317,UK
2020-11-04,2.692857142857143,4.592857142857143,4,2.642857142857143,4.142857142857143,2.992857142857143,3.2857142857142856,1.5558644817959835,0.28946711176091966,0.7664675645273762,0.4019184762342502,1.3363062095621219,0.49724515809884695,1.0858986251836884,2045,38.96714285714285,-0.38142857142857167,0.2857142857142918,0.005714285714283562,157317,UK
2020-11-05,2.6,4.6000000000000005,3.7600000000000002,1.33,4.07,2.72,2.23,2.7264140062238043,0.21081851067789195,1.1441153787970864,0.3565264521898917,1.234728940114208,0.498998997994986,1.4702985335562904,2045,38.96714285714285,-0.38142857142857167,0.2857142857142918,0.005714285714283562,157317,UK
2020-11-09,2.0285714285714285,4.271428571428571,3.8285714285714287,1.1,4.1,2.742857142857143,2.9,2.454053983183938,0.4498677054212186,0.6244997998398398,0.49232200070782167,1.3114877048604001,0.5033222956847166,1.346423834777572,2046,39.252857142857145,0.2857142857142918,0.005714285714283562,-0.4214285714285708,177554,UK
2020-11-23,3.1785714285714284,4.5285714285714285,3.7071428571428573,1.8714285714285714,4.428571428571429,3.7928571428571427,2.592857142857143,1.1702587297283855,0.29981679387604343,0.8407545015449704,0.1591529777593568,1.2250140165154604,0.26726124191242434,0.6999607524319166,2048,38.83714285714286,-0.4214285714285708,0.007142857142859782,0.13142857142856457,105514,UK
2020-11-26,2.8125,4.6375,3.6375,1.5875,3.625,2.6875,2.175,1.334634781503914,0.1767766952966369,1.369827934971605,0.32043497223082784,1.260881211126341,0.3535533905932738,1.19335960332883,2048,38.83714285714286,-0.4214285714285708,0.007142857142859782,0.13142857142856457,105514,UK
2020-12-01,3.15,4.457142857142857,3.9,2.1357142857142857,4.3,3.642857142857143,2.7285714285714286,1.107839199661978,0.31061795904859796,0.4631473788174716,0.445490222632931,1.1426064285437267,0.46243502662120417,0.6453553412527988,2049,38.84428571428572,0.007142857142859782,0.13142857142856457,0.03857142857143003,106350,UK
2020-12-02,3,4.7,3.6,1.35,4,3.1,2.6,0.7071067811865476,0,0.14142135623730964,0.14142135623730964,1.6263455967290592,0.7071067811865476,0.8485281374238571,2049,38.84428571428572,0.007142857142859782,0.13142857142856457,0.03857142857143003,106350,UK
2020-12-16,1.8666666666666667,4.25,3.7666666666666666,2.066666666666667,4.166666666666667,1.9833333333333334,3.1666666666666665,1.5187714333192692,0.5612486080160911,1.0327955589886446,0.488535225614967,0.9223159256278007,0.5163977794943223,1.6750124377647666,2051,39.01428571428571,0.03857142857143003,0.1971428571428575,0.278571428571432,191728,UK
2020-12-19,1.825,4.6000000000000005,3.8666666666666667,2.4333333333333336,4.083333333333333,2.5583333333333336,3.225,1.9624312379383801,0.19540168418367893,0.7300373589444209,0.6080271126331208,1.2608318562349898,0.5149286505444373,1.644527195570112,2051,39.01428571428571,0.03857142857143003,0.1971428571428575,0.278571428571432,191728,UK
2020-12-30,2.416666666666667,4.5,3.916666666666667,2.1166666666666667,4.333333333333333,3.15,3.0166666666666666,2.2894686428659963,0.48989794855663565,0.5946988033169958,0.3188521078284833,0.9389710680668849,0.408248290463863,0.9375499986667379,2053,39.49,0.278571428571432,0.04999999999999716,0.03714285714286092,200994,UK
2020-03-13,3.15,4.62,4.44,2.65,4.1,3.3,3.2,1.2920698295542872,0.13984117975602034,0.8232726023485646,0.4005551702879947,1.055409346599171,0.5163977794943222,0.6324555320336759,2011,26.90714285714286,-0.2799999999999976,-0.1557142857142857,0.23857142857142577,7126,ES
2020-03-28,2.6416666666666666,4.6625000000000005,4.520833333333334,2.2125,4,3.175,2.8,1.9336643894467556,0.11349200316590026,1.0910704755462388,0.3635323879676325,1.1681693221521403,0.5107539184552492,0.7072604833470818,2013,26.99,0.23857142857142577,0.6742857142857162,0.6371428571428552,51343,ES
2020-04-18,2.836666666666667,4.543333333333334,4.413333333333333,1.7566666666666668,3.9,2.9266666666666667,2.243333333333333,1.4235660258256582,0.32976829204273367,1.3252672686418139,0.39193008994245243,1.220707350998432,0.49827287912243995,0.9630889003020736,2016,28.072857142857142,-0.22857142857142776,-0.5742857142857147,-0.3299999999999983,31844,ES
2020-04-22,2.9472222222222224,4.6375,4.216666666666667,1.8555555555555554,3.8319444444444444,2.9055555555555554,2.297222222222222,1.0624144999199057,0.16223570055697137,0.9902300518341968,0.6665023271622357,1.1933960169231916,0.706075523409099,0.8959830369509864,2017,27.498571428571427,-0.5742857142857147,-0.3299999999999983,0.05428571428571516,8961,ES
2020-05-16,2.8114285714285714,4.534285714285715,4.191428571428571,1.9028571428571428,3.9285714285714284,2.96,2.5542857142857143,1.20214793759568,0.3514196897149159,0.9030480598059701,0.4699007583406048,1.2554553226725713,0.5020964452534339,0.9149734808114577,2020,27.022857142857145,-0.1999999999999993,-0.11428571428571743,0.19428571428571573,6349,ES
2020-06-07,2.6153846153846154,4.553846153846154,4.109615384615385,1.6096153846153847,3.8634615384615385,3.0288461538461537,2.3038461538461537,1.3320166953238302,0.2866038725991655,1.1936041217240667,0.7404978758054597,1.279285893844705,0.7766264012504049,0.7099672841016836,2023,27.518571428571427,0.4157142857142837,-0.021428571428568688,0.051428571428569825,2072,ES
2020-06-18,3.6043478260869564,4.439130434782609,4.308695652173913,1.5,3.856521739130435,3.517391304347826,1.691304347826087,0.3254064044594715,0.4008390409614479,1.2438624023135871,0.43055254507568086,1.2738631295108878,0.5687514930701854,0.8177864657459871,2025,27.548571428571428,0.051428571428569825,0.404285714285713,0.7771428571428594,2345,ES
2020-06-20,3.06,4.642857142857143,4.44,1.6257142857142857,3.8914285714285715,3.24,2.1485714285714286,1.50630049341776,0.13125125049424302,1.0719337744500463,0.37195825192683996,1.2105766387632497,0.5457705985288025,0.8839084328407881,2025,27.548571428571428,0.051428571428569825,0.404285714285713,0.7771428571428594,2345,ES
2020-07-23,3.4884615384615385,4.573076923076923,4.353846153846154,1.5807692307692307,3.8846153846153846,3.3653846153846154,2.080769230769231,0.6160044954880919,0.2822165017254552,0.9959996910719325,0.4545158032286835,1.3130176634818684,0.4961389383568339,0.929060733296724,2030,29.48,-0.09571428571428342,-0.345714285714287,-0.2942857142857136,12167,ES
2020-08-04,3.565909090909091,4.606818181818182,4.3977272727272725,1.6363636363636365,3.9136363636363636,3.225,2.1113636363636363,0.561121460887856,0.22035671637694917,0.904566170999503,0.43907335635649347,1.2140822754946181,0.5809338548950418,0.7728307976914901,2032,28.84,-0.2942857142857136,-0.3299999999999983,-0.34714285714285964,25841,ES
2020-08-25,2.79375,4.60625,4.0625,1.68125,3.6625,2.815625,2.340625,1.6026062442763496,0.14127872245796552,1.1943035154837207,0.4570240340966057,1.3039487175746278,0.5141544891466742,0.9618897311223927,2035,27.72714285714286,-0.4357142857142833,-0.3142857142857167,-0.25714285714285623,53233,ES
2020-09-16,1.1275,4.35,3.92,2.6275,4.125,2.4,2.8025,2.9229408706529343,0.4909436230624053,0.9872228595200654,0.8165593859415439,1.5335541925665561,0.4902903378454601,1.335894975144148,2038,26.864285714285714,-0.2914285714285718,-0.03999999999999915,0.11714285714285566,73715,ES
2020-09-21,3.016,4.384,3.988,1.62,3.628,3.028,2.036,0.9524879701777514,0.40995934757810654,1.1761094053417536,0.4867579823005816,1.296469565139627,0.6655323683588452,1.1649463506960314,2039,26.824285714285715,-0.03999999999999915,0.11714285714285566,0.060000000000002274,76442,ES
2020-10-10,3.5478260869565217,4.647826086956522,4.21304347826087,1.0391304347826087,3.8086956521739133,3.143478260869565,1.5434782608695652,0.8067158817291206,0.1591727626808263,1.3677539940143812,0.45657255504871885,1.200279940996638,0.6171142840071777,0.8825717003870622,2041,27.001428571428573,0.060000000000002274,0.007142857142856229,0.0942857142857143,71181,ES
2020-10-15,3.75,4.45,4.45,1.925,4.25,3.75,2.5,0.9574271077563381,0.5,0,0.5,1.15,0.5,0.9574271077563381,2042,27.00857142857143,0.007142857142856229,0.0942857142857143,0.16285714285714192,75449,ES
2020-11-05,4.2,4.5,3.7,0,4.5,4.3,2.5,0,0,0,0,0,0,0,2045,27.422857142857143,0.15714285714285836,0.10428571428571232,-0.5142857142857125,143155,ES
2020-12-23,3.25,4.55,4.4,1.06,3.5,2.95,0.56,1.2747548783981961,0.4743416490252569,1.026536788321674,0.34960294939005054,1.2420413304985736,0.6666666666666666,1.1167910378500638,2052,27.512857142857143,0.02142857142857224,0.017142857142857792,0.3371428571428545,57716,ES
2021-03-08,3.8857142857142857,4.7,4.671428571428572,1.8428571428571427,3.8857142857142857,3.242857142857143,2.4857142857142858,1.0526610271570036,0,1.1349428347257133,0.07559289460184551,1.1222850838908132,0.49135381491199537,0.5126959555693247,2110,27.664285714285715,-0.06428571428571317,0.02571428571428669,0.015714285714285126,34693,ES
2021-04-06,3.5366666666666666,4.626666666666667,4.406666666666667,1.0699999999999998,4.26,3.5733333333333333,2.1866666666666665,0.8269108834665331,0.19286109586656036,1.124563772385061,0.4306637486111596,1.2712063236317614,0.5021333797254299,0.7469170351995356,2114,28.021428571428572,0.25,0.09714285714285609,-0.595714285714287,46548,ES
2021-04-12,3.372972972972973,4.605405405405405,4.378378378378379,1.5162162162162163,3.983783783783784,3.2837837837837838,1.7945945945945947,0.6500635219596488,0.19140699213099982,1.1007436743568582,0.42500662421970625,1.274866771582539,0.5495015486347168,0.8558665243526627,2115,28.11857142857143,0.09714285714285609,-0.595714285714287,-0.6728571428571399,59772,ES
2021-05-14,3.6272727272727274,4.536363636363636,4.418181818181818,1.018181818181818,3.772727272727273,3.4272727272727272,1.7,0.5460602697338621,0.19116865471476893,1.392838827718412,0.38682859723185364,1.4012980994907414,0.6466697906828632,0.8355727485873498,2119,25.822857142857142,-0.3871428571428588,-0.28142857142857025,-0.2314285714285731,37392,ES
2021-05-19,3.5361702127659576,4.572340425531915,4.391489361702128,1.3361702127659574,4.019148936170213,3.4957446808510637,2.1021276595744682,0.7136634001114599,0.22525553379254154,1.0113463608525128,0.4164183657322874,1.2549771402586154,0.54797583962622,0.6399583705239743,2120,25.541428571428572,-0.28142857142857025,-0.2314285714285731,-0.15857142857142748,31655,ES
2021-05-21,3.275,4.675,4.4625,1.275,4,3.025,2.025,1.4159802258506295,0.0707106781186548,1.2383745106273096,0.35431019500674016,1.3112153577066257,0.5345224838248488,0.5650537269018887,2120,25.541428571428572,-0.28142857142857025,-0.2314285714285731,-0.15857142857142748,31655,ES
2021-06-22,3.5714285714285716,4.6000000000000005,4.135714285714286,1.1285714285714286,3.857142857142857,3.2857142857142856,2.064285714285714,0.47463114654932337,0.18397324220155997,1.0803184308748564,0.49397468458514054,1.235020131526092,0.49724515809884684,0.4258153136263201,2125,25.201428571428572,0.010000000000001563,0.018571428571426907,0.0942857142857143,25022,ES
2021-07-25,4.066666666666666,4.6000000000000005,4.6000000000000005,1.6285714285714286,4.4714285714285715,4.023809523809524,2.295238095238095,0.7023769168568493,0.2489979919597747,1.1534626957453764,0.279284800875379,1.2398156544998362,0.23052734575936357,0.6941936054911207,2129,25.325714285714284,-0.0400000000000027,0.10857142857143032,0.1471428571428568,180208,ES
2021-09-01,3.3254901960784315,4.5627450980392155,4.276470588235294,1.227450980392157,3.7549019607843137,3.1431372549019607,1.4549019607843139,1.0575146594265068,0.304605176787083,1.3400468238819416,0.468012066209459,1.3651488462980947,0.5947482578335798,0.9660755461061596,2135,25.37857142857143,-0.011428571428570677,0.29857142857142804,0.11714285714285566,45947,ES
2020-03-06,1.7428571428571427,4.628571428571429,3.9571428571428573,1.457142857142857,3.642857142857143,2.3142857142857145,2.642857142857143,1.769046016790917,0.18898223650461357,0.37796447300922725,0.42370250120079483,1.3023787760058425,0.6900655593423541,1.0040394604273468,2010,35.62714285714286,1.3642857142857139,2.3871428571428552,2.2471428571428618,1007,FR
2020-03-14,2.72,4.5600000000000005,4.24,1.33,3.8,2.9,2.7,1.0982814858779248,0.20655911179772887,0.42163702135578385,0.5168279318217148,1.234728940114208,0.48304589153964794,0.5163977794943223,2011,38.01428571428571,2.3871428571428552,2.2471428571428618,0.6428571428571388,3419,FR
2020-03-18,2.142857142857143,4.542857142857143,3.8857142857142857,1.5142857142857142,3.4285714285714284,2.4214285714285713,1.5857142857142856,1.4732038794171263,0.30309756163343166,1.4368004748035144,0.6010978966180811,1.356951981950239,0.615727926214882,1.4289202870745403,2012,40.261428571428574,2.2471428571428618,0.6428571428571388,-0.13571428571428612,12241,FR
2020-03-21,2.443636363636364,4.532727272727273,4.030909090909091,1.7036363636363636,3.7545454545454544,2.6981818181818182,2.330909090909091,1.486079061298886,0.29505463741015675,1.0524878335309347,0.47992002700786746,1.189142803056305,0.5170493857844407,0.7311814156734718,2012,40.261428571428574,2.2471428571428618,0.6428571428571388,-0.13571428571428612,12241,FR
2020-04-15,2.7,4.61,4.3,1.29,3.9,2.75,2,1.9321835661585918,0.166332999331662,1.0540925533894598,0.5163977794943223,1.2775410408715295,0.5163977794943223,1.0865337342004415,2016,40.364285714285714,-0.20285714285714107,-0.509999999999998,-0.5500000000000043,43175,FR
2020-05-07,2.6066666666666665,4.593333333333334,4.1000000000000005,1.3866666666666667,3.6333333333333333,2.566666666666667,2.6133333333333333,0.9981888360330186,0.2604026186687142,0.30441200151549,0.6546536707079771,1.2339638028186508,0.7432233529572065,1.1474609652039005,2019,38.534285714285716,-0.769999999999996,-0.25428571428571445,-0.055714285714287826,7876,FR
2020-08-27,2.1657894736842107,4.613157894736842,3.8894736842105266,1.644736842105263,3.736842105263158,2.2736842105263158,2.4289473684210527,1.5657268954825911,0.17424904921463655,0.7853069273398924,0.402552312319315,1.1872515087766622,0.5339405031292668,1.2620627068256838,2035,40.152857142857144,0.30714285714285694,-0.5642857142857167,-0.615714285714283,35561,FR
2020-09-11,2,4.6000000000000005,4.122222222222223,2.2444444444444445,3.8333333333333335,2.4444444444444446,2.9444444444444446,1.5612494995995996,0.17320508075688776,0.5270462766947299,0.6057593948462082,0.7666666666666665,0.49999999999999994,1.0137937550497034,2037,38.972857142857144,-0.615714285714283,-0.09142857142857252,0.060000000000002274,56588,FR
2020-10-08,2.727777777777778,4.594444444444445,4.233333333333333,1.65,3.8333333333333335,2.95,2.1333333333333333,1.1333477507733478,0.2577555207880755,1.1797307768649392,0.4576153020888642,1.3673718888264967,0.6859943405700354,0.8583499903200054,2041,38.59142857142857,-0.07571428571428385,0.7614285714285742,1.009999999999998,117018,FR
2020-10-15,2.4384615384615382,4.504615384615385,3.9415384615384617,1.82,4,2.627692307692308,2.5046153846153847,1.4585622530950981,0.27919010617250634,0.9866975805101663,0.7375831113534571,1.2978588135848985,0.75,1.1283987122671457,2042,39.35285714285715,0.7614285714285742,1.009999999999998,0.6042857142857159,163182,FR
2020-10-29,2.2666666666666666,4.6380952380952385,4.190476190476191,2.414285714285714,3.880952380952381,2.4761904761904763,3.176190476190476,1.779419380959231,0.1283596138829908,0.5847262281655937,0.47106768293395157,0.8481071360893708,0.4976133515281192,1.177669207334879,2044,40.96714285714286,0.6042857142857159,-0.49714285714286177,-0.09714285714285609,322420,FR
2020-12-03,3.13,4.626666666666667,4.066666666666666,0.91,3.7333333333333334,2.9566666666666666,2.44,0.9986715313786646,0.1928610958665604,0.7388714600542905,0.46855120305582126,1.1259785016628412,0.43018306715207627,0.7527802872814486,2049,39.04,-0.9728571428571442,0.7257142857142895,0.9157142857142802,75119,FR
2020-12-10,1.9961538461538462,4.553846153846154,3.9846153846153847,2.080769230769231,3.6615384615384614,2.7115384615384617,2.5115384615384615,1.857198054970071,0.3165195339700465,0.9655369171924699,0.636045474910282,0.9959996910719324,0.46309992276131784,0.7235064190879978,2050,39.76571428571429,0.7257142857142895,0.9157142857142802,1.441428571428574,84983,FR
2020-12-16,2.533333333333333,4.544444444444444,4.07037037037037,1.0074074074074075,3.685185185185185,2.5,1.9777777777777776,1.321421146400286,0.2764240517940804,1.200427274359276,0.45557640144091927,1.2609294270271514,0.6224663745652351,0.820412654142367,2051,40.68142857142857,0.9157142857142802,1.441428571428574,0.5446428571428612,97208,FR
2021-01-07,2.1575757575757573,4.524242424242424,4.012121212121213,1.7272727272727273,3.772727272727273,2.6575757575757573,2.3454545454545457,1.6641496144860115,0.31327933125876556,0.9310917345685212,0.45672583115966275,1.189083871955824,0.45226701686664555,0.99719303015712,2101,42.89714285714286,0.22964285714285637,-1.4485714285714337,-1.355714285714285,127863,FR
2021-01-14,2.159375,4.51875,3.94375,1.746875,3.875,2.490625,2.725,1.7279223726216557,0.34119098804420483,0.8673281181399165,0.8450758698521995,1.2165483629329492,0.4918693768379647,1.1679481249527501,2102,41.44857142857143,-1.4485714285714337,-1.355714285714285,-0.404285714285713,128220,FR
2021-01-29,2.9695652173913043,4.528260869565218,4.126086956521739,1.5826086956521739,3.8630434782608694,2.9630434782608694,2.0695652173913044,1.2899387694714457,0.2737907095885556,1.1861927078247527,0.5170148429456227,1.2644373975674514,0.6737486163753014,1.1160164665555738,2104,39.68857142857143,-0.404285714285713,-0.33428571428571274,0.48571428571428754,143830,FR
2021-02-04,2.725,4.5472222222222225,4.136111111111111,2.3472222222222223,3.827777777777778,2.927777777777778,2.7,1.256383699353028,0.22739030147820546,0.8298020417975775,0.49980154791835857,0.9958445406821033,0.5897268670984711,1.0756024520800587,2105,39.354285714285716,-0.33428571428571274,0.48571428571428754,0.4099999999999966,140073,FR
2021-02-05,3.2,4.6692307692307695,4.053846153846154,1.5846153846153845,3.8846153846153846,2.9692307692307693,1.6153846153846154,1.0762589527308626,0.07510676161988115,1.3563714792576518,0.5363695626080099,1.2068182366911169,0.6504436355879909,1.0530785151043387,2105,39.354285714285716,-0.33428571428571274,0.48571428571428754,0.4099999999999966,140073,FR
2021-02-25,3.026086956521739,4.6000000000000005,4.182608695652174,1.8608695652173912,4.021739130434782,2.9869565217391303,2.782608695652174,1.5211291832368683,0.2679891449633396,0.8282798022588981,0.5033092072501424,1.2157074746959566,0.5107539184552492,0.9116939018941543,2108,40.01142857142857,-0.23857142857143288,-1.009999999999998,-0.09571428571428697,151078,FR
2021-02-26,3.4793103448275864,4.5344827586206895,4.320689655172414,1.003448275862069,4.017241379310345,3.3620689655172415,1.4034482758620688,0.951832559684148,0.3142745183854458,1.3211149940812141,0.41522739926869984,1.193279621948534,0.5085476277156079,0.6930335969507273,2108,40.01142857142857,-0.23857142857143288,-1.009999999999998,-0.09571428571428697,151078,FR
2021-03-04,2.041666666666667,4.691666666666666,4.1625000000000005,1.9666666666666666,3.925,2.4625,2.8916666666666666,1.8793885838951354,0.04082482904638631,0.6392364104193355,0.4798663763282803,1.157082788615467,0.5277103948848888,1.260370028481974,2109,39.00142857142857,-1.009999999999998,-0.09571428571428697,-0.0714285714285694,148445,FR
2021-03-19,1.896969696969697,4.56969696969697,4.051515151515152,2.0272727272727273,3.8333333333333335,2.4848484848484853,2.4,2.0794357480583594,0.3413986384024258,1.2619429464123963,0.90142984062863,1.0739159438920043,0.5423713365090993,1.3834109142173765,2111,38.83428571428571,-0.0714285714285694,0.1328571428571479,-0.740000000000002,211232,FR
2021-04-01,2.3271186440677964,4.593220338983051,4.115254237288136,1.8491525423728814,3.840677966101695,2.71864406779661,2.6796610169491526,1.731038208354841,0.22427231506213935,0.7712014051123244,0.5081452274498025,1.1687560261848602,0.5977309520661122,1.0356531466149819,2113,38.22714285714286,-0.740000000000002,-0.7085714285714317,0.02142857142857224,277051,FR
2021-04-13,2.4,4.530434782608696,3.8173913043478263,1.626086956521739,3.5434782608695654,2.4217391304347826,2.5869565217391304,1.5338602520201352,0.31396986336082366,0.28810406552003043,0.4365694508042152,1.2240831044664884,0.5623215571155332,1.2413176729658653,2115,37.54,0.02142857142857224,0.2042857142857173,0.04571428571428271,230945,FR
2021-04-14,2.868181818181818,4.5181818181818185,4.0181818181818185,2.081818181818182,3.8181818181818183,3.040909090909091,2.268181818181818,1.0687715973362724,0.3064953408118856,1.0611702271936634,0.4717105283018628,1.3240041589764788,0.46047218377946786,0.5973426000363461,2115,37.54,0.02142857142857224,0.2042857142857173,0.04571428571428271,230945,FR
2021-04-22,2.4217391304347826,4.6521739130434785,4.126086956521739,1.673913043478261,4.065217391304348,3.0434782608695654,2.5347826086956524,1.7748127997927838,0.12011193725169758,1.0602781348873316,0.4504718650324022,1.1580616215761528,0.5068698018697018,1.010322219958708,2116,37.744285714285716,0.2042857142857173,0.04571428571428271,-0.49428571428571644,208610,FR
2021-05-07,3.39,4.546666666666667,4.343333333333334,0.9966666666666667,3.8066666666666666,3.34,1.6666666666666665,0.624968964746692,0.2635740206617793,1.4283661593084147,0.45764263526161497,1.3265156154983326,0.5936057749819774,0.7490683869152818,2118,37.29571428571428,-0.49428571428571644,0.8542857142857159,0.8200000000000003,124919,FR
2021-06-16,3.3133333333333335,4.46,4.140000000000001,1.2866666666666666,3.7,3.1933333333333334,2.0733333333333333,1.1593512142984272,0.39242833740697175,1.0416104746748571,0.483735464897913,1.3383714339592336,0.560611910581388,0.9475281124111957,2124,39.02428571428572,0.6471428571428604,0.36857142857142833,-1.07714285714286,16787,FR
2021-06-24,3.0625,4.575,4.154166666666667,1.85,3.875,3.125,2.3583333333333334,1.0765534781441877,0.2111047545445255,1.3078082117958196,0.47179506113369285,1.3503622702332752,0.49453535504684026,0.5757792451369143,2125,39.392857142857146,0.36857142857142833,-1.07714285714286,-0.10142857142857054,12809,FR
2021-07-05,3.4133333333333336,4.5,4.206666666666667,1.7466666666666666,4.033333333333333,3.6,2.06,0.6311742646693956,0.280305955290694,1.2866345912606933,0.4165618915885243,1.2755204353331158,0.6399404734221844,0.6813851438692469,2127,38.214285714285715,-0.10142857142857054,0.2057142857142864,0.17285714285713993,26521,FR
2021-07-08,2.2264705882352938,4.023529411764706,3.588235294117647,1.4529411764705882,3.610294117647059,2.5441176470588234,1.864705882352941,1.391833071035999,0.5662438816008478,1.1814189174346004,0.662092885165276,1.2947045520446598,0.7572810172382243,0.7713880400554899,2127,38.214285714285715,-0.10142857142857054,0.2057142857142864,0.17285714285713993,26521,FR
2021-09-10,2.7202247191011235,4.053932584269663,3.851685393258427,2.0741573033707867,3.7404494382022473,3.093258426966292,2.2112359550561798,1.151597682202752,0.534078684144966,1.1436025813835369,0.5319587218159292,1.2445817196121136,0.6309659083723068,0.8190623453916107,2136,40.02142857142857,0.32428571428571473,0.4271428571428544,0.8214285714285765,69399,FR
2021-09-21,2.7918367346938777,4.506122448979592,4.020408163265306,1.6551020408163264,3.8469387755102042,3.0040816326530613,2.073469387755102,1.5608273359949572,0.2889695509228336,1.2303074666866955,0.7648473681713491,1.3642857142857143,0.6308400618805604,1.028137309181323,2138,41.27,0.8214285714285765,0.042857142857137376,-0.6928571428571431,41744,FR
2021-09-30,2.8577464788732394,4.270422535211268,3.9253521126760567,1.380281690140845,3.7,2.9943661971830986,1.6901408450704225,1.397923150537559,0.41140677339975235,1.2833165659535073,0.5706433236417484,1.2712895273596203,0.6886840453253688,0.9570620705268004,2139,41.31285714285714,0.042857142857137376,-0.6928571428571431,0.22714285714285865,34619,FR
2021-10-19,2.8365384615384617,4.375,3.980769230769231,1.4615384615384617,3.6538461538461537,2.951923076923077,1.9288461538461539,1.3207289796575947,0.3714703165509074,1.2598376083435043,0.4966706651523986,1.315988236158436,0.6066499260117115,0.9613084189373141,2142,41.37714285714286,0.5300000000000011,0.5771428571428601,0.1885714285714286,37420,FR
2021-11-05,2.357142857142857,4.230357142857143,3.866071428571429,2.055357142857143,3.994642857142857,3.0035714285714286,2.5517857142857143,1.5430615545204154,0.4584240366763041,0.9103428068447765,0.528213725928947,1.1622735780055704,0.5357813810797161,0.8061049527233998,2144,42.142857142857146,0.1885714285714286,0.1699999999999946,0.21999999999999886,51011,FR
2021-11-08,2.7,4.6000000000000005,4.3187500000000005,1.44375,3.8125,2.8875,1.8875,1.6950909513454828,0.17511900715418266,1.0965856099730653,0.5127946307571223,1.23879982240877,0.6020797289396148,1.2526638282742368,2145,42.31285714285714,0.1699999999999946,0.21999999999999886,0.37142857142857366,70475,FR
2020-02-14,1.6,2.24,1.26,0,0.12000000000000001,1.96,0,1.8841443681416772,1.3740451229854136,0,1.628803241647069,0,0.08366600265340757,1.7023513150933327,2007,27.158571428571427,-0.28857142857143003,-0.31714285714285495,-0.21000000000000085,3,DE
2020-03-02,1.1333333333333333,2.388888888888889,2.077777777777778,0.02222222222222222,0.26666666666666666,0.6111111111111112,0.20000000000000004,1.107925990308017,1.433042606174398,0.6000000000000001,1.3065008398177338,0.06666666666666668,0.47169905660283024,1.0717327610515186,2010,26.858571428571427,0.2271428571428551,1.3957142857142877,2.291428571428572,786,DE
2020-04-23,1.5128205128205128,3.7512820512820513,3.4794871794871796,0.08461538461538463,0.9076923076923077,1.141025641025641,0.44102564102564096,1.9158864221884466,0.8350454746116319,0.8911016093985044,0.9018050574671971,0.39969624093834416,0.9919106006471115,1.370500859025048,2017,37.98714285714286,0.4757142857142824,0.0357142857142847,0.278571428571432,14279,DE
2020-05-04,2.86,3.84,2.7,0,0.060000000000000005,3.16,0,0.6841052550594828,0.8532291603080616,0,0.8366600265340756,0,0.05477225575051661,0.9370165420097982,2019,38.30142857142857,0.278571428571432,0.028571428571424917,0.09000000000000341,6723,DE
2020-06-04,2.0142857142857142,4.042857142857143,3.7,0.014285714285714285,0.44285714285714284,1.8857142857142857,0.02857142857142857,2.3376830205915224,0.6948792289723035,0.07559289460184544,0.6708203932499369,0.03779644730092272,0.9089502055616007,1.8316009130708317,2023,38.66428571428572,0.07000000000000739,-0.031428571428577357,-0.49428571428570933,2498,DE
2020-06-18,1.9068965517241379,4.203448275862069,3.7896551724137932,0.25517241379310346,1,1.4758620689655175,0.23448275862068965,2.2419588110277204,0.44839615665223154,0.7802361648285756,0.6955700784178024,0.8998357814054391,1.1433034842695344,1.2863723001453664,2025,38.13857142857143,-0.49428571428570933,-0.44000000000000483,-0.20428571428571018,3554,DE
2020-09-15,1.5882352941176472,3.676470588235294,3.023529411764706,0.37058823529411766,1.2588235294117647,1.723529411764706,0.4764705882352941,2.538671491386089,0.9569021709171123,1.2764841419719568,1.4528116755814853,1.0060844310260155,1.1581552268205522,1.919482160559426,2038,35.81285714285714,-0.0800000000000054,-0.3114285714285714,-0.03857142857142293,11988,DE
2020-10-05,0.8428571428571429,2.3214285714285716,2.3214285714285716,0.02857142857142857,0.44999999999999996,1.3214285714285716,0.2642857142857143,1.4189455921234588,1.3221070429307276,0.9328262620471378,1.1956192932976175,0.06112498455021267,0.8706761298421607,1.5957532927832458,2041,35.542857142857144,0.0799999999999983,-0.03857142857143003,0.07428571428571473,23628,DE
2020-10-26,1.826086956521739,3.3869565217391306,2.5782608695652174,0.004347826086956522,0.6478260869565217,1.391304347826087,0.09999999999999999,1.7268514152285017,0.9216114088556013,0.37416573867739383,1.2855690362775438,0.02085144140570747,0.9778778345419931,1.6250630878601886,2044,35.44714285714286,-0.13142857142857167,0.17142857142857082,0.28285714285714647,103750,DE
2020-10-29,0.394285714285714,3.8,3.3685714285714288,0.49714285714285705,0.9657142857142856,1.097142857142857,0.7628571428571429,2.8696118672927815,0.7726958156541367,1.3497463191468313,0.8807655188298779,1.015898823785158,1.3790326654713347,1.5596918463152218,2044,35.44714285714286,-0.13142857142857167,0.17142857142857082,0.28285714285714647,103750,DE
2020-11-26,0.31842105263157916,3.3157894736842106,3.1526315789473687,0.24999999999999997,0.7921052631578946,0.8473684210526314,0.5263157894736843,1.9518328549337567,0.9621277983858187,0.969447937223654,1.1039821879941047,0.6529558571230917,0.9867724015212336,1.2229200416073844,2048,35.95285714285714,-0.048571428571428044,-0.055714285714287826,0.11000000000000654,124432,DE
2021-03-25,0.7812499999999999,3.3458333333333337,3.05,0.24374999999999997,1.1041666666666667,1.0083333333333333,0.3770833333333334,2.014485441929199,0.8870122773343354,0.9556638738156379,0.991023541382579,0.7207874683067715,1.2430159502123335,1.3879164444366194,2112,27.264285714285712,-1.2357142857142875,-0.3242857142857112,0.15285714285714036,112886,DE
2021-04-12,1.41,3.495,2.815,0.015000000000000003,0.445,1.1,0.15499999999999997,1.3285924486978096,0.6660764931573866,0.5558066683943068,1.1384546312297303,0.0489360484929593,0.7680974444759769,1.3270465822942867,2115,26.945714285714285,-0.1471428571428568,-1.7671428571428578,-1.1914285714285704,143995,DE
2021-06-18,1.38,3.44,2.66,0.02,0.4666666666666667,1.1866666666666668,0.03333333333333334,1.401121999378661,0.737563556583431,0.07237468644557461,1.0280355747040775,0.041403933560541256,0.7432233529572064,1.2094075684675807,2124,27.767142857142858,0.8528571428571432,0.6642857142857146,0.33999999999999986,7013,DE
2021-06-24,1.9555555555555555,3.7,2.5185185185185186,0.007407407407407409,0.5370370370370371,0.6370370370370371,0.09999999999999996,1.0927500007332709,0.5916079783099616,0.4803844614152612,1.2178281541766942,0.026688025634181187,0.8845460148695783,1.182613841697914,2125,28.431428571428572,0.6642857142857146,0.33999999999999986,0.06428571428571317,4730,DE
2021-08-23,1.5599999999999998,3.02,1.968,0.012,0.5040000000000001,1.248,0.2119999999999999,1.5182226450688976,0.7702813338860895,0.6899999999999996,1.2598677179238567,0.04396968652757639,1.0975275243321538,1.5511071314816824,2134,22.06,-1.1700000000000017,-0.9771428571428551,0.16000000000000014,60774,DE
2021-08-25,0.6343749999999999,3.84375,2.63125,0.24375,1.15625,0.684375,0.4375,2.1147118121358988,0.8273305303514508,1.1423659658795862,1.4380626528591813,0.8929608234732722,1.2533664345891984,1.1514673317680502,2134,22.06,-1.1700000000000017,-0.9771428571428551,0.16000000000000014,60774,DE
2021-09-01,1.4523809523809523,2.8333333333333335,2.219047619047619,0.009523809523809526,0.7333333333333333,1.3952380952380952,0.014285714285714285,1.8664455651368586,0.9951549293116791,0.04780914437337576,1.4271016248393271,0.04364357804719849,1.0603458555270222,1.6656758959882296,2135,21.082857142857144,-0.9771428571428551,0.16000000000000014,0.35142857142857054,70526,DE
2021-09-16,1.0125,2.26875,1.55625,0.0125,0.6625,0.9062499999999999,0.0062499999999999995,1.4314910641239318,1.0768588579753615,0.024999999999999984,1.167886267293752,0.034156502553198666,0.9091204540653565,1.1664583147288203,2137,21.594285714285714,0.35142857142857054,1.4557142857142864,-0.6614285714285728,66798,DE
2020-03-11,1.6454545454545455,3.381818181818182,3.6545454545454548,0.00909090909090909,0.6818181818181818,1.609090909090909,0.045454545454545456,2.5045413298101655,0.7960127911260998,0.06875516509523286,0.5680909018170179,0.030151134457776358,0.9897658125215094,1.9180482504121448,2011,14.278571428571428,-0.07000000000000028,-0.1457142857142859,0.17857142857142883,17373,IT
2020-03-21,2.7,4.1,3.7,0,0.36,0.78,0.060000000000000005,1.2292725943057183,0.5163977794943223,0.05163977794943223,0.7888106377466155,0,0.6022181221672649,1.187714892836941,2012,14.132857142857143,-0.1457142857142859,0.17857142857142883,0.16571428571428548,34392,IT
2020-04-21,1.737037037037037,3.611111111111111,3.0148148148148146,0.014814814814814819,0.7962962962962963,0.47777777777777775,0.025925925925925925,1.0536194569738926,0.8006407690254357,0.052569313896347954,1.31052065510788,0.036201399289824555,0.9154576331336576,1.0214368964029708,2017,15.154285714285715,0.36428571428571566,0.29999999999999893,0.14428571428571502,18704,IT
2020-04-30,1.1300000000000003,3.65,3.4,0.07250000000000001,0.865,0.8150000000000001,0.275,1.7560445061820928,0.8335897041541448,0.7860155932425973,0.7778998683173857,0.3948303757831026,1.0986121781359963,1.1634497774357881,2018,15.454285714285714,0.29999999999999893,0.14428571428571502,-0.05714285714285694,13043,IT
2020-05-21,2.234375,4,3.4375,0.012500000000000002,0.7218749999999999,1.165625,0.10312500000000004,1.3736246787476252,0.762000762001143,0.44248883711088377,0.957399030303356,0.042121176958711565,0.8384834139587203,1.3207059146165834,2021,15.555714285714286,0.014285714285714235,-0.15857142857142925,0.18571428571428683,4424,IT
2020-06-03,2.125,3.5875,3.5125,0,0.41250000000000003,1.5375,0,1.1877349391654208,0.9583281573359187,0,1.032939633141398,0,0.8442029207652455,1.695319186129014,2023,15.582857142857144,0.18571428571428683,0.34142857142857075,-0.009999999999999787,2002,IT
2020-06-13,1.6,3.7,3.7,0,0.4,0.54,0,2.355843797877949,0.8366600265340756,0,0.44721359549995787,0,0.6204836822995429,1.096813566655701,2024,15.924285714285714,0.34142857142857075,-0.009999999999999787,-0.17571428571428527,1992,IT
2020-06-17,0.9333333333333331,3.261904761904762,3.2,0.3333333333333333,0.580952380952381,0.5523809523809524,0.22857142857142854,2.2459593347461424,0.8890872794479685,0.9798687958818046,1.0954451150103321,0.8302610031389726,0.8535918507220226,1.1106840449106343,2025,15.914285714285715,-0.009999999999999787,-0.17571428571428527,-0.3728571428571428,1511,IT
2020-07-08,2.5,4,4,0.025,1.1,1.9,0.07500000000000001,0,1,0.09574271077563382,0.5773502691896257,0.05,1.116542281629615,1.2000000000000002,2028,15.215714285714286,-0.15000000000000036,0.16857142857142904,0.3385714285714272,1451,IT
2020-07-28,1.1428571428571428,3.2857142857142856,2.664285714285714,0.007142857142857143,0.3142857142857143,0.3785714285714286,0.02857142857142857,1.128453186183013,0.8017837257372732,0.061124984550212674,1.3494198997843725,0.026726124191242446,0.5066589550213209,0.8997252327824838,2031,15.774285714285714,0.0514285714285716,0.04857142857142982,0.37428571428571367,1953,IT
2020-08-03,2.3,3.5,3.875,0.025,0.6125,1.7125,0.025000000000000005,0.6590035768383312,0.9258200997725514,0.07071067811865477,0.5175491695067657,0.046291004988627586,0.8983119089237801,1.4045207621920623,2032,15.822857142857144,0.04857142857142982,0.37428571428571367,-0.25428571428571445,2497,IT
2020-09-26,3,3.6,3.71,0,0.49,2.59,0.020000000000000004,0.6882472016116853,0.8522416262267904,0.06155870112510923,0.6180614856144978,0,0.8097432991549333,1.3787484790276479,2039,15.428571428571429,0.014285714285714235,-0.1285714285714299,-0.05428571428571338,11715,IT
2020-10-08,1.7538461538461538,3.423076923076923,3.423076923076923,0.007692307692307693,0.7076923076923077,1.3153846153846154,0.20769230769230768,1.6535897237098973,0.6405126152203485,0.6897602705065221,0.49354811679282445,0.02773500981126146,0.9438057166436483,1.2012813671563056,2041,15.245714285714286,-0.05428571428571338,-0.06285714285714228,-0.04714285714285715,29622,IT
2020-10-13,2.1733333333333333,4.08,3.08,0.006666666666666667,0.84,1.26,0.02666666666666667,1.1423451233985205,0.7291874146708004,0.05936168397046638,1.0564090116995406,0.025819888974716113,0.9432466727819853,1.3621411716223,2042,15.182857142857143,-0.06285714285714228,-0.04714285714285715,-0.03142857142857203,59292,IT
2020-10-19,1.8333333333333333,2.9444444444444446,3.7222222222222223,0,1.0888888888888888,1.2555555555555555,0.044444444444444446,0.7071067811865476,0.5270462766947299,0.05270462766947299,0.8333333333333334,0,1.143945414393148,1.4509575382407915,2043,15.135714285714286,-0.04714285714285715,-0.03142857142857203,-0.1457142857142859,111542,IT
2020-10-22,1.6583333333333334,3.5833333333333335,2.9333333333333336,0.02500000000000001,0.475,0.7583333333333333,0.04166666666666667,1.179721333299701,0.6685579234215215,0.06685579234215215,1.390443574307614,0.06215815605080611,0.6224949798994366,1.2766848641791924,2043,15.135714285714286,-0.04714285714285715,-0.03142857142857203,-0.1457142857142859,111542,IT
2020-11-24,0.9666666666666666,3.7466666666666666,3.566666666666667,0.25333333333333324,0.9133333333333333,1.4133333333333333,0.18666666666666673,2.695675549220764,0.5717974999528949,0.6423913656538875,0.5936168397046635,0.8998941736723954,1.1746529375988144,1.364272001925604,2048,14.60142857142857,-0.17571428571428704,-0.027142857142855803,0.005714285714285339,176311,IT
2020-12-14,2.2,4.1,3.3,0,0.37,0.45999999999999996,0,0.6749485577105528,0.6992058987801011,0,0.6324555320336759,0,0.6000925854492047,0.8461678320522471,2051,14.387142857142857,-0.19285714285714306,-0.06428571428571495,-0.03285714285714292,109474,IT
2020-12-15,1.5599999999999998,3.45,3.12,0.01,0.865,0.48500000000000004,0.01,1.3445406180864194,0.8870412083230167,0.030779350562554614,0.6362720371532589,0.030779350562554614,0.7862469144780894,0.9280851821159294,2051,14.387142857142857,-0.19285714285714306,-0.06428571428571495,-0.03285714285714292,109474,IT
2021-01-19,0.4512820512820512,2.8435897435897433,2.7051282051282053,0.2333333333333333,0.7846153846153847,0.5820512820512821,0.18717948717948718,1.9163935145382078,1.1468021606543612,0.5287420459421571,1.0966332971390493,0.656278716999085,1.0240627194861138,1.0153743916387103,2103,14.77,0.29999999999999893,0.02714285714285758,-0.11857142857142833,85537,IT
2020-03-11,1.7846153846153847,3.684615384615385,2.5923076923076924,0.007692307692307693,0.3846153846153847,1.2615384615384617,0.41538461538461546,1.770991320252659,0.7925130428434115,0.9272235920982541,1.5113247712197941,0.027735009811261455,0.7503845168158276,1.3799386831416713,2011,37,3.6000000000000014,-0.29999999999999716,1.5499999999999972,441,CA
2020-03-20,2.5272727272727273,3.7454545454545456,2.9727272727272727,0,0.6090909090909091,1.6818181818181819,0.01818181818181818,0.8343751064010828,0.8847187534619534,0.06030226891555272,1.5186118062829022,0,0.8300054764331924,1.563853050525005,2012,36.7,-0.29999999999999716,1.5499999999999972,1.2000000000000028,2067,CA
2020-03-26,1.6230769230769233,3.8846153846153846,3.453846153846154,0.30000000000000004,0.8615384615384615,1.2153846153846153,0.42307692307692313,2.626199359706547,0.6504436355879909,0.9248007408390254,0.8637277586286325,0.963500562186309,1.1383749100790286,1.8238449101856922,2013,38.25,1.5499999999999972,1.2000000000000028,-0.9000000000000057,5526,CA
2020-04-05,1.9636363636363636,3.7454545454545456,3.109090909090909,0.01818181818181818,0.33636363636363636,1.8727272727272726,0.3454545454545454,2.405108200174257,0.8847187534619534,1.0482019236422306,1.3494106457669182,0.06030226891555272,0.7201010030165591,1.5225576567676569,2014,39.45,1.2000000000000028,-0.9000000000000057,0.21666666666666856,9252,CA
2020-04-10,2.2272727272727275,3.7181818181818183,3.109090909090909,0,1.0272727272727273,1.990909090909091,0.08181818181818182,1.9021518914592017,0.7386720271110607,0.14709304414677005,0.6171783299088611,0,1.0845191645064731,1.6795562184425656,2015,38.55,-0.9000000000000057,0.21666666666666856,0.9666666666666686,9332,CA
2020-04-15,1.4545454545454544,3.9909090909090907,3.290909090909091,0.14545454545454545,1.1181818181818182,1.590909090909091,0.4181818181818182,2.4744145313037733,0.6579582744438214,0.872717802978926,1.3194351408497085,0.45025245443781053,1.250454462839956,1.6034054667828381,2016,38.766666666666666,0.21666666666666856,0.9666666666666686,0.23333333333333428,12348,CA
2020-04-23,1.4125,3.35625,2.85,0.22499999999999995,0.3875,1.4625,0.31875,1.6119863522995472,1.0695598783300229,1.1160757142774858,1.4555640372950502,0.8736894948054105,0.704154339142587,1.3083704877951556,2017,39.733333333333334,0.9666666666666686,0.23333333333333428,1.0133333333333283,11366,CA
2020-04-29,2,4.175,3.375,0.21250000000000002,2.1125,2.75,0.44999999999999996,3.1622776601683795,0.4367084676466506,1.1135528725660044,0.6408699444616557,0.5249149590988186,1.9141857649813256,1.4638501094227998,2018,39.96666666666667,0.23333333333333428,1.0133333333333283,-1.0799999999999983,10867,CA
2020-05-08,2,3.7,3.26,0,0.64,2.52,0.04,2.4608038433722332,0.7888106377466155,0.08432740427115677,1.2465062285354926,0,0.8694826047713663,1.435115171529991,2019,40.98,1.0133333333333283,-1.0799999999999983,-3.75,8825,CA
2020-05-20,2.7181818181818183,3.9363636363636365,3.5636363636363635,0,0.6818181818181818,2.272727272727273,0,1.04097856060361,0.43190908134172706,0,0.8028358826967404,0,0.9887549563144368,1.232145209860355,2021,36.15,-3.75,3.8500000000000014,1.2666666666666657,7383,CA
2020-05-27,2.4333333333333336,4,3.3333333333333335,0.06666666666666667,0.45,2.5833333333333335,0.049999999999999996,1.2436505404118419,0.5477225575051661,0.08366600265340757,1.1690451944500122,0.08164965809277261,0.7120393247567159,1.3570801990548187,2022,40,3.8500000000000014,1.2666666666666657,-2.6666666666666643,5964,CA
2020-06-04,1.53,4.04,2.94,0.04,0.53,1.81,0.060000000000000005,2.2666911763380755,0.5440588203494177,0.08432740427115679,1.2130768959779736,0.0699205898780101,0.8138386408455507,1.519100611107331,2023,41.266666666666666,1.2666666666666657,-2.6666666666666643,0.8249999999999957,4160,CA
2020-06-19,2.0444444444444443,3.577777777777778,2.2333333333333334,0,0.4,2.577777777777778,0.02222222222222222,1.7299646752976712,1.3432961119739923,0.06666666666666668,1.2806248474865698,0,0.7905694150420949,1.6475571141676528,2025,39.425,0.8249999999999957,1.2250000000000014,-3,2474,CA
2020-06-29,1.9555555555555555,3.688888888888889,3.0555555555555554,0,0.35555555555555557,1.9111111111111112,0.2555555555555556,1.171655998054795,0.8038103701191663,0.5854722690083433,0.8819171036881968,0,0.8063980268935296,1.0397649306988148,2027,37.65,-3,-0.6999999999999957,-1.1750000000000043,1900,CA
2020-07-16,2.442857142857143,3.9857142857142858,2.3714285714285714,0,0.4285714285714286,1.9428571428571428,0.02857142857142857,1.1355720186425031,0.8474050024015897,0.048795003647426664,1.820910290408148,0,0.9159954252329096,1.3439458605875743,2029,35.775,-1.1750000000000043,-0.02499999999999858,-1.9833333333333343,2908,CA
2020-08-26,1.8833333333333333,3.3916666666666666,2.8583333333333334,0.13333333333333336,0.7000000000000001,2,0.3333333333333333,1.6568498770714006,0.9976867183032896,1.0003029844032558,1.3654558568367183,0.4313474308032982,1.1685266558596537,1.5380034282973967,2035,34.65,-2.030000000000001,-0.00999999999999801,1.6266666666666652,3237,CA
2020-09-23,1.5153846153846153,3.7884615384615383,3.6192307692307693,0.10769230769230766,0.47307692307692306,2.057692307692308,0.3307692307692308,2.3677317935428928,0.7559507513466326,0.8725911898566159,0.6356220454132979,0.4890178540078691,0.887494312007775,1.6129905336171262,2039,36.55,0.14999999999999858,-1.2749999999999986,1.1583333333333314,10576,CA
2020-10-05,2.2714285714285714,3.8857142857142857,3.1785714285714284,0,0.6357142857142857,2.2285714285714286,0.014285714285714284,1.8689481086876203,0.7283882553621046,0.0534522483824849,1.234241325005628,0,0.9402185857613053,1.3864334827887712,2041,36.43333333333333,1.1583333333333314,0.81666666666667,-0.6000000000000014,15075,CA
2020-10-23,1.9272727272727272,3.9909090909090907,3.0727272727272728,0.17272727272727276,0.7272727272727273,1.2636363636363637,0.1818181818181818,2.0900195736360505,0.6579582744438214,0.5381787469199835,1.3431983539975838,0.5405384520844176,1.1402551548586912,1.404473372672282,2043,36.65,-0.6000000000000014,0.5166666666666657,-0.36666666666666714,17489,CA
2020-11-10,1.5466666666666666,3.9266666666666667,3.1666666666666665,0.026666666666666665,0.7466666666666666,1.6933333333333334,0.17333333333333334,2.414499849618865,0.8128140418734575,0.4847188679558296,0.7237468644557461,0.059361683970466365,1.0960100798980341,1.2400844825291233,2046,35.975,-0.8249999999999957,-0.07500000000000284,0.34285714285714164,31307,CA
2020-11-24,1.768421052631579,3.957894736842105,3.626315789473684,0.03684210526315789,0.9157894736842105,2.026315789473684,0.34210526315789475,1.981316238031607,0.6012170891650483,0.8643017666646581,0.6530629587338233,0.08950807732508143,1.109185465853578,1.4726552380962752,2048,36.24285714285714,0.34285714285714164,-0.9178571428571374,0.5749999999999957,38850,CA
2020-12-07,1.923076923076923,3.9923076923076923,2.8,0.023076923076923078,0.7846153846153846,2.0615384615384618,0.40769230769230774,2.3395704186003345,1.2658735708734492,0.9295711721555076,1.2987173159185437,0.0599144689515278,0.971979212608783,1.6080725841508012,2050,35.9,0.5749999999999957,0.7000000000000028,2.3500000000000014,44372,CA
2020-12-15,2.555,4.24,3.38,0.005,0.64,2.505,0.25,2.069445641508347,0.5133994033580687,0.6778448821157583,0.925430198681445,0.0223606797749979,1.1490957543353724,1.4954228411002055,2051,36.6,0.7000000000000028,2.3500000000000014,-0.8500000000000014,46965,CA
2021-01-05,0.9652173913043477,3.891304347826087,3.3130434782608695,0.30869565217391304,0.8043478260869565,1.7434782608695651,0.2739130434782609,2.8293283327018184,0.8959063686255802,0.6143861617348045,1.1989784848422531,0.8654547115288644,0.9956625299356135,1.6155005098213995,2101,38.1,-0.8500000000000014,-2.0500000000000043,0.81666666666667,55551,CA
2021-01-19,1.0529411764705883,3.8176470588235296,3.347058823529412,0.03529411764705883,0.48823529411764705,1.988235294117647,0.5176470588235293,2.405493100971925,0.7609494842938386,1.041774504222031,1.0302412624349353,0.0701888209634219,0.8290675130388784,1.5727691951384573,2103,36.86666666666667,0.81666666666667,-1.7916666666666643,0.5249999999999986,35057,CA
2021-01-26,0.9615384615384615,3.9923076923076923,3.6076923076923078,0.21538461538461537,0.6846153846153846,1.1384615384615386,0.23846153846153845,3.017045591727792,0.6343783551130173,0.683786591389523,0.8577699171509985,0.6890163929425699,0.9599011701265169,1.4841038045110262,2104,35.075,-1.7916666666666643,0.5249999999999986,-1.2000000000000028,28732,CA
2021-02-05,2.24,3.6333333333333333,3.0166666666666666,0.019999999999999997,0.8066666666666666,1.6766666666666667,0.32333333333333336,1.5151192055071279,0.7466399831028445,0.913380735408894,0.9609920640288536,0.06102571532587293,1.2950657907221745,1.669954228844845,2105,35.6,0.5249999999999986,-1.2000000000000028,-0.36666666666666714,23159,CA
2021-03-03,3.1333333333333333,3.8333333333333335,3.24,0,0.7466666666666667,3.12,0.013333333333333334,1.3205338026001165,1.196821186468953,0.03518657752744984,1.3431306712304651,0,1.0966616007988366,1.1614030923228778,2109,34.7,-0.6333333333333329,1.6499999999999986,-0.3500000000000014,20047,CA
2021-03-11,1.99,3.7,3.5,0,0.42000000000000004,2.32,0.04,2.0102238681301143,0.7888106377466155,0.06992058987801009,0.816496580927726,0,0.5731007280089988,1.371779055743955,2110,36.35,1.6499999999999986,-0.3500000000000014,0.8999999999999986,21541,CA
2021-03-29,2.5,4.5,3.5,0,0.1,0.1,0,0,0,0,0,0,0,0,2113,38.6,1.7000000000000028,-2.8800000000000026,0.6799999999999997,38178,CA
2021-04-16,2.0428571428571427,3.8047619047619046,3.0952380952380953,0.014285714285714282,0.5476190476190477,1.980952380952381,0.2571428571428572,1.966868431942368,1.0106810527937045,0.8109077805591881,1.1702462093406627,0.04780914437337577,0.8152417111624304,1.4020053664729846,2115,36.4,0.6799999999999997,-0.3571428571428541,-1.1428571428571388,59134,CA
2021-05-07,2.5933333333333333,4.06,3.006666666666667,0.006666666666666666,0.6799999999999999,2.48,0.18,1.856058291367052,0.6138869137366775,0.6427618977061857,1.1925163470976983,0.02581988897471611,1.008676643641842,1.3602520774789186,2118,36.05,1.1499999999999915,-0.8249999999999957,0.29999999999999716,49249,CA
2021-06-18,2.1214285714285714,3.7857142857142856,3.2071428571428573,0.17857142857142858,0.8857142857142857,2.585714285714286,0.028571428571428567,2.5762759561424713,0.9138735334633753,0.08254203058555569,1.3017528335135053,0.6681531047810609,1.155493329779465,1.342132140036398,2124,36.016666666666666,0.18333333333333002,1.3500000000000014,-1.3333333333333357,6003,CA
2021-07-19,2.9615384615384617,3.707692307692308,3.523076923076923,0.007692307692307693,0.7769230769230769,2.953846153846154,0,1.3357510131872512,1.2223348821426003,0,1.1917451112785862,0.02773500981126146,1.1762609164593303,1.4925455797704497,2129,37.375,1.2250000000000014,-1.134999999999998,0.759999999999998,2879,CA
2020-01-19,4.122222222222223,4.144444444444445,3.911111111111111,0.02222222222222222,1.9333333333333333,4,0.27777777777777785,0.3032234233110042,0.39086797998528583,0.8333333333333335,0.7043515536371813,0.044095855184409845,1.8186533479473213,0.6324555320336759,2003,36.98,-0.18666666666667453,-0.346666666666664,-2.6999999999999957,NA,JP
2020-01-20,3.7607142857142857,4.382142857142857,3.9035714285714285,0.037500000000000006,1.3589285714285715,2.6857142857142855,0.012499999999999999,0.5879636882506427,0.2450284902597269,0.0469525873040608,0.5510203050917237,0.201415445828223,1.2899297776114915,1.6967807563338686,2004,36.63333333333333,-0.346666666666664,-2.6999999999999957,-3.0833333333333357,3,JP
2020-03-14,3.423809523809524,4.3619047619047615,3.757142857142857,0.09523809523809525,1.3904761904761904,2.185714285714286,0.3571428571428571,0.9606793231379356,0.3057387618150347,0.7820303245855805,0.5287451451989216,0.32477098157962103,1.153214967776937,1.6035229073155501,2011,31,-5.450000000000003,8.5,-2.5,328,JP
2020-03-28,0.44999999999999984,4.433333333333334,2.488888888888889,0.6,2.1333333333333333,1.1055555555555556,1.3,3.3943291808891036,0.1283377895839495,1.706389376983563,5.471303628815789,1.0465630022349628,1.2276232416867203,1.4509519075105477,2013,37,-2.5,-2.700000000000003,-1.6749999999999972,804,JP
2020-04-07,2.4827586206896552,4.424137931034482,3.9586206896551723,0.21724137931034482,1.6275862068965516,1.7586206896551724,0.6965517241379311,2.433702201162025,0.2064239265163407,1.3083475834099967,0.531518875742843,0.635311490259048,1.228790506300559,1.8038683119062506,2015,32.625,-1.6749999999999972,0.3999999999999986,1.7250000000000014,3598,JP
2020-04-17,2.1149999999999998,4.425,4.17,0.3400000000000001,1.655,2.07,0.965,3.067190554030976,0.1332784974957957,1.5273902751528758,0.45894616127315896,0.9253164465823517,1.385061275482823,1.6695729047305858,2016,33.025,0.3999999999999986,1.7250000000000014,-2.6000000000000014,3442,JP
2020-05-04,2.6333333333333333,4.348148148148148,3.914814814814815,0.07777777777777779,0.9777777777777777,1.8555555555555556,0.3888888888888889,2.4646734843819345,0.27786323471804825,0.8413968849174079,0.4512407712277711,0.28867513459481303,1.1178046249176012,1.795150161564236,2019,34.75,1.7250000000000014,-2.6000000000000014,-6.649999999999999,764,JP
2020-05-14,2.4208333333333334,4.3875,3.8,0.20833333333333334,1.725,1.5958333333333334,0.7708333333333334,2.4133648108284262,0.14836060651405197,1.2316405343269203,0.5816019855237922,0.5732566514274362,1.1467344941179716,1.5066459053334231,2020,32.15,-2.6000000000000014,-6.649999999999999,11.899999999999999,403,JP
2020-05-25,3.088,4.416,3.8,0.12399999999999997,1.48,2.144,0.332,2.0396731764345644,0.13747727084867514,0.8086614454351917,0.6055300708194983,0.4968903299521937,1.1636866703140785,1.5911421474316283,2022,37.4,11.899999999999999,-4.600000000000001,-3.599999999999998,291,JP
2020-06-18,3.139130434782609,4.3130434782608695,3.4304347826086956,0.03478260869565218,1.4434782608695653,1.9217391304347826,0.1565217391304348,0.9094149620071847,0.23219182474467273,0.5159510961291178,0.8636259620759102,0.04869847535576739,1.1488437218495828,1.5108566268960049,2025,35.075,5.8750000000000036,-1.1750000000000043,0,410,JP
2020-06-23,1.75,4.425,4.175,0.675,1.525,1.55,1.775,3.593976442141304,0.1499999999999999,1.9922767545365445,0.4716990566028302,1.217579566188592,1.7519037264263886,1.7233687939614086,2026,33.9,-1.1750000000000043,0,-4.599999999999998,589,JP
2020-07-17,4.2,4.4,3.6333333333333333,0,0.8333333333333333,3.7333333333333334,0,0,0.17320508075688762,0,0.7505553499465134,0,1.4433756729740645,0.4041451884327381,2029,32.03333333333333,2.7333333333333307,-0.03333333333333144,10.799999999999997,3436,JP
2020-01-01,1.2392156862745098,3.447058823529412,3.6019607843137256,0.7372549019607844,1.5,2.158823529411765,0.6411764705882353,3.0839635815860436,0.7275583663669799,1.1431844069244883,0.5707854924850253,1.2472306577876804,1.3750636348911276,1.9309248012896032,2001,26.413999999999998,0.15114285714285458,0.17314285714286015,0.235714285714284,NA,DK
2020-01-10,3.428571428571429,3.4214285714285717,3.442857142857143,0.014285714285714285,1.5571428571428572,3.8785714285714286,0.014285714285714285,1.191914149869587,0.810677372447142,0.03631365196012814,0.6259937155180809,0.03631365196012814,1.1473811557122229,0.7546558782024391,2002,26.587142857142858,0.17314285714286015,0.235714285714284,0.23714285714285666,NA,DK
2020-01-27,-0.16399999999999998,3.8000000000000003,3.7560000000000002,1.304,2.068,1.348,1.656,3.7071867141180435,0.6861729616746302,1.8002499826412997,0.7083313725463058,1.672194167354178,1.2023310692151308,1.8617017304964116,2005,27.217142857142857,0.15714285714285836,0.09571428571428697,-0.019999999999999574,3,DK
2020-03-11,1.0874999999999997,3.7325,3.5275,0.41999999999999993,1.6425,1.475,1.1075000000000002,2.7006350155434715,0.6592099000376835,1.433015021303703,0.7719397810976093,0.9064441657603768,1.4432668605525556,1.7134086584260129,2011,27.72,0.3614285714285721,0.9600000000000009,1.1700000000000017,841,DK
2020-03-13,0.5210526315789473,3.710526315789474,3.4947368421052634,0.5842105263157895,2.110526315789474,1.2842105263157895,0.8842105263157894,3.0693066439920598,0.5896276950020668,1.3516504963663813,0.48473782628748724,1.0172201541973416,1.0418438445809564,1.9117366037467776,2011,27.72,0.3614285714285721,0.9600000000000009,1.1700000000000017,841,DK
2020-03-17,0.4099999999999999,3.68,3.5500000000000003,0.5533333333333333,1.9066666666666665,1.4533333333333336,1.2466666666666668,3.205528629275279,0.9323311532445673,1.4445458260914268,1.0759919240819864,1.052986993839621,1.2859809976966152,1.750809336659287,2012,28.68,0.9600000000000009,1.1700000000000017,1.1571428571428548,642,DK
2020-03-23,1.1107142857142858,3.6892857142857145,3.4392857142857145,0.4892857142857142,1.45,1.55,1.0107142857142857,2.9536342066097196,0.6522549409061674,1.2464287609344769,0.44333691369839606,0.8659566688818513,1.1387127235025816,1.7106420713569213,2013,29.85,1.1700000000000017,1.1571428571428548,1.2557142857142871,1053,DK
2020-03-30,1.9551020408163267,3.6408163265306124,3.6306122448979594,0.33673469387755106,1.7775510204081633,2.179591836734694,0.6836734693877551,2.541658023850589,0.6528521933750076,1.1096821877560836,0.5168833208248634,0.7841380292905017,1.1218038498556784,1.7504736968218941,2014,31.007142857142856,1.1571428571428548,1.2557142857142871,0.8614285714285685,2000,DK
2020-05-01,2.0275000000000003,3.4525,3.4025000000000003,0.39499999999999996,1.4575,2.6550000000000002,0.5349999999999998,2.6219964501530866,0.8941368850633382,1.1867970253953202,0.5837489361984487,1.1061483185197643,1.2687339742577628,1.6654790640595016,2018,33.82714285714286,0.17999999999999972,0.03428571428570848,0.18285714285714505,951,DK
2020-05-04,2.505263157894737,3.8526315789473684,3.942105263157895,0.5210526315789473,1.8,2.868421052631579,0.5578947368421052,2.825572446270456,0.578665534803647,1.2253415802559273,0.4811049659940059,1.2394348834889861,1.495177432800387,1.8181347681312625,2019,33.86142857142857,0.03428571428570848,0.18285714285714505,0.259999999999998,909,DK
2020-05-24,3.84,3.48,3.95,0.010000000000000002,1.86,4.18,0.09000000000000001,0.6077280093375106,0.7269418439218123,0.08755950357709132,0.39791121287711073,0.031622776601683784,1.2980326994682718,0.38528488738133043,2021,34.30428571428571,0.259999999999998,0.060000000000002274,-0.12428571428571189,437,DK
2020-06-05,1.0307692307692309,3.2192307692307693,3.330769230769231,0.55,2.207692307692308,2.0884615384615386,0.7076923076923076,2.6502481741556556,0.6675442941224085,1.2454470930306358,0.512069706793308,0.9347726996441432,1.0691765343190345,1.6869681498064921,2023,34.24,-0.12428571428571189,-0.2757142857142867,-0.2057142857142864,282,DK
2020-06-15,2.7,3.3384615384615386,3.5,0.4,1.5076923076923077,3.5461538461538464,0.05384615384615385,1.9178981550993093,0.507507736457389,0.08770580193070295,0.584522597225006,0.9327379053088816,1.1954507786197488,1.2258435086471307,2025,33.75857142857143,-0.2057142857142864,-0.2242857142857133,-0.12000000000000455,201,DK
2020-07-28,2.488235294117647,3.4,3.7176470588235295,0.4941176470588235,1.6588235294117646,3.2529411764705882,0.3529411764705882,2.865065957561269,1.1341296222213757,0.9494193271803187,0.5581613724068147,1.0377081648007391,1.2093690625329243,1.4620694439128155,2031,32.995714285714286,-0.08714285714285808,-0.08571428571428896,-0.15714285714285126,366,DK
2020-09-29,3.1476190476190475,3.9714285714285715,3.6285714285714286,0.042857142857142864,1.5809523809523809,3.033333333333333,0.05714285714285715,1.954640388311632,0.37834224868874633,0.08106434833777774,0.3900549411850299,0.050709255283711,1.451419666264395,1.6566029498142678,2040,31.56285714285714,-0.4457142857142884,-0.38428571428571345,-0.41714285714285637,3060,DK
2020-10-06,1.754205607476636,3.7878504672897195,3.7242990654205608,0.7682242990654207,1.8102803738317756,2.063551401869159,0.5196261682242991,2.8074120350752287,0.5786631112287609,1.0206767318827628,0.5250051431006528,1.2330815923393914,1.1936099185370599,1.7777658505840226,2041,31.178571428571427,-0.38428571428571345,-0.41714285714285637,-0.40142857142857125,2750,DK
2020-11-05,-0.3687499999999999,3.78125,3.61875,0.85,2.3625,1.075,1.4875,2.8267103966743155,0.7652613932506984,1.3275918047351754,0.3655475345286849,1.0954451150103321,0.9763025487351072,1.6885891546890066,2045,30.565714285714286,0.15714285714285836,-0.05428571428571516,0.01857142857143046,7827,DK
2020-12-06,3.24,3.44,3.8600000000000003,0.08,2.3,2.14,1.46,0.73348483283569,0.6066300355241241,1.4223220451079284,0.47749345545253297,0.044721359549995794,0.44721359549995793,1.9919839356781972,2049,31.06142857142857,0.3714285714285701,0.379999999999999,0.33142857142857096,11262,DK
2020-12-07,0.2809523809523811,3.780952380952381,3.5,0.861904761904762,1.957142857142857,1.3904761904761904,1.461904761904762,3.223758528118855,0.7339067022578876,1.4221378943253677,0.9669539802906859,1.2654944450593968,1.2081272402240704,1.8302745045224125,2050,31.44142857142857,0.379999999999999,0.33142857142857096,0.21000000000000085,19177,DK
2020-12-16,0.08125000000000016,4.18125,3.8625,0.8625,2.3,1.2625000000000002,1.56875,3.242266439802051,0.5166801073520572,1.6177015587967187,0.48010415536631224,1.2328152064820312,1.0677078252031311,1.7134273644754636,2051,31.77285714285714,0.33142857142857096,0.21000000000000085,0.1071428571428612,24697,DK
2021-01-01,2.2481481481481485,3.551851851851852,3.564814814814815,0.23333333333333334,1.4851851851851852,2.803703703703704,0.29074074074074086,2.5232309880681654,0.6400886556344968,0.828335115512975,0.6234890891624983,0.6252546650976823,1.300276807599118,1.7155188403757442,2153,32.153333333333336,6.4473333333333365,-6.574761904761907,-0.044285714285713595,5245,DK
2021-01-05,0.7380952380952384,4.071428571428571,3.638095238095238,0.838095238095238,2.3476190476190477,1.480952380952381,1.561904761904762,3.2276115302923607,0.3900549411850299,1.487103288435672,0.3338805032885126,1.1395069944832241,1.068933602998356,1.6527610376636568,2101,32.25,0.1599999999999966,0.14571428571428413,-0.02142857142857224,12806,DK
2021-02-24,1.2347826086956524,3.6826086956521737,3.465217391304348,0.6304347826086957,1.7434782608695651,1.6869565217391305,0.8478260869565218,2.76152275115349,0.6314861071768028,1.291887120462082,0.4820493143880369,1.0231123561372095,1.0469983446008104,1.8380583500051666,2108,32.37285714285714,-0.14714285714286035,0.03142857142857025,0.045714285714289815,3621,DK
2021-03-08,2.2125,3.5812500000000003,3.46875,0.40625,1.59375,2.30625,0.19375,2.3874323725151534,0.9056995454711604,0.6180277771535299,1.0625245095212312,0.8322409506867587,1.2385307155389136,1.7475578197396884,2110,32.45,0.045714285714289815,0.007142857142852677,-0.20714285714285552,5626,DK
2021-04-23,3.63,4.22,3.68,0,2.24,3.71,0,1.314069167805781,0.28982753492378877,0,0.5996295152471696,0,1.2598059815348994,1.3469719126000115,2116,31.33,0.07428571428571118,-0.0628571428571405,-0.17428571428571615,4993,DK
2021-05-01,2.8789473684210525,3.636842105263158,3.7342105263157896,0.48947368421052634,1.9473684210526316,3.3210526315789477,0.36052631578947364,2.208602088730389,0.6703855496699337,0.9832487446640129,0.43945686120388994,1.0894554736282216,1.3046148529935926,1.4155808462571766,2117,31.267142857142858,-0.0628571428571405,-0.17428571428571615,-0.3200000000000003,5294,DK
2021-05-12,2.0941176470588236,3.311764705882353,3.476470588235294,0.24705882352941175,2.135294117647059,2.776470588235294,0.49117647058823527,2.0921123407565405,0.6516946235415336,0.9839215437615312,0.5455377239015131,0.6556215159621545,1.220998685364288,1.485089288924552,2119,30.77285714285714,-0.3200000000000003,-0.41857142857142904,-0.17857142857142705,7452,DK
2021-06-02,1.949514563106796,3.536893203883495,3.4165048543689323,0.5563106796116507,1.3941747572815533,2.3320388349514563,0.21067961165048535,2.608615957365348,0.615325562045248,0.6756133917918404,0.580246243768606,1.0403308205841924,1.1609517092115695,1.7990309805740679,2122,30.185714285714287,0.010000000000001563,-0.41857142857142904,-0.0842857142857163,6137,DK
2021-06-05,3.573684210526316,3.268421052631579,3.3263157894736843,0.1473684210526316,1.3473684210526315,3.473684210526316,0.005263157894736841,1.2935060474295594,1.149904648983726,0.022941573387056182,0.9887377504582734,0.499297752462431,1.4116060282342835,1.04021477764245,2122,30.185714285714287,0.010000000000001563,-0.41857142857142904,-0.0842857142857163,6137,DK
2021-06-13,4.030769230769231,3.4076923076923076,3.4076923076923076,0,1.3,4.1692307692307695,0.015384615384615385,0.4802510027485894,0.6486672727749032,0.05547001962252292,0.5040858697707804,0,1.2083045973594573,0.31194180916910175,2123,29.767142857142858,-0.41857142857142904,-0.0842857142857163,0.20857142857143174,3402,DK
2021-06-17,3.6153846153846154,3.576923076923077,3.3923076923076922,0,1.2153846153846155,3.9615384615384617,0,0.7893522173763263,0.5644375462261025,0,0.7216434235612702,0,1.131257525828487,0.7263360810011454,2124,29.68285714285714,-0.0842857142857163,0.20857142857143174,0.4657142857142844,1796,DK
2021-06-18,1.8588235294117645,3.588235294117647,3.485294117647059,0.4,1.561764705882353,2.2176470588235295,0.311764705882353,2.4167493378200877,0.6498320090059421,0.7873102295184892,0.6015799163219507,0.906541880895848,1.237792440103422,1.6734052721893424,2124,29.68285714285714,-0.0842857142857163,0.20857142857143174,0.4657142857142844,1796,DK
2021-08-17,2.966666666666667,4.3,4.144444444444445,0.48888888888888893,1.1555555555555557,3,0.4,2.854382595238417,0.1499999999999999,1.1629703349613008,0.39086797998528583,1.3923401563953801,1.2299503151663393,1.854049621773916,2133,29.124285714285715,-0.42571428571428527,-0.48285714285714576,0.09857142857142875,6749,DK
2021-08-21,2.8000000000000003,4.125,3.8833333333333333,0.7333333333333333,1.5166666666666666,3.408333333333333,0.45,3.2796895640233448,0.4634357854899935,0.9605869417846948,1.2776635873438056,1.2914638159386378,1.2590280041172695,1.6860164634876835,2133,29.124285714285715,-0.42571428571428527,-0.48285714285714576,0.09857142857142875,6749,DK
2021-08-23,2.2944444444444443,3.938888888888889,3.65,0.6666666666666667,2.1277777777777778,2.85,0.7555555555555555,2.962008901408999,0.630722171416496,1.4548993182154533,0.5873670062235365,1.1535112636182263,1.0823751418581353,1.8693345780533464,2134,28.64142857142857,-0.48285714285714576,0.09857142857142875,0.21000000000000085,6665,DK
2021-08-24,1.8977777777777778,3.4266666666666667,3.448888888888889,0.35111111111111115,1.411111111111111,2.086666666666667,0.21999999999999995,2.5779210165706723,0.7110811231050671,0.592605955236545,0.5471505618874363,0.9084507847334538,1.170124745141269,1.714854883868391,2134,28.64142857142857,-0.48285714285714576,0.09857142857142875,0.21000000000000085,6665,DK
2021-09-05,1.2592592592592593,3.7777777777777777,3.8111111111111113,0.7222222222222222,1.8925925925925926,2.107407407407407,0.6481481481481483,3.333733728573094,0.7652023204322946,1.3055383825089373,0.584925948116404,1.3713602483729839,1.2580085868039204,1.8546068954222803,2135,28.74,0.09857142857142875,0.21000000000000085,-0.0628571428571405,4929,DK
2021-09-18,2.477777777777778,3.582828282828283,3.6,0.4787878787878788,1.5474747474747474,2.7151515151515153,0.385858585858586,2.396321822427862,0.6712827203350988,0.9959110382581923,0.5660460787473988,0.9772172828039626,1.2826426351317974,1.6542686673414584,2137,28.88714285714286,-0.0628571428571405,-0.33000000000000185,-0.5028571428571418,2376,DK
2021-10-05,2.3214285714285716,3.4964285714285714,3.532142857142857,0.49196428571428574,1.7035714285714285,2.6401785714285717,0.30089285714285713,2.4072498820961648,0.7322590704138431,0.8391861711553823,0.5167839365398627,0.9803601464416107,1.2732825260908882,1.6928285312734532,2140,27.672857142857143,-0.38142857142857167,-0.2857142857142847,-0.38142857142857167,3967,DK
2021-10-29,2.0160000000000005,3.8720000000000003,3.6413333333333333,0.484,1.468,1.9986666666666666,0.5613333333333332,2.700552496024431,0.5020390853740802,1.1281284828750098,0.46675803481361017,1.012494911565459,1.265675762245266,1.7917599179587655,2143,26.412857142857142,-0.5928571428571452,-0.1642857142857146,-0.16857142857142904,11970,DK
2021-11-02,1.2125,4.025,4.0125,0.775,1.8125,2.4875,0.675,3.2869601675190934,0.3240370349203931,1.3209844813622904,0.5303300858899106,1.3997448747131438,1.4642770034584107,1.172832347049532,2144,26.248571428571427,-0.1642857142857146,-0.16857142857142904,-0.048571428571428044,15311,DK
